1.187722882040187222e-01,0.000000000000000000e+00,1.000000000000000000e+00,5.500000000000000000e+00,0.000000000000000000e+00,0.000000000000000000e+00,0.000000000000000000e+00,0.000000000000000000e+00,1.723699999999999832e+01,3.013090000000000146e+03,1.353099999999999969e+00,-9.079600000000000364e+02,-2.181829999999999927e+03,1.966600000000000037e+01,3.301699999999999857e+00,1.187500000000000000e+00,1.229900000000000091e+03,9.142400000000000526e-01,7.900800000000000267e+00,3.820999999999999952e-01,2.168400000000000105e+00,3.478699999999999903e+00,5.698999999999999622e-01
1.187722882040187222e-01,1.027773459159410851e-03,1.000141414141414220e+00,5.500000000000000000e+00,1.101010101010101031e-03,7.747474747474748400e-04,9.751919191919191121e+01,1.349494949494949525e+00,1.723458585858585579e+01,3.013055454545454722e+03,1.352927272727272756e+00,-9.080502020202020503e+02,-2.181904848484848571e+03,1.966601010101010161e+01,3.301670707070706978e+00,1.187501010101010168e+00,1.229892929292929466e+03,9.142324242424243463e-01,7.900655555555555765e+00,3.820999999999999952e-01,2.168396969696969823e+00,3.478663636363636069e+00,5.698999999999999622e-01
1.187722882040187222e-01,2.055546918318821702e-03,1.000282828282828218e+00,5.500000000000000000e+00,2.202020202020202062e-03,1.549494949494949680e-03,1.950383838383838224e+02,2.698989898989899050e+00,1.723217171717171681e+01,3.013020909090909299e+03,1.352754545454545321e+00,-9.081404040404040643e+02,-2.181979696969696761e+03,1.966602020202020285e+01,3.301641414141414099e+00,1.187502020202020114e+00,1.229885858585858614e+03,9.142248484848485290e-01,7.900511111111111262e+00,3.820999999999999952e-01,2.168393939393939540e+00,3.478627272727272679e+00,5.698999999999999622e-01
1.187722882040187222e-01,3.083320377478232337e-03,1.000424242424242438e+00,5.500000000000000000e+00,3.303030303030303309e-03,2.324242424242424412e-03,2.925575757575757052e+02,4.048484848484848797e+00,1.722975757575757427e+01,3.012986363636363876e+03,1.352581818181818107e+00,-9.082306060606060782e+02,-2.182054545454545405e+03,1.966603030303030408e+01,3.301612121212121220e+00,1.187503030303030283e+00,1.229878787878787989e+03,9.142172727272728228e-01,7.900366666666666760e+00,3.820999999999999952e-01,2.168390909090909258e+00,3.478590909090908845e+00,5.698999999999999622e-01
1.187722882040187222e-01,4.111093836637643405e-03,1.000565656565656658e+00,5.500000000000000000e+00,4.404040404040404123e-03,3.098989898989899360e-03,3.900767676767676448e+02,5.397979797979798100e+00,1.722734343434343174e+01,3.012951818181818453e+03,1.352409090909090894e+00,-9.083208080808080922e+02,-2.182129393939394049e+03,1.966604040404040532e+01,3.301582828282828341e+00,1.187504040404040451e+00,1.229871717171717364e+03,9.142096969696970055e-01,7.900222222222222257e+00,3.820999999999999952e-01,2.168387878787878975e+00,3.478554545454545455e+00,5.698999999999999622e-01
1.187722882040187222e-01,5.138867295797054473e-03,1.000707070707070656e+00,5.500000000000000000e+00,5.505050505050504937e-03,3.873737373737374309e-03,4.875959595959595845e+02,6.747474747474747403e+00,1.722492929292929276e+01,3.012917272727273030e+03,1.352236363636363681e+00,-9.084110101010101062e+02,-2.182204242424242238e+03,1.966605050505050656e+01,3.301553535353535018e+00,1.187505050505050397e+00,1.229864646464646512e+03,9.142021212121212992e-01,7.900077777777777754e+00,3.820999999999999952e-01,2.168384848484848693e+00,3.478518181818181620e+00,5.698999999999999622e-01
1.187722882040187222e-01,6.166640754956464673e-03,1.000848484848484876e+00,5.500000000000000000e+00,6.606060606060606619e-03,4.648484848484848823e-03,5.851151515151514104e+02,8.096969696969697594e+00,1.722251515151515022e+01,3.012882727272727607e+03,1.352063636363636245e+00,-9.085012121212121201e+02,-2.182279090909090883e+03,1.966606060606060780e+01,3.301524242424242139e+00,1.187506060606060565e+00,1.229857575757575887e+03,9.141945454545454819e-01,7.899933333333333252e+00,3.820999999999999952e-01,2.168381818181818410e+00,3.478481818181818230e+00,5.698999999999999622e-01
1.187722882040187222e-01,7.194414214115875741e-03,1.000989898989899096e+00,5.500000000000000000e+00,7.707070707070707433e-03,5.423232323232323772e-03,6.826343434343433501e+02,9.446464646464646009e+00,1.722010101010100769e+01,3.012848181818182184e+03,1.351890909090909032e+00,-9.085914141414141341e+02,-2.182353939393939527e+03,1.966607070707070903e+01,3.301494949494949260e+00,1.187507070707070733e+00,1.229850505050505035e+03,9.141869696969697756e-01,7.899788888888888749e+00,3.820999999999999952e-01,2.168378787878788128e+00,3.478445454545454396e+00,5.698999999999999622e-01
1.187722882040187222e-01,8.222187673275286809e-03,1.001131313131313094e+00,5.500000000000000000e+00,8.808080808080808247e-03,6.197979797979798720e-03,7.801535353535352897e+02,1.079595959595959620e+01,1.721768686868686871e+01,3.012813636363636306e+03,1.351718181818181819e+00,-9.086816161616161480e+02,-2.182428787878787716e+03,1.966608080808081027e+01,3.301465656565656381e+00,1.187508080808080901e+00,1.229843434343434410e+03,9.141793939393939583e-01,7.899644444444444247e+00,3.820999999999999952e-01,2.168375757575757845e+00,3.478409090909091006e+00,5.698999999999999622e-01
1.187722882040187222e-01,9.249961132434697877e-03,1.001272727272727314e+00,5.500000000000000000e+00,9.909090909090909061e-03,6.972727272727273669e-03,8.776727272727272293e+02,1.214545454545454639e+01,1.721527272727272617e+01,3.012779090909090883e+03,1.351545454545454605e+00,-9.087718181818181620e+02,-2.182503636363636360e+03,1.966609090909090796e+01,3.301436363636363502e+00,1.187509090909090848e+00,1.229836363636363785e+03,9.141718181818182520e-01,7.899500000000000632e+00,3.820999999999999952e-01,2.168372727272727563e+00,3.478372727272727172e+00,5.698999999999999622e-01
1.187722882040187222e-01,1.027773459159410895e-02,1.001414141414141312e+00,5.500000000000000000e+00,1.101010101010100987e-02,7.747474747474748617e-03,9.751919191919191690e+02,1.349494949494949481e+01,1.721285858585858364e+01,3.012744545454545460e+03,1.351372727272727170e+00,-9.088620202020202896e+02,-2.182578484848484550e+03,1.966610101010100919e+01,3.301407070707070623e+00,1.187510101010101016e+00,1.229829292929292933e+03,9.141642424242424347e-01,7.899355555555556130e+00,3.820999999999999952e-01,2.168369696969696836e+00,3.478336363636363338e+00,5.698999999999999622e-01
1.187722882040187222e-01,1.130550805075352001e-02,1.001555555555555532e+00,5.500000000000000000e+00,1.211111111111111069e-02,8.522222222222222698e-03,1.072711111111110995e+03,1.484444444444444500e+01,1.721044444444444466e+01,3.012710000000000036e+03,1.351199999999999957e+00,-9.089522222222223036e+02,-2.182653333333333194e+03,1.966611111111111043e+01,3.301377777777777744e+00,1.187511111111111184e+00,1.229822222222222308e+03,9.141566666666667285e-01,7.899211111111111627e+00,3.820999999999999952e-01,2.168366666666666553e+00,3.478299999999999947e+00,5.698999999999999622e-01
1.187722882040187222e-01,1.233328150991292935e-02,1.001696969696969752e+00,5.500000000000000000e+00,1.321212121212121324e-02,9.296969696969697647e-03,1.170230303030302821e+03,1.619393939393939519e+01,1.720803030303030212e+01,3.012675454545454613e+03,1.351027272727272743e+00,-9.090424242424243175e+02,-2.182728181818181838e+03,1.966612121212121167e+01,3.301348484848484865e+00,1.187512121212121130e+00,1.229815151515151683e+03,9.141490909090909112e-01,7.899066666666667125e+00,3.820999999999999952e-01,2.168363636363636271e+00,3.478263636363636113e+00,5.698999999999999622e-01
1.187722882040187222e-01,1.336105496907234041e-02,1.001838383838383750e+00,5.500000000000000000e+00,1.431313131313131405e-02,1.007171717171717260e-02,1.267749494949494874e+03,1.754343434343434538e+01,1.720561616161615959e+01,3.012640909090909190e+03,1.350854545454545530e+00,-9.091326262626263315e+02,-2.182803030303030027e+03,1.966613131313131291e+01,3.301319191919191987e+00,1.187513131313131298e+00,1.229808080808080831e+03,9.141415151515152049e-01,7.898922222222222622e+00,3.820999999999999952e-01,2.168360606060605988e+00,3.478227272727272723e+00,5.698999999999999622e-01
1.187722882040187222e-01,1.438882842823175148e-02,1.001979797979797970e+00,5.500000000000000000e+00,1.541414141414141487e-02,1.084646464646464754e-02,1.365268686868686700e+03,1.889292929292929202e+01,1.720320202020202061e+01,3.012606363636363767e+03,1.350681818181818095e+00,-9.092228282828283454e+02,-2.182877878787878672e+03,1.966614141414141415e+01,3.301289898989898663e+00,1.187514141414141466e+00,1.229801010101010206e+03,9.141339393939393876e-01,7.898777777777778120e+00,3.820999999999999952e-01,2.168357575757575706e+00,3.478190909090908889e+00,5.698999999999999622e-01
1.187722882040187222e-01,1.541660188739116255e-02,1.002121212121212190e+00,5.500000000000000000e+00,1.651515151515151394e-02,1.162121212121212249e-02,1.462787878787878753e+03,2.024242424242424221e+01,1.720078787878787807e+01,3.012571818181818344e+03,1.350509090909090881e+00,-9.093130303030303594e+02,-2.182952727272727316e+03,1.966615151515151538e+01,3.301260606060605785e+00,1.187515151515151413e+00,1.229793939393939581e+03,9.141263636363636813e-01,7.898633333333333617e+00,3.820999999999999952e-01,2.168354545454545423e+00,3.478154545454545499e+00,5.698999999999999622e-01
1.187722882040187222e-01,1.644437534655057362e-02,1.002262626262626188e+00,5.500000000000000000e+00,1.761616161616161649e-02,1.239595959595959744e-02,1.560307070707070579e+03,2.159191919191919240e+01,1.719837373737373554e+01,3.012537272727272921e+03,1.350336363636363668e+00,-9.094032323232323733e+02,-2.183027575757575505e+03,1.966616161616161662e+01,3.301231313131312906e+00,1.187516161616161581e+00,1.229786868686868729e+03,9.141187878787879750e-01,7.898488888888889115e+00,3.820999999999999952e-01,2.168351515151515141e+00,3.478118181818181665e+00,5.698999999999999622e-01
1.187722882040187222e-01,1.747214880570998469e-02,1.002404040404040408e+00,5.500000000000000000e+00,1.871717171717171904e-02,1.317070707070707239e-02,1.657826262626262405e+03,2.294141414141414259e+01,1.719595959595959300e+01,3.012502727272727498e+03,1.350163636363636455e+00,-9.094934343434343873e+02,-2.183102424242424149e+03,1.966617171717171786e+01,3.301202020202020027e+00,1.187517171717171749e+00,1.229779797979798104e+03,9.141112121212121577e-01,7.898344444444444612e+00,3.820999999999999952e-01,2.168348484848484858e+00,3.478081818181818274e+00,5.698999999999999622e-01
1.187722882040187222e-01,1.849992226486939575e-02,1.002545454545454628e+00,5.500000000000000000e+00,1.981818181818181812e-02,1.394545454545454734e-02,1.755345454545454459e+03,2.429090909090909278e+01,1.719354545454545402e+01,3.012468181818182074e+03,1.349990909090909019e+00,-9.095836363636364013e+02,-2.183177272727272793e+03,1.966618181818181910e+01,3.301172727272727148e+00,1.187518181818181917e+00,1.229772727272727252e+03,9.141036363636364515e-01,7.898200000000000109e+00,3.820999999999999952e-01,2.168345454545454576e+00,3.478045454545454440e+00,5.698999999999999622e-01
1.187722882040187222e-01,1.952769572402880682e-02,1.002686868686868626e+00,5.500000000000000000e+00,2.091919191919192067e-02,1.472020202020202229e-02,1.852864646464646285e+03,2.564040404040403942e+01,1.719113131313131149e+01,3.012433636363636651e+03,1.349818181818181806e+00,-9.096738383838384152e+02,-2.183252121212120983e+03,1.966619191919192033e+01,3.301143434343434269e+00,1.187519191919191863e+00,1.229765656565656627e+03,9.140960606060606342e-01,7.898055555555555607e+00,3.820999999999999952e-01,2.168342424242424293e+00,3.478009090909090606e+00,5.698999999999999622e-01
1.187722882040187222e-01,2.055546918318821789e-02,1.002828282828282846e+00,5.500000000000000000e+00,2.202020202020201975e-02,1.549494949494949723e-02,1.950383838383838338e+03,2.698989898989898961e+01,1.718871717171716895e+01,3.012399090909091228e+03,1.349645454545454593e+00,-9.097640404040404292e+02,-2.183326969696969627e+03,1.966620202020202157e+01,3.301114141414141390e+00,1.187520202020202031e+00,1.229758585858586002e+03,9.140884848484849279e-01,7.897911111111111104e+00,3.820999999999999952e-01,2.168339393939394011e+00,3.477972727272727216e+00,5.698999999999999622e-01
1.187722882040187222e-01,2.158324264234762896e-02,1.002969696969697067e+00,5.500000000000000000e+00,2.312121212121212230e-02,1.626969696969697218e-02,2.047903030303030164e+03,2.833939393939393980e+01,1.718630303030302997e+01,3.012364545454545805e+03,1.349472727272727157e+00,-9.098542424242424431e+02,-2.183401818181818271e+03,1.966621212121212281e+01,3.301084848484848511e+00,1.187521212121212200e+00,1.229751515151515150e+03,9.140809090909091106e-01,7.897766666666666602e+00,3.820999999999999952e-01,2.168336363636363728e+00,3.477936363636363382e+00,5.698999999999999622e-01
1.187722882040187222e-01,2.261101610150704003e-02,1.003111111111111065e+00,5.500000000000000000e+00,2.422222222222222138e-02,1.704444444444444540e-02,2.145422222222221990e+03,2.968888888888888999e+01,1.718388888888888744e+01,3.012329999999999927e+03,1.349299999999999944e+00,-9.099444444444444571e+02,-2.183476666666666461e+03,1.966622222222222405e+01,3.301055555555555632e+00,1.187522222222222146e+00,1.229744444444444525e+03,9.140733333333334043e-01,7.897622222222222099e+00,3.820999999999999952e-01,2.168333333333333446e+00,3.477899999999999991e+00,5.698999999999999622e-01
1.187722882040187222e-01,2.363878956066645110e-02,1.003252525252525285e+00,5.500000000000000000e+00,2.532323232323232393e-02,1.781919191919192208e-02,2.242941414141414043e+03,3.103838383838384019e+01,1.718147474747474490e+01,3.012295454545454504e+03,1.349127272727272731e+00,-9.100346464646464710e+02,-2.183551515151515105e+03,1.966623232323232529e+01,3.301026262626262309e+00,1.187523232323232314e+00,1.229737373737373900e+03,9.140657575757575870e-01,7.897477777777777597e+00,3.820999999999999952e-01,2.168330303030303163e+00,3.477863636363636157e+00,5.698999999999999622e-01
1.187722882040187222e-01,2.466656301982585869e-02,1.003393939393939505e+00,5.500000000000000000e+00,2.642424242424242647e-02,1.859393939393939529e-02,2.340460606060605642e+03,3.238787878787879038e+01,1.717906060606060592e+01,3.012260909090909081e+03,1.348954545454545517e+00,-9.101248484848484850e+02,-2.183626363636363749e+03,1.966624242424242652e+01,3.300996969696969430e+00,1.187524242424242482e+00,1.229730303030303048e+03,9.140581818181818807e-01,7.897333333333333094e+00,3.820999999999999952e-01,2.168327272727272881e+00,3.477827272727272767e+00,5.698999999999999622e-01
1.187722882040187222e-01,2.569433647898526976e-02,1.003535353535353503e+00,5.500000000000000000e+00,2.752525252525252555e-02,1.936868686868687198e-02,2.437979797979797695e+03,3.373737373737373701e+01,1.717664646464646339e+01,3.012226363636363658e+03,1.348781818181818082e+00,-9.102150505050504989e+02,-2.183701212121211938e+03,1.966625252525252421e+01,3.300967676767676551e+00,1.187525252525252428e+00,1.229723232323232423e+03,9.140506060606060634e-01,7.897188888888889480e+00,3.820999999999999952e-01,2.168324242424242598e+00,3.477790909090908933e+00,5.698999999999999622e-01
1.187722882040187222e-01,2.672210993814468083e-02,1.003676767676767723e+00,5.500000000000000000e+00,2.862626262626262810e-02,2.014343434343434519e-02,2.535498989898989748e+03,3.508686868686869076e+01,1.717423232323232085e+01,3.012191818181818235e+03,1.348609090909090868e+00,-9.103052525252525129e+02,-2.183776060606060582e+03,1.966626262626262545e+01,3.300938383838383672e+00,1.187526262626262596e+00,1.229716161616161799e+03,9.140430303030303572e-01,7.897044444444444977e+00,3.820999999999999952e-01,2.168321212121212316e+00,3.477754545454545543e+00,5.698999999999999622e-01
1.187722882040187222e-01,2.774988339730409190e-02,1.003818181818181721e+00,5.500000000000000000e+00,2.972727272727272718e-02,2.091818181818182187e-02,2.633018181818181802e+03,3.643636363636363740e+01,1.717181818181818187e+01,3.012157272727272812e+03,1.348436363636363655e+00,-9.103954545454545269e+02,-2.183850909090908772e+03,1.966627272727272668e+01,3.300909090909090793e+00,1.187527272727272765e+00,1.229709090909090946e+03,9.140354545454545399e-01,7.896900000000000475e+00,3.820999999999999952e-01,2.168318181818182033e+00,3.477718181818181709e+00,5.698999999999999622e-01
1.187722882040187222e-01,2.877765685646350297e-02,1.003959595959595941e+00,5.500000000000000000e+00,3.082828282828282973e-02,2.169292929292929509e-02,2.730537373737373400e+03,3.778585858585858404e+01,1.716940404040403934e+01,3.012122727272727388e+03,1.348263636363636442e+00,-9.104856565656565408e+02,-2.183925757575757416e+03,1.966628282828282792e+01,3.300879797979797914e+00,1.187528282828282933e+00,1.229702020202020321e+03,9.140278787878788336e-01,7.896755555555555972e+00,3.820999999999999952e-01,2.168315151515151751e+00,3.477681818181817874e+00,5.698999999999999622e-01
1.187722882040187222e-01,2.980543031562291403e-02,1.004101010101010161e+00,5.500000000000000000e+00,3.192929292929293228e-02,2.246767676767677177e-02,2.828056565656565454e+03,3.913535353535353778e+01,1.716698989898989680e+01,3.012088181818181965e+03,1.348090909090909006e+00,-9.105758585858585548e+02,-2.184000606060606060e+03,1.966629292929292916e+01,3.300850505050505035e+00,1.187529292929292879e+00,1.229694949494949469e+03,9.140203030303031273e-01,7.896611111111111470e+00,3.820999999999999952e-01,2.168312121212121468e+00,3.477645454545454484e+00,5.698999999999999622e-01
1.187722882040187222e-01,3.083320377478232510e-02,1.004242424242424159e+00,5.500000000000000000e+00,3.303030303030302789e-02,2.324242424242424498e-02,2.925575757575757507e+03,4.048484848484848442e+01,1.716457575757575782e+01,3.012053636363636542e+03,1.347918181818181793e+00,-9.106660606060606824e+02,-2.184075454545454249e+03,1.966630303030303040e+01,3.300821212121212156e+00,1.187530303030303047e+00,1.229687878787878844e+03,9.140127272727273100e-01,7.896466666666666967e+00,3.820999999999999952e-01,2.168309090909090742e+00,3.477609090909090650e+00,5.698999999999999622e-01
1.187722882040187222e-01,3.186097723394173964e-02,1.004383838383838379e+00,5.500000000000000000e+00,3.413131313131313044e-02,2.401717171717172167e-02,3.023094949494949105e+03,4.183434343434343816e+01,1.716216161616161529e+01,3.012019090909091119e+03,1.347745454545454580e+00,-9.107562626262626964e+02,-2.184150303030302894e+03,1.966631313131313163e+01,3.300791919191919277e+00,1.187531313131313215e+00,1.229680808080808220e+03,9.140051515151516037e-01,7.896322222222222464e+00,3.820999999999999952e-01,2.168306060606060459e+00,3.477572727272727260e+00,5.698999999999999622e-01
1.187722882040187222e-01,3.288875069310114724e-02,1.004525252525252599e+00,5.500000000000000000e+00,3.523232323232323299e-02,2.479191919191919488e-02,3.120614141414141159e+03,4.318383838383838480e+01,1.715974747474747275e+01,3.011984545454545696e+03,1.347572727272727366e+00,-9.108464646464647103e+02,-2.184225151515151538e+03,1.966632323232323287e+01,3.300762626262625954e+00,1.187532323232323161e+00,1.229673737373737367e+03,9.139975757575757864e-01,7.896177777777777962e+00,3.820999999999999952e-01,2.168303030303030177e+00,3.477536363636363426e+00,5.698999999999999622e-01
1.187722882040187222e-01,3.391652415226055484e-02,1.004666666666666597e+00,5.500000000000000000e+00,3.633333333333333554e-02,2.556666666666666810e-02,3.218133333333333212e+03,4.453333333333333144e+01,1.715733333333333377e+01,3.011950000000000273e+03,1.347399999999999931e+00,-9.109366666666667243e+02,-2.184299999999999727e+03,1.966633333333333411e+01,3.300733333333333075e+00,1.187533333333333330e+00,1.229666666666666742e+03,9.139900000000000801e-01,7.896033333333333459e+00,3.820999999999999952e-01,2.168299999999999894e+00,3.477500000000000036e+00,5.698999999999999622e-01
1.187722882040187222e-01,3.494429761141996937e-02,1.004808080808080817e+00,5.500000000000000000e+00,3.743434343434343808e-02,2.634141414141414478e-02,3.315652525252524811e+03,4.588282828282828518e+01,1.715491919191919123e+01,3.011915454545454850e+03,1.347227272727272718e+00,-9.110268686868687382e+02,-2.184374848484848371e+03,1.966634343434343535e+01,3.300704040404040196e+00,1.187534343434343498e+00,1.229659595959596118e+03,9.139824242424242629e-01,7.895888888888888957e+00,3.820999999999999952e-01,2.168296969696969612e+00,3.477463636363636201e+00,5.698999999999999622e-01
1.187722882040187222e-01,3.597207107057937697e-02,1.004949494949495037e+00,5.500000000000000000e+00,3.853535353535353369e-02,2.711616161616161799e-02,3.413171717171716864e+03,4.723232323232323182e+01,1.715250505050504870e+01,3.011880909090909427e+03,1.347054545454545504e+00,-9.111170707070707522e+02,-2.184449696969697015e+03,1.966635353535353659e+01,3.300674747474747317e+00,1.187535353535353444e+00,1.229652525252525265e+03,9.139748484848485566e-01,7.895744444444444454e+00,3.820999999999999952e-01,2.168293939393939329e+00,3.477427272727272811e+00,5.698999999999999622e-01
1.187722882040187222e-01,3.699984452973879151e-02,1.005090909090909035e+00,5.500000000000000000e+00,3.963636363636363624e-02,2.789090909090909468e-02,3.510690909090908917e+03,4.858181818181818556e+01,1.715009090909090972e+01,3.011846363636363549e+03,1.346881818181818291e+00,-9.112072727272727661e+02,-2.184524545454545205e+03,1.966636363636363782e+01,3.300645454545454438e+00,1.187536363636363612e+00,1.229645454545454641e+03,9.139672727272727393e-01,7.895599999999999952e+00,3.820999999999999952e-01,2.168290909090909047e+00,3.477390909090908977e+00,5.698999999999999622e-01
1.187722882040187222e-01,3.802761798889819911e-02,1.005232323232323255e+00,5.500000000000000000e+00,4.073737373737373879e-02,2.866565656565656789e-02,3.608210101010100516e+03,4.993131313131313220e+01,1.714767676767676718e+01,3.011811818181818126e+03,1.346709090909090856e+00,-9.112974747474747801e+02,-2.184599393939393849e+03,1.966637373737373906e+01,3.300616161616161559e+00,1.187537373737373780e+00,1.229638383838384016e+03,9.139596969696970330e-01,7.895455555555555449e+00,3.820999999999999952e-01,2.168287878787878764e+00,3.477354545454545143e+00,5.698999999999999622e-01
1.187722882040187222e-01,3.905539144805761365e-02,1.005373737373737475e+00,5.500000000000000000e+00,4.183838383838384134e-02,2.944040404040404457e-02,3.705729292929292569e+03,5.128080808080807884e+01,1.714526262626262465e+01,3.011777272727272702e+03,1.346536363636363642e+00,-9.113876767676767940e+02,-2.184674242424242493e+03,1.966638383838384030e+01,3.300586868686868680e+00,1.187538383838383726e+00,1.229631313131313163e+03,9.139521212121212157e-01,7.895311111111110947e+00,3.820999999999999952e-01,2.168284848484848482e+00,3.477318181818181753e+00,5.698999999999999622e-01
1.187722882040187222e-01,4.008316490721702124e-02,1.005515151515151473e+00,5.500000000000000000e+00,4.293939393939393695e-02,3.021515151515151779e-02,3.803248484848484622e+03,5.263030303030303259e+01,1.714284848484848567e+01,3.011742727272727279e+03,1.346363636363636429e+00,-9.114778787878788080e+02,-2.184749090909090683e+03,1.966639393939394154e+01,3.300557575757575801e+00,1.187539393939393895e+00,1.229624242424242539e+03,9.139445454545455094e-01,7.895166666666666444e+00,3.820999999999999952e-01,2.168281818181818199e+00,3.477281818181817918e+00,5.698999999999999622e-01
1.187722882040187222e-01,4.111093836637643578e-02,1.005656565656565693e+00,5.500000000000000000e+00,4.404040404040403950e-02,3.098989898989899447e-02,3.900767676767676676e+03,5.397979797979797922e+01,1.714043434343434313e+01,3.011708181818181856e+03,1.346190909090908994e+00,-9.115680808080808220e+02,-2.184823939393939327e+03,1.966640404040404277e+01,3.300528282828282922e+00,1.187540404040404063e+00,1.229617171717171686e+03,9.139369696969696921e-01,7.895022222222221941e+00,3.820999999999999952e-01,2.168278787878787917e+00,3.477245454545454528e+00,5.698999999999999622e-01
1.187722882040187222e-01,4.213871182553584338e-02,1.005797979797979913e+00,5.500000000000000000e+00,4.514141414141414205e-02,3.176464646464646768e-02,3.998286868686868274e+03,5.532929292929293297e+01,1.713802020202020060e+01,3.011673636363636433e+03,1.346018181818181780e+00,-9.116582828282828359e+02,-2.184898787878787971e+03,1.966641414141414401e+01,3.300498989898989599e+00,1.187541414141414231e+00,1.229610101010101062e+03,9.139293939393939858e-01,7.894877777777777439e+00,3.820999999999999952e-01,2.168275757575757634e+00,3.477209090909090694e+00,5.698999999999999622e-01
1.187722882040187222e-01,4.316648528469525792e-02,1.005939393939393911e+00,5.500000000000000000e+00,4.624242424242424460e-02,3.253939393939394437e-02,4.095806060606060328e+03,5.667878787878787961e+01,1.713560606060606162e+01,3.011639090909091010e+03,1.345845454545454567e+00,-9.117484848484848499e+02,-2.184973636363636160e+03,1.966642424242424170e+01,3.300469696969696720e+00,1.187542424242424177e+00,1.229603030303030437e+03,9.139218181818181685e-01,7.894733333333333825e+00,3.820999999999999952e-01,2.168272727272727352e+00,3.477172727272727304e+00,5.698999999999999622e-01
1.187722882040187222e-01,4.419425874385466552e-02,1.006080808080808131e+00,5.500000000000000000e+00,4.734343434343434714e-02,3.331414141414142105e-02,4.193325252525251926e+03,5.802828282828282624e+01,1.713319191919191908e+01,3.011604545454545587e+03,1.345672727272727354e+00,-9.118386868686868638e+02,-2.185048484848484804e+03,1.966643434343434294e+01,3.300440404040403841e+00,1.187543434343434345e+00,1.229595959595959584e+03,9.139142424242424623e-01,7.894588888888889322e+00,3.820999999999999952e-01,2.168269696969697069e+00,3.477136363636363470e+00,5.698999999999999622e-01
1.187722882040187222e-01,4.522203220301408005e-02,1.006222222222222129e+00,5.500000000000000000e+00,4.844444444444444275e-02,3.408888888888889079e-02,4.290844444444443980e+03,5.937777777777777999e+01,1.713077777777777655e+01,3.011570000000000164e+03,1.345499999999999918e+00,-9.119288888888888778e+02,-2.185123333333332994e+03,1.966644444444444417e+01,3.300411111111110962e+00,1.187544444444444514e+00,1.229588888888888960e+03,9.139066666666667560e-01,7.894444444444444819e+00,3.820999999999999952e-01,2.168266666666666787e+00,3.477100000000000080e+00,5.698999999999999622e-01
1.187722882040187222e-01,4.624980566217348765e-02,1.006363636363636349e+00,5.500000000000000000e+00,4.954545454545454530e-02,3.486363636363636748e-02,4.388363636363636033e+03,6.072727272727272663e+01,1.712836363636363757e+01,3.011535454545454741e+03,1.345327272727272705e+00,-9.120190909090908917e+02,-2.185198181818181638e+03,1.966645454545454541e+01,3.300381818181818083e+00,1.187545454545454460e+00,1.229581818181818335e+03,9.138990909090909387e-01,7.894300000000000317e+00,3.820999999999999952e-01,2.168263636363636504e+00,3.477063636363636245e+00,5.698999999999999622e-01
1.187722882040187222e-01,4.727757912133290219e-02,1.006505050505050569e+00,5.500000000000000000e+00,5.064646464646464785e-02,3.563838383838384416e-02,4.485882828282828086e+03,6.207676767676768037e+01,1.712594949494949503e+01,3.011500909090909317e+03,1.345154545454545492e+00,-9.121092929292929057e+02,-2.185273030303030282e+03,1.966646464646464665e+01,3.300352525252525204e+00,1.187546464646464628e+00,1.229574747474747483e+03,9.138915151515152324e-01,7.894155555555555814e+00,3.820999999999999952e-01,2.168260606060606221e+00,3.477027272727272411e+00,5.698999999999999622e-01
1.187722882040187222e-01,4.830535258049230979e-02,1.006646464646464567e+00,5.500000000000000000e+00,5.174747474747475040e-02,3.641313131313132084e-02,4.583402020202020140e+03,6.342626262626262701e+01,1.712353535353535250e+01,3.011466363636363894e+03,1.344981818181818278e+00,-9.121994949494949196e+02,-2.185347878787878471e+03,1.966647474747474789e+01,3.300323232323232325e+00,1.187547474747474796e+00,1.229567676767676858e+03,9.138839393939394151e-01,7.894011111111111312e+00,3.820999999999999952e-01,2.168257575757575939e+00,3.476990909090909021e+00,5.698999999999999622e-01
1.187722882040187222e-01,4.933312603965171739e-02,1.006787878787878787e+00,5.500000000000000000e+00,5.284848484848485295e-02,3.718787878787879059e-02,4.680921212121211283e+03,6.477575757575758075e+01,1.712112121212121352e+01,3.011431818181818471e+03,1.344809090909090843e+00,-9.122896969696969336e+02,-2.185422727272727116e+03,1.966648484848484912e+01,3.300293939393939446e+00,1.187548484848484742e+00,1.229560606060606233e+03,9.138763636363637088e-01,7.893866666666666809e+00,3.820999999999999952e-01,2.168254545454545656e+00,3.476954545454545187e+00,5.698999999999999622e-01
1.187722882040187222e-01,5.036089949881113192e-02,1.006929292929293007e+00,5.500000000000000000e+00,5.394949494949494856e-02,3.796262626262626727e-02,4.778440404040403337e+03,6.612525252525252029e+01,1.711870707070707098e+01,3.011397272727273048e+03,1.344636363636363630e+00,-9.123798989898989475e+02,-2.185497575757575760e+03,1.966649494949495036e+01,3.300264646464646567e+00,1.187549494949494910e+00,1.229553535353535381e+03,9.138687878787878915e-01,7.893722222222222307e+00,3.820999999999999952e-01,2.168251515151515374e+00,3.476918181818181797e+00,5.698999999999999622e-01
1.187722882040187222e-01,5.138867295797053952e-02,1.007070707070707005e+00,5.500000000000000000e+00,5.505050505050505111e-02,3.873737373737374395e-02,4.875959595959595390e+03,6.747474747474747403e+01,1.711629292929292845e+01,3.011362727272727170e+03,1.344463636363636416e+00,-9.124701010101010752e+02,-2.185572424242423949e+03,1.966650505050505160e+01,3.300235353535353244e+00,1.187550505050505079e+00,1.229546464646464756e+03,9.138612121212121853e-01,7.893577777777777804e+00,3.820999999999999952e-01,2.168248484848484647e+00,3.476881818181817962e+00,5.698999999999999622e-01
1.187722882040187222e-01,5.241644641712995406e-02,1.007212121212121225e+00,5.500000000000000000e+00,5.615151515151515366e-02,3.951212121212121370e-02,4.973478787878787443e+03,6.882424242424242777e+01,1.711387878787878591e+01,3.011328181818181747e+03,1.344290909090909203e+00,-9.125603030303030891e+02,-2.185647272727272593e+03,1.966651515151515284e+01,3.300206060606060365e+00,1.187551515151515247e+00,1.229539393939393904e+03,9.138536363636363680e-01,7.893433333333333302e+00,3.820999999999999952e-01,2.168245454545454365e+00,3.476845454545454572e+00,5.698999999999999622e-01
1.187722882040187222e-01,5.344421987628936166e-02,1.007353535353535445e+00,5.500000000000000000e+00,5.725252525252525621e-02,4.028686868686869038e-02,5.070997979797979497e+03,7.017373737373738152e+01,1.711146464646464693e+01,3.011293636363636324e+03,1.344118181818181768e+00,-9.126505050505051031e+02,-2.185722121212121237e+03,1.966652525252525407e+01,3.300176767676767486e+00,1.187552525252525193e+00,1.229532323232323279e+03,9.138460606060606617e-01,7.893288888888888799e+00,3.820999999999999952e-01,2.168242424242424082e+00,3.476809090909090738e+00,5.698999999999999622e-01
1.187722882040187222e-01,5.447199333544877620e-02,1.007494949494949443e+00,5.500000000000000000e+00,5.835353535353535182e-02,4.106161616161616706e-02,5.168517171717171550e+03,7.152323232323232105e+01,1.710905050505050440e+01,3.011259090909090901e+03,1.343945454545454554e+00,-9.127407070707071171e+02,-2.185796969696969427e+03,1.966653535353535531e+01,3.300147474747474607e+00,1.187553535353535361e+00,1.229525252525252654e+03,9.138384848484848444e-01,7.893144444444444296e+00,3.820999999999999952e-01,2.168239393939393800e+00,3.476772727272727348e+00,5.698999999999999622e-01
1.187722882040187222e-01,5.549976679460818380e-02,1.007636363636363663e+00,5.500000000000000000e+00,5.945454545454545436e-02,4.183636363636364375e-02,5.266036363636363603e+03,7.287272727272727479e+01,1.710663636363636186e+01,3.011224545454545478e+03,1.343772727272727341e+00,-9.128309090909091310e+02,-2.185871818181818071e+03,1.966654545454545655e+01,3.300118181818181728e+00,1.187554545454545529e+00,1.229518181818181802e+03,9.138309090909091381e-01,7.892999999999999794e+00,3.820999999999999952e-01,2.168236363636363517e+00,3.476736363636363514e+00,5.698999999999999622e-01
1.187722882040187222e-01,5.652754025376759833e-02,1.007777777777777883e+00,5.500000000000000000e+00,6.055555555555555691e-02,4.261111111111111349e-02,5.363555555555554747e+03,7.422222222222222854e+01,1.710422222222222288e+01,3.011190000000000055e+03,1.343600000000000128e+00,-9.129211111111111450e+02,-2.185946666666666715e+03,1.966655555555555779e+01,3.300088888888888849e+00,1.187555555555555475e+00,1.229511111111111177e+03,9.138233333333333208e-01,7.892855555555555291e+00,3.820999999999999952e-01,2.168233333333333235e+00,3.476699999999999680e+00,5.698999999999999622e-01
1.187722882040187222e-01,5.755531371292700593e-02,1.007919191919191881e+00,5.500000000000000000e+00,6.165656565656565946e-02,4.338585858585859018e-02,5.461074747474746800e+03,7.557171717171716807e+01,1.710180808080808035e+01,3.011155454545454631e+03,1.343427272727272692e+00,-9.130113131313131589e+02,-2.186021515151514905e+03,1.966656565656565903e+01,3.300059595959595971e+00,1.187556565656565644e+00,1.229504040404040552e+03,9.138157575757576145e-01,7.892711111111110789e+00,3.820999999999999952e-01,2.168230303030302952e+00,3.476663636363636289e+00,5.698999999999999622e-01
1.187722882040187222e-01,5.858308717208642047e-02,1.008060606060606101e+00,5.500000000000000000e+00,6.275757575757576201e-02,4.416060606060606686e-02,5.558593939393938854e+03,7.692121212121212182e+01,1.709939393939393781e+01,3.011120909090909208e+03,1.343254545454545479e+00,-9.131015151515151729e+02,-2.186096363636363549e+03,1.966657575757576026e+01,3.300030303030303092e+00,1.187557575757575812e+00,1.229496969696969700e+03,9.138081818181819083e-01,7.892566666666666286e+00,3.820999999999999952e-01,2.168227272727272670e+00,3.476627272727272455e+00,5.698999999999999622e-01
1.187722882040187222e-01,5.961086063124582807e-02,1.008202020202020321e+00,5.500000000000000000e+00,6.385858585858586456e-02,4.493535353535354354e-02,5.656113131313130907e+03,7.827070707070707556e+01,1.709697979797979883e+01,3.011086363636363785e+03,1.343081818181818266e+00,-9.131917171717171868e+02,-2.186171212121211738e+03,1.966658585858585795e+01,3.300001010101010213e+00,1.187558585858585758e+00,1.229489898989899075e+03,9.138006060606060910e-01,7.892422222222222672e+00,3.820999999999999952e-01,2.168224242424242387e+00,3.476590909090909065e+00,5.698999999999999622e-01
1.187722882040187222e-01,6.063863409040524260e-02,1.008343434343434319e+00,5.500000000000000000e+00,6.495959595959596711e-02,4.571010101010101329e-02,5.753632323232322960e+03,7.962020202020201509e+01,1.709456565656565630e+01,3.011051818181818362e+03,1.342909090909091052e+00,-9.132819191919192008e+02,-2.186246060606060382e+03,1.966659595959595919e+01,3.299971717171716890e+00,1.187559595959595926e+00,1.229482828282828450e+03,9.137930303030303847e-01,7.892277777777778169e+00,3.820999999999999952e-01,2.168221212121212105e+00,3.476554545454545231e+00,5.698999999999999622e-01
1.187722882040187222e-01,6.166640754956465020e-02,1.008484848484848539e+00,5.500000000000000000e+00,6.606060606060605578e-02,4.648484848484848997e-02,5.851151515151515014e+03,8.096969696969696884e+01,1.709215151515151376e+01,3.011017272727272939e+03,1.342736363636363617e+00,-9.133721212121212147e+02,-2.186320909090909026e+03,1.966660606060606042e+01,3.299942424242424011e+00,1.187560606060606094e+00,1.229475757575757598e+03,9.137854545454545674e-01,7.892133333333333667e+00,3.820999999999999952e-01,2.168218181818181822e+00,3.476518181818181841e+00,5.698999999999999622e-01
1.187722882040187222e-01,6.269418100872406474e-02,1.008626262626262537e+00,5.500000000000000000e+00,6.716161616161615833e-02,4.725959595959596665e-02,5.948670707070706158e+03,8.231919191919192258e+01,1.708973737373737478e+01,3.010982727272727516e+03,1.342563636363636403e+00,-9.134623232323232287e+02,-2.186395757575757216e+03,1.966661616161616166e+01,3.299913131313131132e+00,1.187561616161616262e+00,1.229468686868686973e+03,9.137778787878788611e-01,7.891988888888889164e+00,3.820999999999999952e-01,2.168215151515151540e+00,3.476481818181818007e+00,5.698999999999999622e-01
1.187722882040187222e-01,6.372195446788347928e-02,1.008767676767676758e+00,5.500000000000000000e+00,6.826262626262626088e-02,4.803434343434344334e-02,6.046189898989898211e+03,8.366868686868687632e+01,1.708732323232323225e+01,3.010948181818182093e+03,1.342390909090909190e+00,-9.135525252525252426e+02,-2.186470606060605860e+03,1.966662626262626290e+01,3.299883838383838253e+00,1.187562626262626209e+00,1.229461616161616121e+03,9.137703030303030438e-01,7.891844444444444662e+00,3.820999999999999952e-01,2.168212121212121257e+00,3.476445454545454616e+00,5.698999999999999622e-01
1.187722882040187222e-01,6.474972792704287994e-02,1.008909090909090978e+00,5.500000000000000000e+00,6.936363636363636342e-02,4.880909090909091308e-02,6.143709090909090264e+03,8.501818181818181586e+01,1.708490909090908971e+01,3.010913636363636670e+03,1.342218181818181755e+00,-9.136427272727272566e+02,-2.186545454545454504e+03,1.966663636363636414e+01,3.299854545454545374e+00,1.187563636363636377e+00,1.229454545454545496e+03,9.137627272727273375e-01,7.891700000000000159e+00,3.820999999999999952e-01,2.168209090909090975e+00,3.476409090909090782e+00,5.698999999999999622e-01
1.187722882040187222e-01,6.577750138620229448e-02,1.009050505050504976e+00,5.500000000000000000e+00,7.046464646464646597e-02,4.958383838383838976e-02,6.241228282828282317e+03,8.636767676767676960e+01,1.708249494949495073e+01,3.010879090909090792e+03,1.342045454545454541e+00,-9.137329292929292706e+02,-2.186620303030302694e+03,1.966664646464646538e+01,3.299825252525252495e+00,1.187564646464646545e+00,1.229447474747474871e+03,9.137551515151515202e-01,7.891555555555555657e+00,3.820999999999999952e-01,2.168206060606060692e+00,3.476372727272726948e+00,5.698999999999999622e-01
1.187722882040187222e-01,6.680527484536170901e-02,1.009191919191919196e+00,5.500000000000000000e+00,7.156565656565656852e-02,5.035858585858586645e-02,6.338747474747474371e+03,8.771717171717172334e+01,1.708008080808080820e+01,3.010844545454545369e+03,1.341872727272727328e+00,-9.138231313131312845e+02,-2.186695151515151338e+03,1.966665656565656661e+01,3.299795959595959616e+00,1.187565656565656491e+00,1.229440404040404019e+03,9.137475757575758140e-01,7.891411111111111154e+00,3.820999999999999952e-01,2.168203030303030410e+00,3.476336363636363558e+00,5.698999999999999622e-01
1.187722882040187222e-01,6.783304830452110967e-02,1.009333333333333416e+00,5.500000000000000000e+00,7.266666666666667107e-02,5.113333333333333619e-02,6.436266666666666424e+03,8.906666666666666288e+01,1.707766666666666566e+01,3.010809999999999945e+03,1.341700000000000115e+00,-9.139133333333332985e+02,-2.186769999999999982e+03,1.966666666666666785e+01,3.299766666666666737e+00,1.187566666666666659e+00,1.229433333333333394e+03,9.137399999999999967e-01,7.891266666666666652e+00,3.820999999999999952e-01,2.168200000000000127e+00,3.476299999999999724e+00,5.698999999999999622e-01
1.187722882040187222e-01,6.886082176368052421e-02,1.009474747474747414e+00,5.500000000000000000e+00,7.376767676767677362e-02,5.190808080808081287e-02,6.533785858585858477e+03,9.041616161616161662e+01,1.707525252525252668e+01,3.010775454545454522e+03,1.341527272727272679e+00,-9.140035353535353124e+02,-2.186844848484848171e+03,1.966667676767676909e+01,3.299737373737373858e+00,1.187567676767676828e+00,1.229426262626262769e+03,9.137324242424242904e-01,7.891122222222222149e+00,3.820999999999999952e-01,2.168196969696969845e+00,3.476263636363636333e+00,5.698999999999999622e-01
1.187722882040187222e-01,6.988859522283993875e-02,1.009616161616161634e+00,5.500000000000000000e+00,7.486868686868687617e-02,5.268282828282828956e-02,6.631305050505049621e+03,9.176565656565657036e+01,1.707283838383838415e+01,3.010740909090909099e+03,1.341354545454545466e+00,-9.140937373737373264e+02,-2.186919696969696815e+03,1.966668686868687033e+01,3.299708080808080535e+00,1.187568686868686774e+00,1.229419191919191917e+03,9.137248484848484731e-01,7.890977777777777646e+00,3.820999999999999952e-01,2.168193939393939562e+00,3.476227272727272499e+00,5.698999999999999622e-01
1.187722882040187222e-01,7.091636868199935329e-02,1.009757575757575854e+00,5.500000000000000000e+00,7.596969696969696484e-02,5.345757575757576624e-02,6.728824242424241675e+03,9.311515151515152411e+01,1.707042424242424161e+01,3.010706363636363676e+03,1.341181818181818253e+00,-9.141839393939393403e+02,-2.186994545454545460e+03,1.966669696969697156e+01,3.299678787878787656e+00,1.187569696969696942e+00,1.229412121212121292e+03,9.137172727272727668e-01,7.890833333333333144e+00,3.820999999999999952e-01,2.168190909090909280e+00,3.476190909090909109e+00,5.698999999999999622e-01
1.187722882040187222e-01,7.194414214115875394e-02,1.009898989898989852e+00,5.500000000000000000e+00,7.707070707070706739e-02,5.423232323232323598e-02,6.826343434343433728e+03,9.446464646464646364e+01,1.706801010101010263e+01,3.010671818181818253e+03,1.341009090909091039e+00,-9.142741414141414680e+02,-2.187069393939393649e+03,1.966670707070707280e+01,3.299649494949494777e+00,1.187570707070707110e+00,1.229405050505050667e+03,9.137096969696969495e-01,7.890688888888888641e+00,3.820999999999999952e-01,2.168187878787878553e+00,3.476154545454545275e+00,5.698999999999999622e-01
1.187722882040187222e-01,7.297191560031816848e-02,1.010040404040404072e+00,5.500000000000000000e+00,7.817171717171716994e-02,5.500707070707071267e-02,6.923862626262625781e+03,9.581414141414141739e+01,1.706559595959596010e+01,3.010637272727272830e+03,1.340836363636363604e+00,-9.143643434343434819e+02,-2.187144242424242293e+03,1.966671717171717404e+01,3.299620202020201898e+00,1.187571717171717056e+00,1.229397979797979815e+03,9.137021212121212432e-01,7.890544444444444139e+00,3.820999999999999952e-01,2.168184848484848271e+00,3.476118181818181885e+00,5.698999999999999622e-01
1.187722882040187222e-01,7.399968905947758302e-02,1.010181818181818292e+00,5.500000000000000000e+00,7.927272727272727249e-02,5.578181818181818935e-02,7.021381818181817835e+03,9.716363636363637113e+01,1.706318181818181756e+01,3.010602727272727407e+03,1.340663636363636391e+00,-9.144545454545454959e+02,-2.187219090909090937e+03,1.966672727272727528e+01,3.299590909090909019e+00,1.187572727272727224e+00,1.229390909090909190e+03,9.136945454545455370e-01,7.890399999999999636e+00,3.820999999999999952e-01,2.168181818181817988e+00,3.476081818181818051e+00,5.698999999999999622e-01
1.187722882040187222e-01,7.502746251863699756e-02,1.010323232323232290e+00,5.500000000000000000e+00,8.037373737373737503e-02,5.655656565656566603e-02,7.118901010101009888e+03,9.851313131313131066e+01,1.706076767676767858e+01,3.010568181818181984e+03,1.340490909090909177e+00,-9.145447474747475098e+02,-2.187293939393939127e+03,1.966673737373737652e+01,3.299561616161616140e+00,1.187573737373737393e+00,1.229383838383838338e+03,9.136869696969697197e-01,7.890255555555555134e+00,3.820999999999999952e-01,2.168178787878787706e+00,3.476045454545454216e+00,5.698999999999999622e-01
1.187722882040187222e-01,7.605523597779639822e-02,1.010464646464646510e+00,5.500000000000000000e+00,8.147474747474747758e-02,5.733131313131313578e-02,7.216420202020201032e+03,9.986262626262626441e+01,1.705835353535353605e+01,3.010533636363636560e+03,1.340318181818181964e+00,-9.146349494949495238e+02,-2.187368787878787771e+03,1.966674747474747775e+01,3.299532323232323261e+00,1.187574747474747561e+00,1.229376767676767713e+03,9.136793939393940134e-01,7.890111111111110631e+00,3.820999999999999952e-01,2.168175757575757423e+00,3.476009090909090826e+00,5.698999999999999622e-01
1.187722882040187222e-01,7.708300943695581275e-02,1.010606060606060508e+00,5.500000000000000000e+00,8.257575757575758013e-02,5.810606060606061246e-02,7.313939393939393085e+03,1.012121212121212182e+02,1.705593939393939351e+01,3.010499090909091137e+03,1.340145454545454529e+00,-9.147251515151515378e+02,-2.187443636363635960e+03,1.966675757575757544e+01,3.299503030303030382e+00,1.187575757575757507e+00,1.229369696969697088e+03,9.136718181818181961e-01,7.889966666666667017e+00,3.820999999999999952e-01,2.168172727272727141e+00,3.475972727272726992e+00,5.698999999999999622e-01
1.187722882040187222e-01,7.811078289611522729e-02,1.010747474747474728e+00,5.500000000000000000e+00,8.367676767676768268e-02,5.888080808080808914e-02,7.411458585858585138e+03,1.025616161616161577e+02,1.705352525252525453e+01,3.010464545454545714e+03,1.339972727272727315e+00,-9.148153535353535517e+02,-2.187518484848484604e+03,1.966676767676767668e+01,3.299473737373737503e+00,1.187576767676767675e+00,1.229362626262626236e+03,9.136642424242424898e-01,7.889822222222222514e+00,3.820999999999999952e-01,2.168169696969696858e+00,3.475936363636363602e+00,5.698999999999999622e-01
1.187722882040187222e-01,7.913855635527464183e-02,1.010888888888888948e+00,5.500000000000000000e+00,8.477777777777778523e-02,5.965555555555556583e-02,7.508977777777777192e+03,1.039111111111111114e+02,1.705111111111111200e+01,3.010430000000000291e+03,1.339800000000000102e+00,-9.149055555555555657e+02,-2.187593333333333248e+03,1.966677777777777791e+01,3.299444444444444180e+00,1.187577777777777843e+00,1.229355555555555611e+03,9.136566666666666725e-01,7.889677777777778012e+00,3.820999999999999952e-01,2.168166666666666575e+00,3.475899999999999768e+00,5.698999999999999622e-01
1.187722882040187222e-01,8.016632981443404249e-02,1.011030303030302946e+00,5.500000000000000000e+00,8.587878787878787390e-02,6.043030303030303557e-02,7.606496969696969245e+03,1.052606060606060652e+02,1.704869696969696946e+01,3.010395454545454413e+03,1.339627272727272889e+00,-9.149957575757575796e+02,-2.187668181818181438e+03,1.966678787878787915e+01,3.299415151515151301e+00,1.187578787878787789e+00,1.229348484848484986e+03,9.136490909090909662e-01,7.889533333333333509e+00,3.820999999999999952e-01,2.168163636363636293e+00,3.475863636363636378e+00,5.698999999999999622e-01
1.187722882040187222e-01,8.119410327359345703e-02,1.011171717171717166e+00,5.500000000000000000e+00,8.697979797979797645e-02,6.120505050505051226e-02,7.704016161616161298e+03,1.066101010101010189e+02,1.704628282828283048e+01,3.010360909090908990e+03,1.339454545454545453e+00,-9.150859595959595936e+02,-2.187743030303030082e+03,1.966679797979798039e+01,3.299385858585858422e+00,1.187579797979797958e+00,1.229341414141414134e+03,9.136415151515151489e-01,7.889388888888889007e+00,3.820999999999999952e-01,2.168160606060606010e+00,3.475827272727272543e+00,5.698999999999999622e-01
1.187722882040187222e-01,8.222187673275287156e-02,1.011313131313131386e+00,5.500000000000000000e+00,8.808080808080807900e-02,6.197979797979798894e-02,7.801535353535353352e+03,1.079595959595959584e+02,1.704386868686868794e+01,3.010326363636363567e+03,1.339281818181818240e+00,-9.151761616161616075e+02,-2.187817878787878726e+03,1.966680808080808163e+01,3.299356565656565543e+00,1.187580808080808126e+00,1.229334343434343509e+03,9.136339393939394427e-01,7.889244444444444504e+00,3.820999999999999952e-01,2.168157575757575728e+00,3.475790909090909153e+00,5.698999999999999622e-01
1.187722882040187222e-01,8.324965019191227222e-02,1.011454545454545384e+00,5.500000000000000000e+00,8.918181818181818155e-02,6.275454545454546562e-02,7.899054545454544495e+03,1.093090909090909122e+02,1.704145454545454541e+01,3.010291818181818144e+03,1.339109090909091027e+00,-9.152663636363636215e+02,-2.187892727272726916e+03,1.966681818181818286e+01,3.299327272727272664e+00,1.187581818181818072e+00,1.229327272727272884e+03,9.136263636363636254e-01,7.889100000000000001e+00,3.820999999999999952e-01,2.168154545454545445e+00,3.475754545454545319e+00,5.698999999999999622e-01
1.187722882040187222e-01,8.427742365107168676e-02,1.011595959595959604e+00,5.500000000000000000e+00,9.028282828282828409e-02,6.352929292929293537e-02,7.996573737373736549e+03,1.106585858585858659e+02,1.703904040404040643e+01,3.010257272727272721e+03,1.338936363636363591e+00,-9.153565656565656354e+02,-2.187967575757575560e+03,1.966682828282828410e+01,3.299297979797979785e+00,1.187582828282828240e+00,1.229320202020202032e+03,9.136187878787879191e-01,7.888955555555555499e+00,3.820999999999999952e-01,2.168151515151515163e+00,3.475718181818181485e+00,5.698999999999999622e-01
1.187722882040187222e-01,8.530519711023110130e-02,1.011737373737373824e+00,5.500000000000000000e+00,9.138383838383838664e-02,6.430404040404040511e-02,8.094092929292928602e+03,1.120080808080808055e+02,1.703662626262626389e+01,3.010222727272727298e+03,1.338763636363636378e+00,-9.154467676767676494e+02,-2.188042424242424204e+03,1.966683838383838534e+01,3.299268686868686906e+00,1.187583838383838408e+00,1.229313131313131407e+03,9.136112121212121018e-01,7.888811111111110996e+00,3.820999999999999952e-01,2.168148484848484880e+00,3.475681818181818095e+00,5.698999999999999622e-01
1.187722882040187222e-01,8.633297056939051584e-02,1.011878787878787822e+00,5.500000000000000000e+00,9.248484848484848919e-02,6.507878787878788873e-02,8.191612121212120655e+03,1.133575757575757592e+02,1.703421212121212136e+01,3.010188181818181874e+03,1.338590909090909165e+00,-9.155369696969696633e+02,-2.188117272727272393e+03,1.966684848484848658e+01,3.299239393939394027e+00,1.187584848484848576e+00,1.229306060606060555e+03,9.136036363636363955e-01,7.888666666666666494e+00,3.820999999999999952e-01,2.168145454545454598e+00,3.475645454545454260e+00,5.698999999999999622e-01
1.187722882040187222e-01,8.736074402854991650e-02,1.012020202020202042e+00,5.500000000000000000e+00,9.358585858585859174e-02,6.585353535353535848e-02,8.289131313131312709e+03,1.147070707070707130e+02,1.703179797979797883e+01,3.010153636363636451e+03,1.338418181818181951e+00,-9.156271717171716773e+02,-2.188192121212121037e+03,1.966685858585858782e+01,3.299210101010101148e+00,1.187585858585858523e+00,1.229298989898989930e+03,9.135960606060606892e-01,7.888522222222221991e+00,3.820999999999999952e-01,2.168142424242424315e+00,3.475609090909090870e+00,5.698999999999999622e-01
1.187722882040187222e-01,8.838851748770933103e-02,1.012161616161616262e+00,5.500000000000000000e+00,9.468686868686869429e-02,6.662828282828284210e-02,8.386650505050503853e+03,1.160565656565656525e+02,1.702938383838383984e+01,3.010119090909091028e+03,1.338245454545454516e+00,-9.157173737373736913e+02,-2.188266969696969682e+03,1.966686868686868905e+01,3.299180808080807825e+00,1.187586868686868691e+00,1.229291919191919305e+03,9.135884848484848719e-01,7.888377777777777489e+00,3.820999999999999952e-01,2.168139393939394033e+00,3.475572727272727036e+00,5.698999999999999622e-01
1.187722882040187222e-01,8.941629094686874557e-02,1.012303030303030260e+00,5.500000000000000000e+00,9.578787878787878296e-02,6.740303030303031184e-02,8.484169696969696815e+03,1.174060606060606062e+02,1.702696969696969731e+01,3.010084545454545605e+03,1.338072727272727303e+00,-9.158075757575757052e+02,-2.188341818181817871e+03,1.966687878787879029e+01,3.299151515151514946e+00,1.187587878787878859e+00,1.229284848484848453e+03,9.135809090909091656e-01,7.888233333333332986e+00,3.820999999999999952e-01,2.168136363636363750e+00,3.475536363636363646e+00,5.698999999999999622e-01
1.187722882040187222e-01,9.044406440602816011e-02,1.012444444444444480e+00,5.500000000000000000e+00,9.688888888888888551e-02,6.817777777777778159e-02,8.581688888888887959e+03,1.187555555555555600e+02,1.702455555555555478e+01,3.010050000000000182e+03,1.337900000000000089e+00,-9.158977777777777192e+02,-2.188416666666666515e+03,1.966688888888889153e+01,3.299122222222222067e+00,1.187588888888888805e+00,1.229277777777777828e+03,9.135733333333333483e-01,7.888088888888888484e+00,3.820999999999999952e-01,2.168133333333333468e+00,3.475499999999999812e+00,5.698999999999999622e-01
1.187722882040187222e-01,9.147183786518756077e-02,1.012585858585858700e+00,5.500000000000000000e+00,9.798989898989898806e-02,6.895252525252526521e-02,8.679208080808080922e+03,1.201050505050505137e+02,1.702214141414141579e+01,3.010015454545454759e+03,1.337727272727272876e+00,-9.159879797979797331e+02,-2.188491515151515159e+03,1.966689898989899277e+01,3.299092929292929188e+00,1.187589898989898973e+00,1.229270707070707203e+03,9.135657575757576421e-01,7.887944444444443981e+00,3.820999999999999952e-01,2.168130303030303185e+00,3.475463636363636422e+00,5.698999999999999622e-01
1.187722882040187222e-01,9.249961132434697531e-02,1.012727272727272698e+00,5.500000000000000000e+00,9.909090909090909061e-02,6.972727272727273495e-02,8.776727272727272066e+03,1.214545454545454533e+02,1.701972727272727326e+01,3.009980909090909336e+03,1.337554545454545440e+00,-9.160781818181818608e+02,-2.188566363636363349e+03,1.966690909090909400e+01,3.299063636363636309e+00,1.187590909090909141e+00,1.229263636363636351e+03,9.135581818181818248e-01,7.887799999999999478e+00,3.820999999999999952e-01,2.168127272727272459e+00,3.475427272727272587e+00,5.698999999999999622e-01
1.187722882040187222e-01,9.352738478350638984e-02,1.012868686868686918e+00,5.500000000000000000e+00,1.001919191919191932e-01,7.050202020202020470e-02,8.874246464646463210e+03,1.228040404040404070e+02,1.701731313131313073e+01,3.009946363636363913e+03,1.337381818181818227e+00,-9.161683838383838747e+02,-2.188641212121211993e+03,1.966691919191919169e+01,3.299034343434343430e+00,1.187591919191919088e+00,1.229256565656565726e+03,9.135506060606061185e-01,7.887655555555555864e+00,3.820999999999999952e-01,2.168124242424242176e+00,3.475390909090908753e+00,5.698999999999999622e-01
1.187722882040187222e-01,9.455515824266580438e-02,1.013010101010100916e+00,5.500000000000000000e+00,1.012929292929292957e-01,7.127676767676768832e-02,8.971765656565656172e+03,1.241535353535353607e+02,1.701489898989899174e+01,3.009911818181818035e+03,1.337209090909091014e+00,-9.162585858585858887e+02,-2.188716060606060182e+03,1.966692929292929293e+01,3.299005050505050551e+00,1.187592929292929256e+00,1.229249494949495102e+03,9.135430303030303012e-01,7.887511111111111362e+00,3.820999999999999952e-01,2.168121212121211894e+00,3.475354545454545363e+00,5.698999999999999622e-01
1.187722882040187222e-01,9.558293170182520504e-02,1.013151515151515136e+00,5.500000000000000000e+00,1.023939393939393983e-01,7.205151515151515806e-02,9.069284848484847316e+03,1.255030303030303003e+02,1.701248484848484921e+01,3.009877272727272612e+03,1.337036363636363800e+00,-9.163487878787879026e+02,-2.188790909090908826e+03,1.966693939393939417e+01,3.298975757575757672e+00,1.187593939393939424e+00,1.229242424242424249e+03,9.135354545454545949e-01,7.887366666666666859e+00,3.820999999999999952e-01,2.168118181818181611e+00,3.475318181818181529e+00,5.698999999999999622e-01
1.187722882040187222e-01,9.661070516098461958e-02,1.013292929292929356e+00,5.500000000000000000e+00,1.034949494949495008e-01,7.282626262626264169e-02,9.166804040404040279e+03,1.268525252525252540e+02,1.701007070707070667e+01,3.009842727272727188e+03,1.336863636363636365e+00,-9.164389898989899166e+02,-2.188865757575757470e+03,1.966694949494949540e+01,3.298946464646464793e+00,1.187594949494949592e+00,1.229235353535353624e+03,9.135278787878787776e-01,7.887222222222222356e+00,3.820999999999999952e-01,2.168115151515151329e+00,3.475281818181818139e+00,5.698999999999999622e-01
1.187722882040187222e-01,9.763847862014403411e-02,1.013434343434343354e+00,5.500000000000000000e+00,1.045959595959596033e-01,7.360101010101011143e-02,9.264323232323231423e+03,1.282020202020202078e+02,1.700765656565656769e+01,3.009808181818181765e+03,1.336690909090909152e+00,-9.165291919191919305e+02,-2.188940606060605660e+03,1.966695959595959664e+01,3.298917171717171470e+00,1.187595959595959538e+00,1.229228282828282772e+03,9.135203030303030713e-01,7.887077777777777854e+00,3.820999999999999952e-01,2.168112121212121046e+00,3.475245454545454304e+00,5.698999999999999622e-01
1.187722882040187222e-01,9.866625207930343477e-02,1.013575757575757574e+00,5.500000000000000000e+00,1.056969696969697059e-01,7.437575757575758117e-02,9.361842424242422567e+03,1.295515151515151615e+02,1.700524242424242516e+01,3.009773636363636342e+03,1.336518181818181938e+00,-9.166193939393939445e+02,-2.189015454545454304e+03,1.966696969696969788e+01,3.298887878787878591e+00,1.187596969696969706e+00,1.229221212121212147e+03,9.135127272727272540e-01,7.886933333333333351e+00,3.820999999999999952e-01,2.168109090909090764e+00,3.475209090909090914e+00,5.698999999999999622e-01
1.187722882040187222e-01,9.969402553846284931e-02,1.013717171717171794e+00,5.500000000000000000e+00,1.067979797979797946e-01,7.515050505050506480e-02,9.459361616161615530e+03,1.309010101010101152e+02,1.700282828282828262e+01,3.009739090909090919e+03,1.336345454545454725e+00,-9.167095959595959584e+02,-2.189090303030302948e+03,1.966697979797979912e+01,3.298858585858585712e+00,1.187597979797979875e+00,1.229214141414141523e+03,9.135051515151515478e-01,7.886788888888888849e+00,3.820999999999999952e-01,2.168106060606060481e+00,3.475172727272727080e+00,5.698999999999999622e-01
1.187722882040187222e-01,1.007217989976222638e-01,1.013858585858585792e+00,5.500000000000000000e+00,1.078989898989898971e-01,7.592525252525253454e-02,9.556880808080806673e+03,1.322505050505050406e+02,1.700041414141414364e+01,3.009704545454545496e+03,1.336172727272727290e+00,-9.167997979797979724e+02,-2.189165151515151138e+03,1.966698989898990035e+01,3.298829292929292833e+00,1.187598989898989821e+00,1.229207070707070670e+03,9.134975757575757305e-01,7.886644444444444346e+00,3.820999999999999952e-01,2.168103030303030199e+00,3.475136363636363690e+00,5.698999999999999622e-01
1.187722882040187222e-01,1.017495724567816784e-01,1.014000000000000012e+00,5.500000000000000000e+00,1.089999999999999997e-01,7.670000000000000429e-02,9.654399999999999636e+03,1.335999999999999943e+02,1.699800000000000111e+01,3.009670000000000073e+03,1.336000000000000076e+00,-9.168899999999999864e+02,-2.189239999999999782e+03,1.966700000000000159e+01,3.298799999999999955e+00,1.187599999999999989e+00,1.229200000000000045e+03,9.134900000000000242e-01,7.886499999999999844e+00,3.820999999999999952e-01,2.168099999999999916e+00,3.475099999999999856e+00,5.698999999999999622e-01
1.187490808361193473e-01,1.048753946413446825e-01,1.014000000000000012e+00,5.497899999999999565e+00,1.089999999999999997e-01,7.670000000000000429e-02,9.650700000000000728e+03,1.336999999999999886e+02,1.699800000000000111e+01,3.009659999999999854e+03,1.336000000000000076e+00,-9.168899999999999864e+02,-2.189239999999999782e+03,1.966700000000000159e+01,3.298799999999999955e+00,1.187599999999999989e+00,1.229200000000000045e+03,9.134900000000000242e-01,7.886499999999999844e+00,3.820999999999999952e-01,2.168099999999999916e+00,3.475099999999999856e+00,5.698999999999999622e-01
1.186794433757180078e-01,1.080012168259076866e-01,1.014100000000000001e+00,5.491399999999999615e+00,1.089999999999999997e-01,7.679999999999999327e-02,9.639600000000000364e+03,1.339000000000000057e+02,1.699800000000000111e+01,3.009659999999999854e+03,1.336000000000000076e+00,-9.169099999999999682e+02,-2.189260000000000218e+03,1.966700000000000159e+01,3.298799999999999955e+00,1.187599999999999989e+00,1.229200000000000045e+03,9.134900000000000242e-01,7.886400000000000077e+00,3.820999999999999952e-01,2.168099999999999916e+00,3.475099999999999856e+00,5.698999999999999622e-01
1.185633297018513221e-01,1.111270390104706907e-01,1.014100000000000001e+00,5.480699999999999683e+00,1.089999999999999997e-01,7.689999999999999614e-02,9.621000000000000000e+03,1.340999999999999943e+02,1.699699999999999989e+01,3.009639999999999873e+03,1.335900000000000087e+00,-9.169500000000000455e+02,-2.189289999999999964e+03,1.966700000000000159e+01,3.298799999999999955e+00,1.187599999999999989e+00,1.229200000000000045e+03,9.134799999999999587e-01,7.886300000000000310e+00,3.820999999999999952e-01,2.168099999999999916e+00,3.475099999999999856e+00,5.698999999999999622e-01
1.184006627763407593e-01,1.142528611950337086e-01,1.014100000000000001e+00,5.465600000000000236e+00,1.089999999999999997e-01,7.710000000000000187e-02,9.595000000000000000e+03,1.345000000000000000e+02,1.699699999999999989e+01,3.009630000000000109e+03,1.335900000000000087e+00,-9.170000000000000000e+02,-2.189329999999999927e+03,1.966700000000000159e+01,3.298700000000000188e+00,1.187599999999999989e+00,1.229200000000000045e+03,9.134799999999999587e-01,7.886199999999999655e+00,3.820999999999999952e-01,2.168099999999999916e+00,3.475000000000000089e+00,5.698999999999999622e-01
1.181913343875508893e-01,1.173786833795967127e-01,1.014199999999999990e+00,5.446299999999999919e+00,1.100000000000000006e-01,7.739999999999999658e-02,9.561500000000000000e+03,1.350000000000000000e+02,1.699599999999999866e+01,3.009610000000000127e+03,1.335800000000000098e+00,-9.170700000000000500e+02,-2.189389999999999873e+03,1.966799999999999926e+01,3.298700000000000188e+00,1.187599999999999989e+00,1.229200000000000045e+03,9.134700000000000042e-01,7.886000000000000121e+00,3.820999999999999952e-01,2.168099999999999916e+00,3.475000000000000089e+00,5.698999999999999622e-01
1.179352047888656274e-01,1.205045055641597168e-01,1.014199999999999990e+00,5.422699999999999854e+00,1.100000000000000006e-01,7.779999999999999416e-02,9.520700000000000728e+03,1.355999999999999943e+02,1.699500000000000099e+01,3.009579999999999927e+03,1.335700000000000109e+00,-9.171499999999999773e+02,-2.189449999999999818e+03,1.966799999999999926e+01,3.298599999999999977e+00,1.187599999999999989e+00,1.229200000000000045e+03,9.134700000000000042e-01,7.885799999999999699e+00,3.820999999999999952e-01,2.168099999999999916e+00,3.475000000000000089e+00,5.698999999999999622e-01
1.176321022290509888e-01,1.236303277487227209e-01,1.014299999999999979e+00,5.394899999999999807e+00,1.110000000000000014e-01,7.820000000000000562e-02,9.472500000000000000e+03,1.363000000000000114e+02,1.699399999999999977e+01,3.009539999999999964e+03,1.335700000000000109e+00,-9.172400000000000091e+02,-2.189539999999999964e+03,1.966799999999999926e+01,3.298599999999999977e+00,1.187599999999999989e+00,1.229200000000000045e+03,9.134600000000000497e-01,7.885500000000000398e+00,3.820999999999999952e-01,2.168099999999999916e+00,3.475000000000000089e+00,5.698999999999999622e-01
1.172818223707945418e-01,1.267561499332857389e-01,1.014399999999999968e+00,5.362800000000000011e+00,1.120000000000000023e-01,7.860000000000000320e-02,9.417000000000000000e+03,1.370999999999999943e+02,1.699200000000000088e+01,3.009510000000000218e+03,1.335599999999999898e+00,-9.173500000000000227e+02,-2.189630000000000109e+03,1.966799999999999926e+01,3.298500000000000210e+00,1.187599999999999989e+00,1.229200000000000045e+03,9.134499999999999842e-01,7.885200000000000209e+00,3.820999999999999952e-01,2.168099999999999916e+00,3.474899999999999878e+00,5.698999999999999622e-01
1.168841275927831602e-01,1.298819721178487430e-01,1.014499999999999957e+00,5.326500000000000234e+00,1.120000000000000023e-01,7.920000000000000651e-02,9.354200000000000728e+03,1.380000000000000000e+02,1.698999999999999844e+01,3.009460000000000036e+03,1.335399999999999920e+00,-9.174900000000000091e+02,-2.189739999999999782e+03,1.966799999999999926e+01,3.298399999999999999e+00,1.187599999999999989e+00,1.229200000000000045e+03,9.134400000000000297e-01,7.884800000000000253e+00,3.820999999999999952e-01,2.168099999999999916e+00,3.474899999999999878e+00,5.698999999999999622e-01
1.164387461696807236e-01,1.330077943024117471e-01,1.014599999999999946e+00,5.285999999999999588e+00,1.130000000000000032e-01,7.979999999999999594e-02,9.284100000000000364e+03,1.390999999999999943e+02,1.698799999999999955e+01,3.009409999999999854e+03,1.335299999999999931e+00,-9.176299999999999955e+02,-2.189860000000000127e+03,1.966799999999999926e+01,3.298299999999999788e+00,1.187599999999999989e+00,1.229200000000000045e+03,9.134299999999999642e-01,7.884400000000000297e+00,3.820999999999999952e-01,2.168099999999999916e+00,3.474800000000000111e+00,5.698999999999999622e-01
1.159453713232892480e-01,1.361336164869747511e-01,1.014799999999999924e+00,5.241299999999999848e+00,1.140000000000000041e-01,8.050000000000000211e-02,9.206700000000000728e+03,1.403000000000000114e+02,1.698600000000000065e+01,3.009349999999999909e+03,1.335199999999999942e+00,-9.177999999999999545e+02,-2.190010000000000218e+03,1.966799999999999926e+01,3.298200000000000021e+00,1.187599999999999989e+00,1.229200000000000045e+03,9.134200000000000097e-01,7.883899999999999686e+00,3.820999999999999952e-01,2.168099999999999916e+00,3.474699999999999900e+00,5.698999999999999622e-01
1.154036601369929915e-01,1.392594386715377552e-01,1.014899999999999913e+00,5.192400000000000126e+00,1.150000000000000050e-01,8.129999999999999727e-02,9.122200000000000728e+03,1.416999999999999886e+02,1.698400000000000176e+01,3.009289999999999964e+03,1.334999999999999964e+00,-9.179900000000000091e+02,-2.190170000000000073e+03,1.966799999999999926e+01,3.298099999999999810e+00,1.187599999999999989e+00,1.229200000000000045e+03,9.134100000000000552e-01,7.883399999999999963e+00,3.820999999999999952e-01,2.168000000000000149e+00,3.474699999999999900e+00,5.698999999999999622e-01
1.148132323242852249e-01,1.423852608561007593e-01,1.015099999999999891e+00,5.139400000000000190e+00,1.160000000000000059e-01,8.210000000000000631e-02,9.030600000000000364e+03,1.430999999999999943e+02,1.698100000000000165e+01,3.009210000000000036e+03,1.334799999999999986e+00,-9.182000000000000455e+02,-2.190340000000000146e+03,1.966799999999999926e+01,3.297899999999999832e+00,1.187599999999999989e+00,1.229200000000000045e+03,9.133900000000000352e-01,7.882799999999999585e+00,3.820999999999999952e-01,2.168000000000000149e+00,3.474600000000000133e+00,5.698999999999999622e-01
1.141736688407285760e-01,1.455110830406637634e-01,1.015300000000000091e+00,5.082300000000000040e+00,1.179999999999999938e-01,8.300000000000000433e-02,8.931799999999999272e+03,1.448000000000000114e+02,1.697800000000000153e+01,3.009130000000000109e+03,1.334600000000000009e+00,-9.184400000000000546e+02,-2.190539999999999964e+03,1.966799999999999926e+01,3.297800000000000065e+00,1.187599999999999989e+00,1.229099999999999909e+03,9.133700000000000152e-01,7.882200000000000095e+00,3.820999999999999952e-01,2.168000000000000149e+00,3.474499999999999922e+00,5.698999999999999622e-01
1.134845103270852029e-01,1.486369052252267675e-01,1.015500000000000069e+00,5.021200000000000330e+00,1.189999999999999947e-01,8.409999999999999420e-02,8.826100000000000364e+03,1.465999999999999943e+02,1.697400000000000020e+01,3.009039999999999964e+03,1.334400000000000031e+00,-9.187000000000000455e+02,-2.190760000000000218e+03,1.966799999999999926e+01,3.297600000000000087e+00,1.187599999999999989e+00,1.229099999999999909e+03,9.133499999999999952e-01,7.881400000000000183e+00,3.820999999999999952e-01,2.168000000000000149e+00,3.474400000000000155e+00,5.698999999999999622e-01
1.127452553695331150e-01,1.517627274097897994e-01,1.015700000000000047e+00,4.956000000000000405e+00,1.209999999999999964e-01,8.519999999999999796e-02,8.713399999999999636e+03,1.485000000000000000e+02,1.696999999999999886e+01,3.008940000000000055e+03,1.334100000000000064e+00,-9.189900000000000091e+02,-2.191000000000000000e+03,1.966799999999999926e+01,3.297400000000000109e+00,1.187599999999999989e+00,1.229099999999999909e+03,9.133299999999999752e-01,7.880600000000000271e+00,3.821999999999999842e-01,2.168000000000000149e+00,3.474299999999999944e+00,5.698999999999999622e-01
1.119553585608284163e-01,1.548885495943527757e-01,1.016000000000000014e+00,4.886800000000000033e+00,1.229999999999999982e-01,8.640000000000000457e-02,8.593799999999999272e+03,1.506999999999999886e+02,1.696600000000000108e+01,3.008840000000000146e+03,1.333800000000000097e+00,-9.192999999999999545e+02,-2.191269999999999982e+03,1.966799999999999926e+01,3.297200000000000131e+00,1.187599999999999989e+00,1.229099999999999909e+03,9.133099999999999552e-01,7.879800000000000360e+00,3.821999999999999842e-01,2.168000000000000149e+00,3.474200000000000177e+00,5.698999999999999622e-01
1.111142283439357226e-01,1.580143717789158075e-01,1.016199999999999992e+00,4.813600000000000101e+00,1.239999999999999991e-01,8.780000000000000304e-02,8.467399999999999636e+03,1.530000000000000000e+02,1.696099999999999852e+01,3.008710000000000036e+03,1.333499999999999908e+00,-9.196599999999999682e+02,-2.191570000000000164e+03,1.966799999999999926e+01,3.297000000000000153e+00,1.187599999999999989e+00,1.229099999999999909e+03,9.132799999999999807e-01,7.878800000000000026e+00,3.821999999999999842e-01,2.168000000000000149e+00,3.474000000000000199e+00,5.698999999999999622e-01
1.102212246169778642e-01,1.611401939634788116e-01,1.016599999999999948e+00,4.736600000000000144e+00,1.270000000000000018e-01,8.920000000000000151e-02,8.334299999999999272e+03,1.555000000000000000e+02,1.695599999999999952e+01,3.008579999999999927e+03,1.333199999999999941e+00,-9.200499999999999545e+02,-2.191900000000000091e+03,1.966799999999999926e+01,3.296699999999999964e+00,1.187599999999999989e+00,1.229000000000000000e+03,9.132500000000000062e-01,7.877699999999999925e+00,3.821999999999999842e-01,2.168000000000000149e+00,3.473899999999999988e+00,5.698999999999999622e-01
1.092756560752935202e-01,1.642660161480418157e-01,1.016899999999999915e+00,4.655599999999999739e+00,1.290000000000000036e-01,9.080000000000000571e-02,8.194799999999999272e+03,1.583000000000000114e+02,1.694999999999999929e+01,3.008429999999999836e+03,1.332799999999999985e+00,-9.204800000000000182e+02,-2.192260000000000218e+03,1.966799999999999926e+01,3.296499999999999986e+00,1.187599999999999989e+00,1.229000000000000000e+03,9.132200000000000317e-01,7.876500000000000057e+00,3.821999999999999842e-01,2.168000000000000149e+00,3.473700000000000010e+00,5.698999999999999622e-01
1.082767772628620007e-01,1.673918383326048198e-01,1.017300000000000093e+00,4.570899999999999963e+00,1.310000000000000053e-01,9.249999999999999889e-02,8.048399999999999636e+03,1.611999999999999886e+02,1.694399999999999906e+01,3.008269999999999982e+03,1.332400000000000029e+00,-9.209600000000000364e+02,-2.192659999999999854e+03,1.966799999999999926e+01,3.296100000000000030e+00,1.187699999999999978e+00,1.229000000000000000e+03,9.131799999999999917e-01,7.875099999999999767e+00,3.821999999999999842e-01,2.168000000000000149e+00,3.473599999999999799e+00,5.698999999999999622e-01
1.072237853012724951e-01,1.705176605171678239e-01,1.017700000000000049e+00,4.482400000000000162e+00,1.340000000000000080e-01,9.429999999999999494e-02,7.896000000000000000e+03,1.645000000000000000e+02,1.693700000000000117e+01,3.008090000000000146e+03,1.331900000000000084e+00,-9.214800000000000182e+02,-2.193110000000000127e+03,1.966799999999999926e+01,3.295799999999999841e+00,1.187699999999999978e+00,1.228900000000000091e+03,9.131399999999999517e-01,7.873700000000000365e+00,3.821999999999999842e-01,2.167899999999999938e+00,3.473399999999999821e+00,5.698999999999999622e-01
1.061158162596733956e-01,1.736434827017308280e-01,1.018199999999999994e+00,4.390299999999999869e+00,1.370000000000000107e-01,9.639999999999999958e-02,7.736899999999999636e+03,1.680000000000000000e+02,1.692899999999999849e+01,3.007880000000000109e+03,1.331399999999999917e+00,-9.220700000000000500e+02,-2.193599999999999909e+03,1.966799999999999926e+01,3.295399999999999885e+00,1.187699999999999978e+00,1.228900000000000091e+03,9.131000000000000227e-01,7.871999999999999886e+00,3.821999999999999842e-01,2.167899999999999938e+00,3.473100000000000076e+00,5.699999999999999512e-01
1.049519411236106980e-01,1.767693048862938321e-01,1.018699999999999939e+00,4.294500000000000206e+00,1.400000000000000133e-01,9.859999999999999321e-02,7.571800000000000182e+03,1.718000000000000114e+02,1.692099999999999937e+01,3.007659999999999854e+03,1.330799999999999983e+00,-9.227200000000000273e+02,-2.194150000000000091e+03,1.966900000000000048e+01,3.294999999999999929e+00,1.187699999999999978e+00,1.228799999999999955e+03,9.130500000000000282e-01,7.870199999999999640e+00,3.822999999999999732e-01,2.167899999999999938e+00,3.472900000000000098e+00,5.699999999999999512e-01
1.037311613141921884e-01,1.798951270708568639e-01,1.019300000000000095e+00,4.195199999999999818e+00,1.429999999999999882e-01,1.009000000000000036e-01,7.400699999999999818e+03,1.760000000000000000e+02,1.691100000000000136e+01,3.007409999999999854e+03,1.330200000000000049e+00,-9.234400000000000546e+02,-2.194750000000000000e+03,1.966900000000000048e+01,3.294500000000000206e+00,1.187699999999999978e+00,1.228799999999999955e+03,9.129899999999999682e-01,7.868199999999999861e+00,3.822999999999999732e-01,2.167899999999999938e+00,3.472599999999999909e+00,5.699999999999999512e-01
1.024524037014097888e-01,1.830209492554198403e-01,1.019900000000000029e+00,4.092399999999999594e+00,1.469999999999999918e-01,1.034999999999999948e-01,7.223699999999999818e+03,1.805000000000000000e+02,1.689999999999999858e+01,3.007139999999999873e+03,1.329499999999999904e+00,-9.242400000000000091e+02,-2.195429999999999836e+03,1.966900000000000048e+01,3.294000000000000039e+00,1.187699999999999978e+00,1.228700000000000045e+03,9.129300000000000193e-01,7.865999999999999659e+00,3.822999999999999732e-01,2.167899999999999938e+00,3.472300000000000164e+00,5.699999999999999512e-01
1.011145150464783926e-01,1.861467714399828721e-01,1.020599999999999952e+00,3.986200000000000188e+00,1.509999999999999953e-01,1.063999999999999946e-01,7.041000000000000000e+03,1.854000000000000057e+02,1.688800000000000168e+01,3.006829999999999927e+03,1.328699999999999992e+00,-9.251399999999999864e+02,-2.196190000000000055e+03,1.966900000000000048e+01,3.293400000000000105e+00,1.187699999999999978e+00,1.228700000000000045e+03,9.128600000000000048e-01,7.863500000000000156e+00,3.822999999999999732e-01,2.167800000000000171e+00,3.471999999999999975e+00,5.699999999999999512e-01
9.971625579741480450e-02,1.892725936245458485e-01,1.021500000000000075e+00,3.876700000000000035e+00,1.549999999999999989e-01,1.093999999999999972e-01,6.852800000000000182e+03,1.908000000000000114e+02,1.687500000000000000e+01,3.006480000000000018e+03,1.327800000000000091e+00,-9.261499999999999773e+02,-2.197039999999999964e+03,1.966900000000000048e+01,3.292800000000000171e+00,1.187699999999999978e+00,1.228599999999999909e+03,9.127899999999999903e-01,7.860599999999999810e+00,3.824000000000000177e-01,2.167800000000000171e+00,3.471600000000000019e+00,5.699999999999999512e-01
9.825629314942760373e-02,1.923984158091088803e-01,1.022399999999999975e+00,3.763999999999999790e+00,1.600000000000000033e-01,1.127999999999999975e-01,6.659300000000000182e+03,1.965999999999999943e+02,1.685999999999999943e+01,3.006090000000000146e+03,1.326799999999999979e+00,-9.272899999999999636e+02,-2.197989999999999782e+03,1.967000000000000171e+01,3.291999999999999815e+00,1.187799999999999967e+00,1.228500000000000000e+03,9.126999999999999558e-01,7.857499999999999929e+00,3.824000000000000177e-01,2.167800000000000171e+00,3.471200000000000063e+00,5.699999999999999512e-01
9.673319326656282247e-02,1.955242379936718844e-01,1.023400000000000087e+00,3.648200000000000109e+00,1.650000000000000078e-01,1.165000000000000063e-01,6.460600000000000364e+03,2.030000000000000000e+02,1.684299999999999997e+01,3.005650000000000091e+03,1.325700000000000101e+00,-9.285700000000000500e+02,-2.199070000000000164e+03,1.967000000000000171e+01,3.291199999999999903e+00,1.187799999999999967e+00,1.228400000000000091e+03,9.126100000000000323e-01,7.853900000000000325e+00,3.824000000000000177e-01,2.167699999999999960e+00,3.470699999999999896e+00,5.699999999999999512e-01
9.514541254289063388e-02,1.986500601782348885e-01,1.024599999999999955e+00,3.529500000000000082e+00,1.710000000000000131e-01,1.204999999999999960e-01,6.257000000000000000e+03,2.100999999999999943e+02,1.682400000000000162e+01,3.005150000000000091e+03,1.324400000000000022e+00,-9.300199999999999818e+02,-2.200300000000000182e+03,1.967000000000000171e+01,3.290200000000000014e+00,1.187799999999999967e+00,1.228299999999999955e+03,9.124999999999999778e-01,7.849899999999999878e+00,3.825000000000000067e-01,2.167699999999999960e+00,3.470200000000000173e+00,5.699999999999999512e-01
9.349128775960705018e-02,2.017758823627978926e-01,1.025900000000000034e+00,3.407799999999999940e+00,1.769999999999999907e-01,1.248999999999999971e-01,6.048699999999999818e+03,2.178000000000000114e+02,1.680199999999999960e+01,3.004579999999999927e+03,1.322999999999999954e+00,-9.316799999999999500e+02,-2.201690000000000055e+03,1.967000000000000171e+01,3.289200000000000124e+00,1.187799999999999967e+00,1.228200000000000045e+03,9.123700000000000143e-01,7.845200000000000173e+00,3.825000000000000067e-01,2.167600000000000193e+00,3.469500000000000028e+00,5.699999999999999512e-01
9.176902496785888097e-02,2.049017045473608967e-01,1.027400000000000091e+00,3.283399999999999874e+00,1.839999999999999969e-01,1.297999999999999987e-01,5.836000000000000000e+03,2.263000000000000114e+02,1.677700000000000102e+01,3.003920000000000073e+03,1.321299999999999919e+00,-9.335700000000000500e+02,-2.203280000000000200e+03,1.967099999999999937e+01,3.287900000000000045e+00,1.187799999999999967e+00,1.228099999999999909e+03,9.122299999999999853e-01,7.839900000000000091e+00,3.825999999999999956e-01,2.167600000000000193e+00,3.468799999999999883e+00,5.699999999999999512e-01
8.997668689471852166e-02,2.080275267319239008e-01,1.029199999999999893e+00,3.156400000000000095e+00,1.920000000000000040e-01,1.353000000000000036e-01,5.619300000000000182e+03,2.358000000000000114e+02,1.674800000000000111e+01,3.003170000000000073e+03,1.319399999999999906e+00,-9.357599999999999909e+02,-2.205119999999999891e+03,1.967099999999999937e+01,3.286500000000000199e+00,1.187899999999999956e+00,1.227900000000000091e+03,9.120599999999999818e-01,7.833899999999999864e+00,3.825999999999999956e-01,2.167499999999999982e+00,3.467999999999999972e+00,5.699999999999999512e-01
8.811217863005021966e-02,2.111533489164869049e-01,1.031300000000000106e+00,3.026899999999999924e+00,2.010000000000000120e-01,1.413000000000000089e-01,5.398699999999999818e+03,2.463000000000000114e+02,1.671399999999999864e+01,3.002300000000000182e+03,1.317199999999999926e+00,-9.382799999999999727e+02,-2.207250000000000000e+03,1.967200000000000060e+01,3.284800000000000164e+00,1.187899999999999956e+00,1.227799999999999955e+03,9.118699999999999584e-01,7.826800000000000423e+00,3.826999999999999846e-01,2.167499999999999982e+00,3.467099999999999849e+00,5.701000000000000512e-01
8.617323130308759960e-02,2.142791711010499367e-01,1.033700000000000063e+00,2.895199999999999996e+00,2.099999999999999922e-01,1.479999999999999927e-01,5.174699999999999818e+03,2.580000000000000000e+02,1.667599999999999838e+01,3.001280000000000200e+03,1.314599999999999991e+00,-9.412400000000000091e+02,-2.209739999999999782e+03,1.967200000000000060e+01,3.282900000000000151e+00,1.187999999999999945e+00,1.227599999999999909e+03,9.116499999999999604e-01,7.818599999999999994e+00,3.827999999999999736e-01,2.167400000000000215e+00,3.465899999999999981e+00,5.701000000000000512e-01
8.415738339686656966e-02,2.174049932856129130e-01,1.036499999999999977e+00,2.761299999999999866e+00,2.210000000000000020e-01,1.554999999999999993e-01,4.947500000000000000e+03,2.711000000000000227e+02,1.662999999999999901e+01,3.000079999999999927e+03,1.311600000000000099e+00,-9.447100000000000364e+02,-2.212659999999999854e+03,1.967299999999999827e+01,3.280699999999999950e+00,1.187999999999999945e+00,1.227299999999999955e+03,9.113799999999999679e-01,7.808900000000000396e+00,3.829000000000000181e-01,2.167300000000000004e+00,3.464599999999999902e+00,5.701000000000000512e-01
8.206195927291431991e-02,2.205308154701759449e-01,1.039900000000000047e+00,2.625500000000000167e+00,2.330000000000000127e-01,1.640000000000000069e-01,4.717899999999999636e+03,2.858999999999999773e+02,1.657600000000000051e+01,2.998659999999999854e+03,1.308000000000000052e+00,-9.488400000000000318e+02,-2.216139999999999873e+03,1.967399999999999949e+01,3.278000000000000025e+00,1.188099999999999934e+00,1.227099999999999909e+03,9.110700000000000465e-01,7.797399999999999665e+00,3.830000000000000071e-01,2.167100000000000026e+00,3.463099999999999845e+00,5.701000000000000512e-01
7.988985456736130697e-02,2.236566376547389212e-01,1.043900000000000050e+00,2.488399999999999945e+00,2.469999999999999973e-01,1.736000000000000043e-01,4.486800000000000182e+03,3.026999999999999886e+02,1.651200000000000045e+01,2.996960000000000036e+03,1.303700000000000081e+00,-9.537699999999999818e+02,-2.220280000000000200e+03,1.967500000000000071e+01,3.274799999999999933e+00,1.188199999999999923e+00,1.226700000000000045e+03,9.106899999999999995e-01,7.783599999999999852e+00,3.831999999999999851e-01,2.166999999999999815e+00,3.461199999999999832e+00,5.702000000000000401e-01
7.770113031062714226e-02,2.267824598393019531e-01,1.048699999999999966e+00,2.353899999999999881e+00,2.620000000000000107e-01,1.842999999999999916e-01,4.261199999999999818e+03,3.211999999999999886e+02,1.643599999999999994e+01,2.994960000000000036e+03,1.298699999999999966e+00,-9.595499999999999545e+02,-2.225150000000000091e+03,1.967599999999999838e+01,3.270999999999999908e+00,1.188199999999999923e+00,1.226299999999999955e+03,9.102599999999999580e-01,7.767500000000000071e+00,3.832999999999999741e-01,2.166799999999999837e+00,3.459099999999999842e+00,5.702000000000000401e-01
7.551240605389297755e-02,2.299082820238649572e-01,1.054300000000000015e+00,2.223199999999999843e+00,2.790000000000000258e-01,1.960000000000000075e-01,4.042900000000000091e+03,3.416000000000000227e+02,1.634900000000000020e+01,2.992619999999999891e+03,1.292899999999999938e+00,-9.663200000000000500e+02,-2.230849999999999909e+03,1.967699999999999960e+01,3.266599999999999948e+00,1.188399999999999901e+00,1.225900000000000091e+03,9.097399999999999931e-01,7.748599999999999710e+00,3.835000000000000075e-01,2.166599999999999859e+00,3.456500000000000128e+00,5.702000000000000401e-01
7.332368179715882672e-02,2.330341042084279612e-01,1.060999999999999943e+00,2.096099999999999852e+00,2.969999999999999862e-01,2.089999999999999913e-01,3.832099999999999909e+03,3.643000000000000114e+02,1.624599999999999866e+01,2.989860000000000127e+03,1.286000000000000032e+00,-9.743099999999999454e+02,-2.237570000000000164e+03,1.967899999999999849e+01,3.261400000000000077e+00,1.188499999999999890e+00,1.225299999999999955e+03,9.091299999999999937e-01,7.726399999999999935e+00,3.837999999999999745e-01,2.166399999999999881e+00,3.453500000000000014e+00,5.703000000000000291e-01
7.113495754042466201e-02,2.361599263929909653e-01,1.068999999999999950e+00,1.972900000000000098e+00,3.180000000000000049e-01,2.233999999999999875e-01,3.628900000000000091e+03,3.895000000000000000e+02,1.612399999999999878e+01,2.986559999999999945e+03,1.277900000000000036e+00,-9.838099999999999454e+02,-2.245559999999999945e+03,1.967999999999999972e+01,3.255199999999999871e+00,1.188600000000000101e+00,1.224599999999999909e+03,9.084100000000000508e-01,7.699900000000000411e+00,3.840000000000000080e-01,2.166100000000000136e+00,3.449899999999999967e+00,5.704000000000000181e-01
6.894623328369051118e-02,2.392857485775539694e-01,1.078799999999999981e+00,1.853299999999999947e+00,3.410000000000000253e-01,2.396999999999999964e-01,3.433500000000000000e+03,4.178000000000000114e+02,1.597799999999999976e+01,2.982599999999999909e+03,1.268199999999999994e+00,-9.952300000000000182e+02,-2.255170000000000073e+03,1.968299999999999983e+01,3.247799999999999798e+00,1.188800000000000079e+00,1.223900000000000091e+03,9.075400000000000134e-01,7.668099999999999916e+00,3.844000000000000195e-01,2.165799999999999947e+00,3.445600000000000218e+00,5.704000000000000181e-01
6.675750902695634648e-02,2.424115707621169735e-01,1.090700000000000003e+00,1.737500000000000044e+00,3.679999999999999938e-01,2.580000000000000071e-01,3.246099999999999909e+03,4.498000000000000114e+02,1.580300000000000082e+01,2.977780000000000200e+03,1.256499999999999950e+00,-1.009110000000000014e+03,-2.266849999999999909e+03,1.968499999999999872e+01,3.238799999999999901e+00,1.189000000000000057e+00,1.222900000000000091e+03,9.064699999999999980e-01,7.629500000000000171e+00,3.847999999999999754e-01,2.165299999999999780e+00,3.440300000000000136e+00,5.705000000000000071e-01
6.456878477022219565e-02,2.455373929466799776e-01,1.105699999999999905e+00,1.625499999999999945e+00,3.980000000000000204e-01,2.790000000000000258e-01,3.066900000000000091e+03,4.863000000000000114e+02,1.558900000000000041e+01,2.971829999999999927e+03,1.242199999999999971e+00,-1.026220000000000027e+03,-2.281230000000000018e+03,1.968799999999999883e+01,3.227700000000000014e+00,1.189300000000000024e+00,1.221700000000000045e+03,9.051599999999999646e-01,7.581900000000000084e+00,3.852999999999999758e-01,2.164800000000000058e+00,3.433899999999999952e+00,5.705999999999999961e-01
6.247506882058981303e-02,2.486632151312429817e-01,1.123799999999999910e+00,1.521800000000000042e+00,4.319999999999999951e-01,3.020999999999999797e-01,2.903500000000000000e+03,5.266000000000000227e+02,1.533799999999999919e+01,2.964699999999999818e+03,1.225300000000000056e+00,-1.046630000000000109e+03,-2.298389999999999873e+03,1.969200000000000017e+01,3.214500000000000135e+00,1.189599999999999991e+00,1.220299999999999955e+03,9.035900000000000043e-01,7.525100000000000122e+00,3.860000000000000098e-01,2.164200000000000124e+00,3.426099999999999923e+00,5.707999999999999741e-01
6.059462042542457239e-02,2.517890373158059858e-01,1.144700000000000051e+00,1.431499999999999995e+00,4.670000000000000262e-01,3.261000000000000010e-01,2.763800000000000182e+03,5.685000000000000000e+02,1.505899999999999928e+01,2.956679999999999836e+03,1.206499999999999906e+00,-1.069579999999999927e+03,-2.317679999999999836e+03,1.969699999999999918e+01,3.199699999999999989e+00,1.189999999999999947e+00,1.218700000000000045e+03,9.018300000000000205e-01,7.461400000000000254e+00,3.866999999999999882e-01,2.163499999999999979e+00,3.417400000000000215e+00,5.708999999999999631e-01
5.891044006061509075e-02,2.549148595003690176e-01,1.168500000000000094e+00,1.353099999999999969e+00,5.030000000000000027e-01,3.511000000000000232e-01,2.644699999999999818e+03,6.120000000000000000e+02,1.475200000000000067e+01,2.947670000000000073e+03,1.185799999999999965e+00,-1.095230000000000018e+03,-2.339230000000000018e+03,1.970100000000000051e+01,3.183199999999999807e+00,1.190499999999999892e+00,1.216900000000000091e+03,8.998399999999999732e-01,7.390200000000000102e+00,3.876000000000000001e-01,2.162700000000000067e+00,3.407599999999999962e+00,5.711000000000000520e-01
5.740819672916178118e-02,2.580406816849319940e-01,1.195599999999999996e+00,1.284899999999999931e+00,5.410000000000000364e-01,3.769000000000000128e-01,2.543500000000000000e+03,6.570000000000000000e+02,1.441600000000000037e+01,2.937619999999999891e+03,1.163200000000000012e+00,-1.123779999999999973e+03,-2.363210000000000036e+03,1.970700000000000074e+01,3.164800000000000058e+00,1.191000000000000059e+00,1.214900000000000091e+03,8.976199999999999735e-01,7.311099999999999710e+00,3.886000000000000010e-01,2.161799999999999944e+00,3.396700000000000053e+00,5.713000000000000300e-01
5.607626494326285738e-02,2.611665038694950258e-01,1.226599999999999913e+00,1.225999999999999979e+00,5.799999999999999600e-01,4.036000000000000143e-01,2.458000000000000000e+03,7.036000000000000227e+02,1.405199999999999960e+01,2.926429999999999836e+03,1.138400000000000079e+00,-1.155450000000000045e+03,-2.389789999999999964e+03,1.971199999999999974e+01,3.144499999999999851e+00,1.191500000000000004e+00,1.212700000000000045e+03,8.951500000000000012e-01,7.223499999999999588e+00,3.896999999999999909e-01,2.160800000000000054e+00,3.384599999999999831e+00,5.715000000000000080e-01
5.490515358525135947e-02,2.642923260540580577e-01,1.261900000000000022e+00,1.175300000000000011e+00,6.209999999999999964e-01,4.310999999999999832e-01,2.386400000000000091e+03,7.516000000000000227e+02,1.365900000000000070e+01,2.914019999999999982e+03,1.111599999999999921e+00,-1.190390000000000100e+03,-2.419110000000000127e+03,1.971900000000000119e+01,3.122199999999999864e+00,1.192099999999999937e+00,1.210299999999999955e+03,8.924100000000000366e-01,7.127200000000000202e+00,3.909000000000000252e-01,2.159699999999999953e+00,3.371100000000000207e+00,5.716999999999999860e-01
5.388709298519699098e-02,2.674181482386210340e-01,1.302100000000000035e+00,1.132100000000000106e+00,6.630000000000000338e-01,4.595000000000000195e-01,2.327300000000000182e+03,8.010000000000000000e+02,1.323799999999999955e+01,2.900340000000000146e+03,1.082799999999999985e+00,-1.228759999999999991e+03,-2.451280000000000200e+03,1.972500000000000142e+01,3.097799999999999887e+00,1.192800000000000082e+00,1.207599999999999909e+03,8.893799999999999484e-01,7.021600000000000286e+00,3.924000000000000266e-01,2.158500000000000085e+00,3.356300000000000061e+00,5.719999999999999529e-01
5.301573136706881628e-02,2.705439704231840103e-01,1.347599999999999909e+00,1.095800000000000107e+00,7.069999999999999618e-01,4.885999999999999788e-01,2.279099999999999909e+03,8.517999999999999545e+02,1.278999999999999915e+01,2.885300000000000182e+03,1.052100000000000035e+00,-1.270700000000000045e+03,-2.486429999999999836e+03,1.973300000000000054e+01,3.071299999999999919e+00,1.193599999999999994e+00,1.204599999999999909e+03,8.860500000000000043e-01,6.906600000000000072e+00,3.940000000000000169e-01,2.157099999999999795e+00,3.339999999999999858e+00,5.722000000000000419e-01
5.228590905517008225e-02,2.736697926077470422e-01,1.399399999999999977e+00,1.065900000000000070e+00,7.520000000000000018e-01,5.183999999999999719e-01,2.240800000000000182e+03,9.037000000000000455e+02,1.231799999999999962e+01,2.868829999999999927e+03,1.019400000000000084e+00,-1.316339999999999918e+03,-2.524659999999999854e+03,1.974099999999999966e+01,3.042600000000000193e+00,1.194499999999999895e+00,1.201400000000000091e+03,8.823999999999999622e-01,6.781900000000000261e+00,3.958999999999999742e-01,2.155600000000000183e+00,3.322299999999999809e+00,5.725000000000000089e-01
5.169348948179483538e-02,2.767956147923100740e-01,1.457999999999999963e+00,1.041800000000000059e+00,7.990000000000000435e-01,5.489000000000000545e-01,2.211199999999999818e+03,9.568999999999999773e+02,1.182199999999999918e+01,2.850869999999999891e+03,9.849500000000001032e-01,-1.365809999999999945e+03,-2.566059999999999945e+03,1.974899999999999878e+01,3.011699999999999822e+00,1.195400000000000018e+00,1.197799999999999955e+03,8.784199999999999786e-01,6.647400000000000198e+00,3.980000000000000204e-01,2.153999999999999915e+00,3.302900000000000169e+00,5.728999999999999648e-01
5.123523283586749189e-02,2.799214369768730504e-01,1.524599999999999955e+00,1.023500000000000076e+00,8.469999999999999751e-01,5.799999999999999600e-01,2.189500000000000000e+03,1.011100000000000023e+03,1.130599999999999916e+01,2.831369999999999891e+03,9.488799999999999457e-01,-1.419160000000000082e+03,-2.610670000000000073e+03,1.975799999999999912e+01,2.978699999999999903e+00,1.196499999999999897e+00,1.194000000000000000e+03,8.740900000000000336e-01,6.503300000000000303e+00,4.003999999999999782e-01,2.152099999999999902e+00,3.281899999999999817e+00,5.732000000000000428e-01
5.090870267270970750e-02,2.830472591614360267e-01,1.600000000000000089e+00,1.010499999999999954e+00,8.960000000000000187e-01,6.117000000000000215e-01,2.174900000000000091e+03,1.066299999999999955e+03,1.077299999999999969e+01,2.810269999999999982e+03,9.113799999999999679e-01,-1.476450000000000045e+03,-2.658530000000000200e+03,1.976699999999999946e+01,2.943599999999999994e+00,1.197699999999999987e+00,1.189799999999999955e+03,8.693999999999999506e-01,6.349599999999999689e+00,4.030000000000000249e-01,2.150100000000000122e+00,3.259199999999999875e+00,5.735999999999999988e-01
5.071219885623190482e-02,2.861730813459990586e-01,1.685499999999999998e+00,1.002699999999999925e+00,9.469999999999999529e-01,6.438000000000000389e-01,2.166500000000000000e+03,1.122299999999999955e+03,1.022700000000000031e+01,2.787510000000000218e+03,8.726300000000000168e-01,-1.537740000000000009e+03,-2.709670000000000073e+03,1.977599999999999980e+01,2.906400000000000095e+00,1.198900000000000077e+00,1.185400000000000091e+03,8.643300000000000427e-01,6.186600000000000321e+00,4.061000000000000165e-01,2.147899999999999920e+00,3.234700000000000131e+00,5.738999999999999657e-01
5.064471236202704174e-02,2.892989035305620904e-01,1.777800000000000047e+00,1.000000000000000000e+00,9.959999999999999964e-01,6.749000000000000554e-01,2.163800000000000182e+03,1.176400000000000091e+03,9.695499999999999119e+00,2.764199999999999818e+03,8.346800000000000885e-01,-1.599960000000000036e+03,-2.761539999999999964e+03,1.978600000000000136e+01,2.869299999999999962e+00,1.200299999999999923e+00,1.180799999999999955e+03,8.591299999999999493e-01,6.022800000000000153e+00,4.092999999999999972e-01,2.145700000000000163e+00,3.209700000000000220e+00,5.743000000000000327e-01
5.064467385658361770e-02,2.893753906888769101e-01,1.784999999999999920e+00,1.000000000000000000e+00,1.000000000000000000e+00,6.772000000000000242e-01,2.163800000000000182e+03,1.180400000000000091e+03,9.656399999999999650e+00,2.762429999999999836e+03,8.318699999999999983e-01,-1.604660000000000082e+03,-2.765460000000000036e+03,1.978699999999999903e+01,2.866499999999999826e+00,1.200399999999999912e+00,1.180400000000000091e+03,8.587299999999999933e-01,6.010500000000000398e+00,4.094999999999999751e-01,2.145500000000000185e+00,3.207800000000000207e+00,5.743000000000000327e-01
5.077606134039721469e-02,2.924247257151251222e-01,1.947300000000000031e+00,1.005200000000000093e+00,1.076000000000000068e+00,7.241999999999999549e-01,2.168599999999999909e+03,1.262500000000000000e+03,8.851800000000000779e+00,2.724420000000000073e+03,7.737700000000000689e-01,-1.704910000000000082e+03,-2.848900000000000091e+03,1.980099999999999838e+01,2.807799999999999851e+00,1.202599999999999891e+00,1.172900000000000091e+03,8.502300000000000413e-01,5.750799999999999912e+00,4.151000000000000245e-01,2.141700000000000159e+00,3.167199999999999793e+00,5.748999999999999666e-01
5.118663306595208629e-02,2.955505478996880986e-01,2.147499999999999964e+00,1.021500000000000075e+00,1.157000000000000028e+00,7.730000000000000204e-01,2.182500000000000000e+03,1.347599999999999909e+03,8.026600000000000179e+00,2.681690000000000055e+03,7.133600000000001051e-01,-1.815940000000000055e+03,-2.941119999999999891e+03,1.981599999999999895e+01,2.744600000000000151e+00,1.205200000000000049e+00,1.164500000000000000e+03,8.406500000000000083e-01,5.469699999999999562e+00,4.218000000000000083e-01,2.137399999999999967e+00,3.121599999999999930e+00,5.756000000000000005e-01
5.188652510792542832e-02,2.986763700842510749e-01,2.392100000000000115e+00,1.049600000000000088e+00,1.241000000000000103e+00,8.225999999999999979e-01,2.204300000000000182e+03,1.434099999999999909e+03,7.205700000000000216e+00,2.634630000000000109e+03,6.523500000000000965e-01,-1.936220000000000027e+03,-3.040800000000000182e+03,1.983200000000000074e+01,2.678599999999999870e+00,1.208099999999999952e+00,1.155200000000000045e+03,8.300699999999999745e-01,5.174000000000000377e+00,4.297000000000000264e-01,2.132400000000000073e+00,3.071600000000000108e+00,5.763000000000000345e-01
5.289402893060658750e-02,3.018021922688141068e-01,2.691800000000000193e+00,1.090799999999999992e+00,1.328999999999999959e+00,8.727000000000000313e-01,2.232699999999999818e+03,1.521400000000000091e+03,6.403500000000000192e+00,2.583230000000000018e+03,5.917099999999999582e-01,-2.065269999999999982e+03,-3.147469999999999800e+03,1.984700000000000131e+01,2.610899999999999999e+00,1.211400000000000032e+00,1.145000000000000000e+03,8.184700000000000308e-01,4.868400000000000283e+00,4.389000000000000123e-01,2.126900000000000013e+00,3.017100000000000115e+00,5.769999999999999574e-01
5.423831602793992290e-02,3.049280144533771386e-01,3.063899999999999846e+00,1.147000000000000020e+00,1.419999999999999929e+00,9.234999999999999876e-01,2.267000000000000000e+03,1.609900000000000091e+03,5.625799999999999912e+00,2.527000000000000000e+03,5.318100000000000049e-01,-2.203820000000000164e+03,-3.261679999999999836e+03,1.986199999999999832e+01,2.542199999999999793e+00,1.214900000000000091e+00,1.133700000000000045e+03,8.057199999999999918e-01,4.555600000000000094e+00,4.495999999999999996e-01,2.120600000000000041e+00,2.957800000000000207e+00,5.776999999999999913e-01
5.596442846781127245e-02,3.080538366379401150e-01,3.532500000000000195e+00,1.221100000000000074e+00,1.516000000000000014e+00,9.749999999999999778e-01,2.306500000000000000e+03,1.699700000000000045e+03,4.879400000000000404e+00,2.465429999999999836e+03,4.731099999999999750e-01,-2.352500000000000000e+03,-3.383860000000000127e+03,1.987600000000000122e+01,2.473399999999999821e+00,1.218800000000000106e+00,1.121200000000000045e+03,7.916999999999999593e-01,4.239200000000000301e+00,4.618999999999999773e-01,2.113500000000000156e+00,2.892999999999999794e+00,5.784000000000000252e-01
5.804949433350294064e-02,3.111796588225030913e-01,4.108399999999999608e+00,1.313800000000000079e+00,1.614000000000000101e+00,1.025600000000000067e+00,2.349199999999999818e+03,1.787799999999999955e+03,4.195500000000000007e+00,2.400500000000000000e+03,4.180600000000000427e-01,-2.506150000000000091e+03,-3.509719999999999800e+03,1.988800000000000168e+01,2.408100000000000129e+00,1.222900000000000098e+00,1.107799999999999955e+03,7.768399999999999750e-01,3.935200000000000031e+00,4.753999999999999893e-01,2.105700000000000127e+00,2.825000000000000178e+00,5.789999999999999591e-01
5.996578231850561991e-02,3.143054810070661231e-01,4.657700000000000173e+00,1.401999999999999913e+00,1.693000000000000060e+00,1.064799999999999969e+00,2.384500000000000000e+03,1.856200000000000045e+03,3.700699999999999878e+00,2.346929999999999836e+03,3.773400000000000087e-01,-2.630650000000000091e+03,-3.611389999999999873e+03,1.989699999999999847e+01,2.359700000000000131e+00,1.226099999999999968e+00,1.096599999999999909e+03,7.645199999999999774e-01,3.707199999999999829e+00,4.865999999999999770e-01,2.099000000000000199e+00,2.769000000000000128e+00,5.795000000000000151e-01
6.168308564526755328e-02,3.174313031916291550e-01,5.170300000000000118e+00,1.483400000000000052e+00,1.756999999999999895e+00,1.095699999999999896e+00,2.413699999999999818e+03,1.910000000000000000e+03,3.333800000000000097e+00,2.302699999999999818e+03,3.465700000000000447e-01,-2.732059999999999945e+03,-3.694010000000000218e+03,1.990299999999999869e+01,2.323399999999999910e+00,1.228699999999999903e+00,1.087200000000000045e+03,7.542999999999999705e-01,3.533999999999999808e+00,4.959000000000000075e-01,2.093199999999999950e+00,2.722999999999999865e+00,5.798999999999999710e-01
6.325292184583265753e-02,3.205571253761921868e-01,5.657899999999999707e+00,1.559900000000000064e+00,1.810999999999999943e+00,1.121199999999999974e+00,2.438500000000000000e+03,1.954500000000000000e+03,3.046499999999999986e+00,2.264780000000000200e+03,3.220800000000000329e-01,-2.818030000000000200e+03,-3.763920000000000073e+03,1.990800000000000125e+01,2.294799999999999951e+00,1.230799999999999894e+00,1.079000000000000000e+03,7.455100000000000060e-01,3.396100000000000119e+00,5.037000000000000366e-01,2.088200000000000056e+00,2.683600000000000207e+00,5.800999999999999490e-01
6.470779960133626885e-02,3.236829475607551632e-01,6.127200000000000202e+00,1.632500000000000062e+00,1.858999999999999986e+00,1.143000000000000016e+00,2.460099999999999909e+03,1.992400000000000091e+03,2.813200000000000145e+00,2.231489999999999782e+03,3.019000000000000572e-01,-2.892849999999999909e+03,-3.824659999999999854e+03,1.991100000000000136e+01,2.271599999999999842e+00,1.232599999999999918e+00,1.071700000000000045e+03,7.377599999999999714e-01,3.282799999999999940e+00,5.104999999999999538e-01,2.083699999999999886e+00,2.649000000000000021e+00,5.803000000000000380e-01
6.606979268189615284e-02,3.268087697453181395e-01,6.582499999999999574e+00,1.701899999999999968e+00,1.901999999999999913e+00,1.161899999999999933e+00,2.479300000000000182e+03,2.025500000000000000e+03,2.618599999999999817e+00,2.201750000000000000e+03,2.848600000000000021e-01,-2.959179999999999836e+03,-3.878440000000000055e+03,1.991400000000000148e+01,2.252200000000000202e+00,1.234199999999999964e+00,1.065200000000000045e+03,7.308200000000000252e-01,3.187500000000000000e+00,5.163999999999999702e-01,2.079600000000000115e+00,2.618199999999999861e+00,5.805000000000000160e-01
6.735470230472916098e-02,3.299345919298811713e-01,7.026600000000000179e+00,1.768799999999999928e+00,1.939999999999999947e+00,1.178700000000000081e+00,2.496599999999999909e+03,2.054699999999999818e+03,2.453100000000000058e+00,2.174840000000000146e+03,2.701900000000000412e-01,-3.018829999999999927e+03,-3.926739999999999782e+03,1.991700000000000159e+01,2.235899999999999999e+00,1.235600000000000032e+00,1.059099999999999909e+03,7.245200000000000529e-01,3.105900000000000105e+00,5.215999999999999526e-01,2.075699999999999878e+00,2.590399999999999814e+00,5.806000000000000050e-01
6.857430073721429431e-02,3.330604141144442032e-01,7.461000000000000298e+00,1.833399999999999919e+00,1.975000000000000089e+00,1.193699999999999983e+00,2.512199999999999818e+03,2.080900000000000091e+03,2.310299999999999798e+00,2.150280000000000200e+03,2.573900000000000077e-01,-3.072969999999999800e+03,-3.970539999999999964e+03,1.991900000000000048e+01,2.221900000000000208e+00,1.236799999999999899e+00,1.053599999999999909e+03,7.187599999999999545e-01,3.035200000000000120e+00,5.262000000000000011e-01,2.072200000000000042e+00,2.564999999999999947e+00,5.806999999999999940e-01
6.973763778372779609e-02,3.361862362990071795e-01,7.888099999999999667e+00,1.896099999999999897e+00,2.007000000000000117e+00,1.207300000000000040e+00,2.526599999999999909e+03,2.104599999999999909e+03,2.185200000000000031e+00,2.127619999999999891e+03,2.460700000000000109e-01,-3.122670000000000073e+03,-4.010710000000000036e+03,1.992099999999999937e+01,2.209700000000000220e+00,1.237800000000000011e+00,1.048400000000000091e+03,7.134300000000000086e-01,2.972900000000000098e+00,5.302999999999999936e-01,2.068900000000000183e+00,2.541599999999999859e+00,5.806999999999999940e-01
7.085184831033494723e-02,3.393120584835701559e-01,8.308799999999999741e+00,1.957200000000000051e+00,2.036999999999999922e+00,1.219799999999999995e+00,2.539800000000000182e+03,2.126300000000000182e+03,2.074500000000000011e+00,2.106610000000000127e+03,2.359600000000000031e-01,-3.168590000000000146e+03,-4.047789999999999964e+03,1.992200000000000060e+01,2.198999999999999844e+00,1.238799999999999901e+00,1.043599999999999909e+03,7.084799999999999986e-01,2.917699999999999960e+00,5.339000000000000412e-01,2.065799999999999859e+00,2.519899999999999807e+00,5.807999999999999829e-01
7.192267565466051171e-02,3.424378806681331877e-01,8.724399999999999267e+00,2.016799999999999926e+00,2.065999999999999837e+00,1.231200000000000072e+00,2.552099999999999909e+03,2.146300000000000182e+03,1.975700000000000012e+00,2.086980000000000018e+03,2.268400000000000416e-01,-3.211300000000000182e+03,-4.082250000000000000e+03,1.992299999999999827e+01,2.189499999999999780e+00,1.239700000000000024e+00,1.039099999999999909e+03,7.038400000000000212e-01,2.868300000000000072e+00,5.372999999999999998e-01,2.062800000000000189e+00,2.499699999999999811e+00,5.807999999999999829e-01
7.295482430982708211e-02,3.455637028526962196e-01,9.134700000000000486e+00,2.075099999999999945e+00,2.092000000000000082e+00,1.241800000000000015e+00,2.563599999999999909e+03,2.164800000000000182e+03,1.887000000000000011e+00,2.068610000000000127e+03,2.185900000000000343e-01,-3.251150000000000091e+03,-4.114390000000000327e+03,1.992399999999999949e+01,2.181099999999999817e+00,1.240399999999999947e+00,1.034799999999999955e+03,6.995000000000000107e-01,2.823799999999999866e+00,5.403000000000000025e-01,2.060099999999999820e+00,2.480799999999999894e+00,5.808999999999999719e-01
7.395220538068075777e-02,3.486895250372591959e-01,9.540900000000000603e+00,2.132200000000000095e+00,2.116999999999999993e+00,1.251700000000000035e+00,2.574300000000000182e+03,2.182000000000000000e+03,1.806599999999999984e+00,2.051309999999999945e+03,2.110599999999999976e-01,-3.288550000000000182e+03,-4.144529999999999745e+03,1.992500000000000071e+01,2.173500000000000210e+00,1.241100000000000092e+00,1.030700000000000045e+03,6.953899999999999526e-01,2.783500000000000085e+00,5.430000000000000382e-01,2.057399999999999896e+00,2.463000000000000078e+00,5.808999999999999719e-01
7.491811215455848605e-02,3.518153472218222277e-01,9.943599999999999994e+00,2.188299999999999912e+00,2.141000000000000014e+00,1.260899999999999910e+00,2.584400000000000091e+03,2.198099999999999909e+03,1.733500000000000041e+00,2.034970000000000027e+03,2.041500000000000259e-01,-3.323789999999999964e+03,-4.172920000000000073e+03,1.992599999999999838e+01,2.166700000000000070e+00,1.241800000000000015e+00,1.026900000000000091e+03,6.915099999999999580e-01,2.746700000000000141e+00,5.454999999999999849e-01,2.054800000000000182e+00,2.446200000000000152e+00,5.808999999999999719e-01
7.585534866874492355e-02,3.549411694063852041e-01,1.034299999999999997e+01,2.243399999999999839e+00,2.162999999999999812e+00,1.269600000000000062e+00,2.593900000000000091e+03,2.213199999999999818e+03,1.666500000000000092e+00,2.019480000000000018e+03,1.977700000000000014e-01,-3.357110000000000127e+03,-4.199750000000000000e+03,1.992699999999999960e+01,2.160499999999999865e+00,1.242399999999999949e+00,1.023200000000000045e+03,6.878300000000000525e-01,2.712899999999999867e+00,5.477999999999999536e-01,2.052400000000000002e+00,2.430299999999999905e+00,5.808999999999999719e-01
7.676632579663489331e-02,3.580669915909482359e-01,1.074000000000000021e+01,2.297600000000000087e+00,2.185000000000000053e+00,1.277800000000000047e+00,2.603000000000000000e+03,2.227400000000000091e+03,1.604999999999999982e+00,2.004750000000000000e+03,1.918700000000000128e-01,-3.388710000000000036e+03,-4.225170000000000073e+03,1.992699999999999960e+01,2.154900000000000038e+00,1.243000000000000105e+00,1.019700000000000045e+03,6.843200000000000394e-01,2.681799999999999962e+00,5.499000000000000554e-01,2.050100000000000033e+00,2.415200000000000014e+00,5.808999999999999719e-01
7.765313435243167972e-02,3.611928137755112123e-01,1.113400000000000034e+01,2.350999999999999979e+00,2.205000000000000071e+00,1.285500000000000087e+00,2.611500000000000000e+03,2.240900000000000091e+03,1.548100000000000032e+00,1.990720000000000027e+03,1.863900000000000001e-01,-3.418750000000000000e+03,-4.249340000000000146e+03,1.992800000000000082e+01,2.149799999999999933e+00,1.243500000000000050e+00,1.016299999999999955e+03,6.809699999999999642e-01,2.653099999999999792e+00,5.517999999999999572e-01,2.047800000000000065e+00,2.400900000000000034e+00,5.807999999999999829e-01
7.851760159542958695e-02,3.643186359600742441e-01,1.152599999999999980e+01,2.403599999999999959e+00,2.225000000000000089e+00,1.292799999999999949e+00,2.619699999999999818e+03,2.253599999999999909e+03,1.495500000000000052e+00,1.977329999999999927e+03,1.812799999999999967e-01,-3.447389999999999873e+03,-4.272359999999999673e+03,1.992800000000000082e+01,2.145099999999999785e+00,1.243900000000000006e+00,1.013000000000000000e+03,6.777600000000000291e-01,2.626399999999999846e+00,5.534999999999999920e-01,2.045599999999999863e+00,2.387100000000000222e+00,5.807999999999999829e-01
7.936133552107697831e-02,3.674444581446372204e-01,1.191600000000000037e+01,2.455600000000000005e+00,2.244000000000000217e+00,1.299700000000000077e+00,2.627500000000000000e+03,2.265699999999999818e+03,1.446600000000000108e+00,1.964509999999999991e+03,1.764999999999999902e-01,-3.474739999999999782e+03,-4.294350000000000364e+03,1.992899999999999849e+01,2.140800000000000036e+00,1.244399999999999951e+00,1.009899999999999977e+03,6.746900000000000119e-01,2.601599999999999913e+00,5.552000000000000268e-01,2.043600000000000083e+00,2.374000000000000110e+00,5.807999999999999829e-01
8.018576001823857213e-02,3.705702803292002523e-01,1.230400000000000027e+01,2.506800000000000139e+00,2.262000000000000011e+00,1.306300000000000017e+00,2.634900000000000091e+03,2.277300000000000182e+03,1.401000000000000023e+00,1.952210000000000036e+03,1.720099999999999962e-01,-3.500920000000000073e+03,-4.315380000000000109e+03,1.992899999999999849e+01,2.136800000000000033e+00,1.244799999999999907e+00,1.006899999999999977e+03,6.717400000000000038e-01,2.578399999999999803e+00,5.566999999999999726e-01,2.041500000000000092e+00,2.361400000000000166e+00,5.806999999999999940e-01
8.099214309446470250e-02,3.736961025137632841e-01,1.268999999999999950e+01,2.557500000000000107e+00,2.278999999999999915e+00,1.312699999999999978e+00,2.642000000000000000e+03,2.288300000000000182e+03,1.358300000000000063e+00,1.940410000000000082e+03,1.677899999999999947e-01,-3.526019999999999982e+03,-4.335550000000000182e+03,1.992999999999999972e+01,2.133100000000000218e+00,1.245200000000000085e+00,1.004000000000000000e+03,6.689100000000000046e-01,2.556700000000000195e+00,5.581000000000000405e-01,2.039600000000000080e+00,2.349400000000000155e+00,5.806999999999999940e-01
8.178161977002221250e-02,3.768219246983262605e-01,1.307499999999999929e+01,2.607600000000000140e+00,2.295999999999999819e+00,1.318699999999999983e+00,2.648900000000000091e+03,2.298800000000000182e+03,1.318300000000000027e+00,1.929059999999999945e+03,1.638100000000000112e-01,-3.550139999999999873e+03,-4.354909999999999854e+03,1.992999999999999972e+01,2.129700000000000149e+00,1.245500000000000052e+00,1.001200000000000045e+03,6.661799999999999944e-01,2.536300000000000221e+00,5.594000000000000083e-01,2.037700000000000067e+00,2.337800000000000100e+00,5.806999999999999940e-01
8.255521082208999717e-02,3.799477468828892923e-01,1.345800000000000018e+01,2.657200000000000006e+00,2.311999999999999833e+00,1.324500000000000011e+00,2.655400000000000091e+03,2.308800000000000182e+03,1.280799999999999939e+00,1.918119999999999891e+03,1.600600000000000078e-01,-3.573329999999999927e+03,-4.373529999999999745e+03,1.992999999999999972e+01,2.126500000000000057e+00,1.245900000000000007e+00,9.985000000000000000e+02,6.635400000000000187e-01,2.517100000000000115e+00,5.605999999999999872e-01,2.035800000000000054e+00,2.326600000000000001e+00,5.806000000000000050e-01
8.331383826305496787e-02,3.830735690674522687e-01,1.383999999999999986e+01,2.706199999999999939e+00,2.327999999999999847e+00,1.330000000000000071e+00,2.661699999999999818e+03,2.318500000000000000e+03,1.245400000000000063e+00,1.907569999999999936e+03,1.565000000000000002e-01,-3.595679999999999836e+03,-4.391460000000000036e+03,1.993100000000000094e+01,2.123499999999999943e+00,1.246199999999999974e+00,9.957999999999999545e+02,6.610000000000000320e-01,2.499000000000000110e+00,5.616999999999999771e-01,2.033999999999999808e+00,2.315900000000000070e+00,5.806000000000000050e-01
8.405833822258665378e-02,3.861993912520153005e-01,1.422100000000000009e+01,2.754799999999999915e+00,2.343999999999999861e+00,1.335299999999999931e+00,2.667800000000000182e+03,2.327800000000000182e+03,1.211999999999999966e+00,1.897390000000000100e+03,1.531300000000000161e-01,-3.617230000000000018e+03,-4.408750000000000000e+03,1.993100000000000094e+01,2.120800000000000018e+00,1.246499999999999941e+00,9.932999999999999545e+02,6.585400000000000142e-01,2.481899999999999995e+00,5.626999999999999780e-01,2.032300000000000217e+00,2.305499999999999883e+00,5.805000000000000160e-01
8.478947174669065889e-02,3.893252134365782768e-01,1.460100000000000087e+01,2.802999999999999936e+00,2.358000000000000096e+00,1.340400000000000036e+00,2.673699999999999818e+03,2.336699999999999818e+03,1.180500000000000105e+00,1.887539999999999964e+03,1.499200000000000255e-01,-3.638050000000000182e+03,-4.425449999999999818e+03,1.993100000000000094e+01,2.118199999999999861e+00,1.246799999999999908e+00,9.907999999999999545e+02,6.561599999999999655e-01,2.465599999999999792e+00,5.636999999999999789e-01,2.030600000000000183e+00,2.295399999999999885e+00,5.805000000000000160e-01
8.550793391119362874e-02,3.924510356211413087e-01,1.498000000000000043e+01,2.850699999999999790e+00,2.373000000000000220e+00,1.345399999999999929e+00,2.679300000000000182e+03,2.345300000000000182e+03,1.150600000000000067e+00,1.878000000000000000e+03,1.468700000000000006e-01,-3.658170000000000073e+03,-4.441590000000000146e+03,1.993100000000000094e+01,2.115800000000000125e+00,1.247000000000000108e+00,9.883999999999999773e+02,6.538500000000000423e-01,2.450200000000000156e+00,5.645999999999999908e-01,2.028900000000000148e+00,2.285699999999999843e+00,5.804000000000000270e-01
8.621436156048004062e-02,3.955768578057042850e-01,1.535899999999999999e+01,2.898000000000000131e+00,2.387000000000000011e+00,1.350100000000000078e+00,2.684800000000000182e+03,2.353599999999999909e+03,1.122300000000000075e+00,1.868769999999999982e+03,1.439700000000000146e-01,-3.677650000000000091e+03,-4.457210000000000036e+03,1.993199999999999861e+01,2.113500000000000156e+00,1.247300000000000075e+00,9.861000000000000227e+02,6.516100000000000225e-01,2.435599999999999987e+00,5.655000000000000027e-01,2.027299999999999880e+00,2.276299999999999990e+00,5.803000000000000380e-01
8.690933991675395265e-02,3.987026799902673169e-01,1.573499999999999943e+01,2.944900000000000073e+00,2.399999999999999911e+00,1.354700000000000015e+00,2.690099999999999909e+03,2.361599999999999909e+03,1.095499999999999918e+00,1.859829999999999927e+03,1.411999999999999922e-01,-3.696480000000000018e+03,-4.472310000000000400e+03,1.993199999999999861e+01,2.111400000000000166e+00,1.247500000000000053e+00,9.837999999999999545e+02,6.494499999999999718e-01,2.421699999999999964e+00,5.662000000000000366e-01,2.025799999999999823e+00,2.267300000000000093e+00,5.803000000000000380e-01
8.759340825500055994e-02,4.018285021748302932e-01,1.611100000000000065e+01,2.991400000000000059e+00,2.414000000000000146e+00,1.359199999999999964e+00,2.695199999999999818e+03,2.369300000000000182e+03,1.069900000000000073e+00,1.851140000000000100e+03,1.385500000000000065e-01,-3.714780000000000200e+03,-4.486979999999999563e+03,1.993199999999999861e+01,2.109399999999999942e+00,1.247700000000000031e+00,9.816000000000000227e+02,6.473400000000000265e-01,2.408399999999999874e+00,5.669999999999999485e-01,2.024199999999999999e+00,2.258399999999999963e+00,5.802000000000000490e-01
8.826706480017437739e-02,4.049543243593933251e-01,1.648699999999999832e+01,3.037599999999999856e+00,2.427000000000000046e+00,1.363399999999999945e+00,2.700199999999999818e+03,2.376800000000000182e+03,1.045500000000000096e+00,1.842700000000000045e+03,1.360100000000000198e-01,-3.732550000000000182e+03,-4.501210000000000036e+03,1.993199999999999861e+01,2.107499999999999929e+00,1.247900000000000009e+00,9.793999999999999773e+02,6.452799999999999647e-01,2.395700000000000163e+00,5.676999999999999824e-01,2.022699999999999942e+00,2.249800000000000022e+00,5.800999999999999490e-01
8.893077097306202605e-02,4.080801465439563569e-01,1.686199999999999832e+01,3.083400000000000141e+00,2.439000000000000057e+00,1.367599999999999927e+00,2.705000000000000000e+03,2.384000000000000000e+03,1.022199999999999998e+00,1.834490000000000009e+03,1.335800000000000043e-01,-3.749800000000000182e+03,-4.515039999999999964e+03,1.993199999999999861e+01,2.105799999999999894e+00,1.248099999999999987e+00,9.772999999999999545e+02,6.432799999999999629e-01,2.383500000000000174e+00,5.683000000000000274e-01,2.021300000000000097e+00,2.241499999999999826e+00,5.800999999999999490e-01
8.958495508766334270e-02,4.112059687285193332e-01,1.723699999999999832e+01,3.129000000000000004e+00,2.451999999999999957e+00,1.371599999999999930e+00,2.709699999999999818e+03,2.391099999999999909e+03,1.000000000000000000e+00,1.826509999999999991e+03,1.312500000000000056e-01,-3.766579999999999927e+03,-4.528479999999999563e+03,1.993199999999999861e+01,2.104099999999999859e+00,1.248299999999999965e+00,9.752000000000000455e+02,6.413400000000000212e-01,2.371900000000000119e+00,5.688999999999999613e-01,2.019800000000000040e+00,2.233400000000000052e+00,5.799999999999999600e-01
