4.673609347218695559e-02,0.000000000000000000e+00,1.000000000000000000e+00,4.500099999999999767e+00,0.000000000000000000e+00,0.000000000000000000e+00,0.000000000000000000e+00,0.000000000000000000e+00,1.799500000000000099e+01,3.041539999999999964e+03,1.407899999999999929e+00,-9.044299999999999500e+02,-2.182630000000000109e+03,1.978500000000000014e+01,3.366999999999999993e+00,1.184900000000000064e+00,1.230700000000000045e+03,9.224400000000000377e-01,8.123400000000000176e+00,3.822999999999999732e-01,2.164800000000000058e+00,3.487299999999999844e+00,5.725999999999999979e-01
4.673609347218695559e-02,2.136685492678968082e-03,1.000213131313131276e+00,4.500099999999999767e+00,1.343434343434343585e-03,9.474747474747473698e-04,8.026767676767676107e+01,1.655555555555555669e+00,1.799125252525252705e+01,3.041488181818181602e+03,1.407631313131312956e+00,-9.045657575757575160e+02,-2.182742828282828214e+03,1.978502020202020262e+01,3.366955555555555701e+00,1.184900000000000064e+00,1.230688888888888869e+03,9.224285858585858922e-01,8.123185858585859620e+00,3.823010101010100859e-01,2.164795959595959829e+00,3.487245454545454315e+00,5.726010101010100550e-01
4.673609347218695559e-02,4.273370985357936164e-03,1.000426262626262552e+00,4.500099999999999767e+00,2.686868686868687170e-03,1.894949494949494740e-03,1.605353535353535221e+02,3.311111111111111338e+00,1.798750505050505311e+01,3.041436363636363694e+03,1.407362626262626204e+00,-9.047015151515150819e+02,-2.182855656565656773e+03,1.978504040404040509e+01,3.366911111111110966e+00,1.184900000000000064e+00,1.230677777777777919e+03,9.224171717171717466e-01,8.122971717171717287e+00,3.823020202020201985e-01,2.164791919191919156e+00,3.487190909090908786e+00,5.726020202020202232e-01
4.673609347218695559e-02,6.410056478036904246e-03,1.000639393939393829e+00,4.500099999999999767e+00,4.030303030303030755e-03,2.842424242424242218e-03,2.408030303030302832e+02,4.966666666666666785e+00,1.798375757575757561e+01,3.041384545454545332e+03,1.407093939393939230e+00,-9.048372727272726479e+02,-2.182968484848484877e+03,1.978506060606060757e+01,3.366866666666666674e+00,1.184900000000000064e+00,1.230666666666666742e+03,9.224057575757576011e-01,8.122757575757576731e+00,3.823030303030302557e-01,2.164787878787878928e+00,3.487136363636363701e+00,5.726030303030302804e-01
4.673609347218695559e-02,8.546741970715872327e-03,1.000852525252525327e+00,4.500099999999999767e+00,5.373737373737374340e-03,3.789898989898989479e-03,3.210707070707070443e+02,6.622222222222222676e+00,1.798001010101010166e+01,3.041332727272727425e+03,1.406825252525252479e+00,-9.049730303030302139e+02,-2.183081313131313436e+03,1.978508080808080649e+01,3.366822222222222383e+00,1.184900000000000064e+00,1.230655555555555566e+03,9.223943434343434555e-01,8.122543434343434399e+00,3.823040404040403684e-01,2.164783838383838255e+00,3.487081818181818171e+00,5.726040404040404486e-01
4.673609347218695559e-02,1.068342746339484041e-02,1.001065656565656603e+00,4.500099999999999767e+00,6.717171717171717925e-03,4.737373737373737174e-03,4.013383838383838338e+02,8.277777777777778567e+00,1.797626262626262772e+01,3.041280909090909063e+03,1.406556565656565505e+00,-9.051087878787877798e+02,-2.183194141414141541e+03,1.978510101010100897e+01,3.366777777777777647e+00,1.184900000000000064e+00,1.230644444444444389e+03,9.223829292929293100e-01,8.122329292929293842e+00,3.823050505050504810e-01,2.164779797979798026e+00,3.487027272727272642e+00,5.726050505050505057e-01
4.673609347218695559e-02,1.282011295607380849e-02,1.001278787878787879e+00,4.500099999999999767e+00,8.060606060606061510e-03,5.684848484848484436e-03,4.816060606060605664e+02,9.933333333333333570e+00,1.797251515151515378e+01,3.041229090909090701e+03,1.406287878787878753e+00,-9.052445454545454595e+02,-2.183306969696969645e+03,1.978512121212121144e+01,3.366733333333333356e+00,1.184900000000000064e+00,1.230633333333333439e+03,9.223715151515151645e-01,8.122115151515151510e+00,3.823060606060605937e-01,2.164775757575757797e+00,3.486972727272727113e+00,5.726060606060605629e-01
4.673609347218695559e-02,1.495679844875277657e-02,1.001491919191919155e+00,4.500099999999999767e+00,9.404040404040404227e-03,6.632323232323231697e-03,5.618737373737372991e+02,1.158888888888889035e+01,1.796876767676767628e+01,3.041177272727272793e+03,1.406019191919191780e+00,-9.053803030303030255e+02,-2.183419797979798204e+03,1.978514141414141392e+01,3.366688888888889064e+00,1.184900000000000064e+00,1.230622222222222263e+03,9.223601010101010189e-01,8.121901010101010954e+00,3.823070707070707064e-01,2.164771717171717125e+00,3.486918181818181584e+00,5.726070707070707311e-01
4.673609347218695559e-02,1.709348394143174465e-02,1.001705050505050432e+00,4.500099999999999767e+00,1.074747474747474868e-02,7.579797979797978959e-03,6.421414141414140886e+02,1.324444444444444535e+01,1.796502020202020233e+01,3.041125454545454431e+03,1.405750505050505028e+00,-9.055160606060605915e+02,-2.183532626262626309e+03,1.978516161616161639e+01,3.366644444444444328e+00,1.184900000000000064e+00,1.230611111111111086e+03,9.223486868686868734e-01,8.121686868686868621e+00,3.823080808080807635e-01,2.164767676767676896e+00,3.486863636363636054e+00,5.726080808080807882e-01
4.673609347218695559e-02,1.923016943411071100e-02,1.001918181818181708e+00,4.500099999999999767e+00,1.209090909090909313e-02,8.527272727272727088e-03,7.224090909090908781e+02,1.490000000000000036e+01,1.796127272727272839e+01,3.041073636363636524e+03,1.405481818181818054e+00,-9.056518181818181574e+02,-2.183645454545454868e+03,1.978518181818181887e+01,3.366600000000000037e+00,1.184900000000000064e+00,1.230600000000000136e+03,9.223372727272727278e-01,8.121472727272728065e+00,3.823090909090908762e-01,2.164763636363636223e+00,3.486809090909090969e+00,5.726090909090909564e-01
4.673609347218695559e-02,2.136685492678968082e-02,1.002131313131313206e+00,4.500099999999999767e+00,1.343434343434343585e-02,9.474747474747474349e-03,8.026767676767676676e+02,1.655555555555555713e+01,1.795752525252525444e+01,3.041021818181818162e+03,1.405213131313131303e+00,-9.057875757575757234e+02,-2.183758282828282972e+03,1.978520202020202134e+01,3.366555555555555745e+00,1.184900000000000064e+00,1.230588888888888960e+03,9.223258585858585823e-01,8.121258585858585732e+00,3.823101010101009889e-01,2.164759595959595995e+00,3.486754545454545440e+00,5.726101010101010136e-01
4.673609347218695559e-02,2.350354041946865064e-02,1.002344444444444482e+00,4.500099999999999767e+00,1.477777777777777857e-02,1.042222222222222161e-02,8.829444444444443434e+02,1.821111111111111214e+01,1.795377777777777695e+01,3.040969999999999800e+03,1.404944444444444329e+00,-9.059233333333332894e+02,-2.183871111111111077e+03,1.978522222222222382e+01,3.366511111111111010e+00,1.184900000000000064e+00,1.230577777777777783e+03,9.223144444444444368e-01,8.121044444444445176e+00,3.823111111111111016e-01,2.164755555555555766e+00,3.486699999999999910e+00,5.726111111111110707e-01
4.673609347218695559e-02,2.564022591214761698e-02,1.002557575757575759e+00,4.500099999999999767e+00,1.612121212121212302e-02,1.136969696969696887e-02,9.632121212121211329e+02,1.986666666666666714e+01,1.795003030303030300e+01,3.040918181818181893e+03,1.404675757575757578e+00,-9.060590909090908553e+02,-2.183983939393939636e+03,1.978524242424242274e+01,3.366466666666666718e+00,1.184900000000000064e+00,1.230566666666666606e+03,9.223030303030302912e-01,8.120830303030302844e+00,3.823121212121212142e-01,2.164751515151515093e+00,3.486645454545454381e+00,5.726121212121212389e-01
4.673609347218695559e-02,2.777691140482658333e-02,1.002770707070707035e+00,4.500099999999999767e+00,1.746464646464646747e-02,1.231717171717171613e-02,1.043479797979797922e+03,2.152222222222222214e+01,1.794628282828282906e+01,3.040866363636363531e+03,1.404407070707070604e+00,-9.061948484848484213e+02,-2.184096767676767740e+03,1.978526262626262522e+01,3.366422222222222427e+00,1.184900000000000064e+00,1.230555555555555657e+03,9.222916161616161457e-01,8.120616161616162287e+00,3.823131313131312714e-01,2.164747474747474865e+00,3.486590909090908852e+00,5.726131313131312961e-01
4.673609347218695559e-02,2.991359689750555315e-02,1.002983838383838311e+00,4.500099999999999767e+00,1.880808080808080845e-02,1.326464646464646339e-02,1.123747474747474598e+03,2.317777777777778070e+01,1.794253535353535511e+01,3.040814545454545623e+03,1.404138383838383852e+00,-9.063306060606059873e+02,-2.184209595959596300e+03,1.978528282828282769e+01,3.366377777777777691e+00,1.184900000000000064e+00,1.230544444444444480e+03,9.222802020202020001e-01,8.120402020202019955e+00,3.823141414141413841e-01,2.164743434343434192e+00,3.486536363636363323e+00,5.726141414141414643e-01
4.673609347218695559e-02,3.205028239018452296e-02,1.003196969696969587e+00,4.500099999999999767e+00,2.015151515151515291e-02,1.421212121212121066e-02,1.204015151515151501e+03,2.483333333333333570e+01,1.793878787878788117e+01,3.040762727272727261e+03,1.403869696969696879e+00,-9.064663636363635533e+02,-2.184322424242424404e+03,1.978530303030303017e+01,3.366333333333333400e+00,1.184900000000000064e+00,1.230533333333333303e+03,9.222687878787878546e-01,8.120187878787879399e+00,3.823151515151514968e-01,2.164739393939393963e+00,3.486481818181818237e+00,5.726151515151515214e-01
4.673609347218695559e-02,3.418696788286348931e-02,1.003410101010101085e+00,4.500099999999999767e+00,2.149494949494949736e-02,1.515959595959595792e-02,1.284282828282828177e+03,2.648888888888889070e+01,1.793504040404040367e+01,3.040710909090908899e+03,1.403601010101010127e+00,-9.066021212121211192e+02,-2.184435252525252508e+03,1.978532323232323265e+01,3.366288888888889108e+00,1.184900000000000064e+00,1.230522222222222354e+03,9.222573737373737091e-01,8.119973737373737066e+00,3.823161616161616094e-01,2.164735353535353735e+00,3.486427272727272708e+00,5.726161616161615786e-01
4.673609347218695559e-02,3.632365337554245566e-02,1.003623232323232362e+00,4.500099999999999767e+00,2.283838383838384181e-02,1.610707070707070518e-02,1.364550505050504853e+03,2.814444444444444571e+01,1.793129292929292973e+01,3.040659090909090992e+03,1.403332323232323153e+00,-9.067378787878787989e+02,-2.184548080808081068e+03,1.978534343434343512e+01,3.366244444444444373e+00,1.184900000000000064e+00,1.230511111111111177e+03,9.222459595959596745e-01,8.119759595959596510e+00,3.823171717171717221e-01,2.164731313131313062e+00,3.486372727272727179e+00,5.726171717171717468e-01
4.673609347218695559e-02,3.846033886822142200e-02,1.003836363636363638e+00,4.500099999999999767e+00,2.418181818181818626e-02,1.705454545454545418e-02,1.444818181818181756e+03,2.980000000000000071e+01,1.792754545454545578e+01,3.040607272727272630e+03,1.403063636363636402e+00,-9.068736363636363649e+02,-2.184660909090909172e+03,1.978536363636363760e+01,3.366200000000000081e+00,1.184900000000000064e+00,1.230500000000000000e+03,9.222345454545455290e-01,8.119545454545454177e+00,3.823181818181817793e-01,2.164727272727272833e+00,3.486318181818181650e+00,5.726181818181818040e-01
4.673609347218695559e-02,4.059702436090039529e-02,1.004049494949494914e+00,4.500099999999999767e+00,2.552525252525252725e-02,1.800202020202019970e-02,1.525085858585858432e+03,3.145555555555555927e+01,1.792379797979798184e+01,3.040555454545454268e+03,1.402794949494949428e+00,-9.070093939393939309e+02,-2.184773737373737276e+03,1.978538383838384007e+01,3.366155555555555345e+00,1.184900000000000064e+00,1.230488888888888823e+03,9.222231313131313835e-01,8.119331313131313621e+00,3.823191919191918919e-01,2.164723232323232605e+00,3.486263636363636120e+00,5.726191919191918611e-01
4.673609347218695559e-02,4.273370985357936164e-02,1.004262626262626190e+00,4.500099999999999767e+00,2.686868686868687170e-02,1.894949494949494870e-02,1.605353535353535335e+03,3.311111111111111427e+01,1.792005050505050434e+01,3.040503636363636360e+03,1.402526262626262454e+00,-9.071451515151514968e+02,-2.184886565656565836e+03,1.978540404040403899e+01,3.366111111111111054e+00,1.184900000000000064e+00,1.230477777777777874e+03,9.222117171717172379e-01,8.119117171717171288e+00,3.823202020202020046e-01,2.164719191919191932e+00,3.486209090909090591e+00,5.726202020202020293e-01
4.673609347218695559e-02,4.487039534625832798e-02,1.004475757575757466e+00,4.500099999999999767e+00,2.821212121212121615e-02,1.989696969696969422e-02,1.685621212121212011e+03,3.476666666666666572e+01,1.791630303030303040e+01,3.040451818181817998e+03,1.402257575757575703e+00,-9.072809090909090628e+02,-2.184999393939393940e+03,1.978542424242424147e+01,3.366066666666666762e+00,1.184900000000000064e+00,1.230466666666666697e+03,9.222003030303030924e-01,8.118903030303030732e+00,3.823212121212121173e-01,2.164715151515151703e+00,3.486154545454545506e+00,5.726212121212120865e-01
4.673609347218695559e-02,4.700708083893730127e-02,1.004688888888888965e+00,4.500099999999999767e+00,2.955555555555555713e-02,2.084444444444444322e-02,1.765888888888888687e+03,3.642222222222222427e+01,1.791255555555555645e+01,3.040400000000000091e+03,1.401988888888888729e+00,-9.074166666666666288e+02,-2.185112222222222499e+03,1.978544444444444395e+01,3.366022222222222027e+00,1.184900000000000064e+00,1.230455555555555520e+03,9.221888888888889468e-01,8.118688888888888400e+00,3.823222222222222300e-01,2.164711111111111030e+00,3.486099999999999977e+00,5.726222222222222547e-01
4.673609347218695559e-02,4.914376633161626762e-02,1.004902020202020241e+00,4.500099999999999767e+00,3.089898989898990159e-02,2.179191919191918875e-02,1.846156565656565590e+03,3.807777777777778283e+01,1.790880808080808251e+01,3.040348181818181729e+03,1.401720202020201977e+00,-9.075524242424241947e+02,-2.185225050505050604e+03,1.978546464646464642e+01,3.365977777777777735e+00,1.184900000000000064e+00,1.230444444444444571e+03,9.221774747474748013e-01,8.118474747474747844e+00,3.823232323232322871e-01,2.164707070707070802e+00,3.486045454545454447e+00,5.726232323232323118e-01
4.673609347218695559e-02,5.128045182429523396e-02,1.005115151515151517e+00,4.500099999999999767e+00,3.224242424242424604e-02,2.273939393939393774e-02,1.926424242424242266e+03,3.973333333333333428e+01,1.790506060606060501e+01,3.040296363636363367e+03,1.401451515151515004e+00,-9.076881818181817607e+02,-2.185337878787878708e+03,1.978548484848484890e+01,3.365933333333333444e+00,1.184900000000000064e+00,1.230433333333333394e+03,9.221660606060606558e-01,8.118260606060605511e+00,3.823242424242423998e-01,2.164703030303030573e+00,3.485990909090908918e+00,5.726242424242423690e-01
4.673609347218695559e-02,5.341713731697420031e-02,1.005328282828282793e+00,4.500099999999999767e+00,3.358585858585858702e-02,2.368686868686868327e-02,2.006691919191918942e+03,4.138888888888889284e+01,1.790131313131313107e+01,3.040244545454545460e+03,1.401182828282828252e+00,-9.078239393939393267e+02,-2.185450707070707267e+03,1.978550505050505137e+01,3.365888888888888708e+00,1.184900000000000064e+00,1.230422222222222217e+03,9.221546464646465102e-01,8.118046464646464955e+00,3.823252525252525125e-01,2.164698989898989900e+00,3.485936363636363389e+00,5.726252525252525372e-01
4.673609347218695559e-02,5.555382280965316666e-02,1.005541414141414069e+00,4.500099999999999767e+00,3.492929292929293494e-02,2.463434343434343227e-02,2.086959595959595845e+03,4.304444444444444429e+01,1.789756565656565712e+01,3.040192727272727097e+03,1.400914141414141278e+00,-9.079596969696968927e+02,-2.185563535353535372e+03,1.978552525252525385e+01,3.365844444444444417e+00,1.184900000000000064e+00,1.230411111111111040e+03,9.221432323232323647e-01,8.117832323232322622e+00,3.823262626262626251e-01,2.164694949494949672e+00,3.485881818181817859e+00,5.726262626262625943e-01
4.673609347218695559e-02,5.769050830233213994e-02,1.005754545454545346e+00,4.500099999999999767e+00,3.627272727272727593e-02,2.558181818181817779e-02,2.167227272727272521e+03,4.470000000000000284e+01,1.789381818181818318e+01,3.040140909090909190e+03,1.400645454545454527e+00,-9.080954545454544586e+02,-2.185676363636363931e+03,1.978554545454545277e+01,3.365800000000000125e+00,1.184900000000000064e+00,1.230400000000000091e+03,9.221318181818182191e-01,8.117618181818182066e+00,3.823272727272727378e-01,2.164690909090908999e+00,3.485827272727272774e+00,5.726272727272727625e-01
4.673609347218695559e-02,5.982719379501110629e-02,1.005967676767676844e+00,4.500099999999999767e+00,3.761616161616161691e-02,2.652929292929292679e-02,2.247494949494949196e+03,4.635555555555556140e+01,1.789007070707070568e+01,3.040089090909090828e+03,1.400376767676767553e+00,-9.082312121212121383e+02,-2.185789191919192035e+03,1.978556565656565525e+01,3.365755555555555389e+00,1.184900000000000064e+00,1.230388888888888914e+03,9.221204040404040736e-01,8.117404040404039733e+00,3.823282828282827950e-01,2.164686868686868770e+00,3.485772727272727245e+00,5.726282828282828197e-01
4.673609347218695559e-02,6.196387928769007264e-02,1.006180808080808120e+00,4.500099999999999767e+00,3.895959595959596483e-02,2.747676767676767232e-02,2.327762626262625872e+03,4.801111111111111285e+01,1.788632323232323174e+01,3.040037272727272466e+03,1.400108080808080802e+00,-9.083669696969697043e+02,-2.185902020202020140e+03,1.978558585858585772e+01,3.365711111111111098e+00,1.184900000000000064e+00,1.230377777777777737e+03,9.221089898989899281e-01,8.117189898989899177e+00,3.823292929292929077e-01,2.164682828282828542e+00,3.485718181818181716e+00,5.726292929292928768e-01
4.673609347218695559e-02,6.410056478036904593e-02,1.006393939393939396e+00,4.500099999999999767e+00,4.030303030303030581e-02,2.842424242424242131e-02,2.408030303030303003e+03,4.966666666666667140e+01,1.788257575757575779e+01,3.039985454545454559e+03,1.399839393939393828e+00,-9.085027272727272702e+02,-2.186014848484848699e+03,1.978560606060606020e+01,3.365666666666666806e+00,1.184900000000000064e+00,1.230366666666666561e+03,9.220975757575757825e-01,8.116975757575756845e+00,3.823303030303030203e-01,2.164678787878787869e+00,3.485663636363636186e+00,5.726303030303030450e-01
4.673609347218695559e-02,6.623725027304801227e-02,1.006607070707070672e+00,4.500099999999999767e+00,4.164646464646465374e-02,2.937171717171716684e-02,2.488297979797979679e+03,5.132222222222222285e+01,1.787882828282828385e+01,3.039933636363636197e+03,1.399570707070707076e+00,-9.086384848484848362e+02,-2.186127676767676803e+03,1.978562626262626267e+01,3.365622222222222071e+00,1.184900000000000064e+00,1.230355555555555611e+03,9.220861616161616370e-01,8.116761616161616288e+00,3.823313131313131330e-01,2.164674747474747640e+00,3.485609090909090657e+00,5.726313131313131022e-01
4.673609347218695559e-02,6.837393576572697862e-02,1.006820202020201949e+00,4.500099999999999767e+00,4.298989898989899472e-02,3.031919191919191583e-02,2.568565656565656354e+03,5.297777777777778141e+01,1.787508080808080990e+01,3.039881818181818289e+03,1.399302020202020103e+00,-9.087742424242424022e+02,-2.186240505050505362e+03,1.978564646464646515e+01,3.365577777777777779e+00,1.184900000000000064e+00,1.230344444444444434e+03,9.220747474747474914e-01,8.116547474747473956e+00,3.823323232323232457e-01,2.164670707070706968e+00,3.485554545454545128e+00,5.726323232323232704e-01
4.673609347218695559e-02,7.051062125840594497e-02,1.007033333333333225e+00,4.500099999999999767e+00,4.433333333333333570e-02,3.126666666666666483e-02,2.648833333333333030e+03,5.463333333333333997e+01,1.787133333333333240e+01,3.039829999999999927e+03,1.399033333333333351e+00,-9.089099999999999682e+02,-2.186353333333333467e+03,1.978566666666666762e+01,3.365533333333333488e+00,1.184900000000000064e+00,1.230333333333333258e+03,9.220633333333333459e-01,8.116333333333333400e+00,3.823333333333333028e-01,2.164666666666666739e+00,3.485500000000000043e+00,5.726333333333333275e-01
4.673609347218695559e-02,7.264730675108491131e-02,1.007246464646464501e+00,4.500099999999999767e+00,4.567676767676768362e-02,3.221414141414141036e-02,2.729101010101009706e+03,5.628888888888889142e+01,1.786758585858585846e+01,3.039778181818181565e+03,1.398764646464646377e+00,-9.090457575757575341e+02,-2.186466161616161571e+03,1.978568686868687010e+01,3.365488888888888752e+00,1.184900000000000064e+00,1.230322222222222308e+03,9.220519191919192004e-01,8.116119191919192843e+00,3.823343434343434155e-01,2.164662626262626510e+00,3.485445454545454513e+00,5.726343434343433847e-01
4.673609347218695559e-02,7.478399224376387766e-02,1.007459595959595999e+00,4.500099999999999767e+00,4.702020202020202461e-02,3.316161616161615588e-02,2.809368686868686837e+03,5.794444444444444997e+01,1.786383838383838452e+01,3.039726363636363658e+03,1.398495959595959626e+00,-9.091815151515151001e+02,-2.186578989898990130e+03,1.978570707070706902e+01,3.365444444444444461e+00,1.184900000000000064e+00,1.230311111111111131e+03,9.220405050505050548e-01,8.115905050505050511e+00,3.823353535353535282e-01,2.164658585858585838e+00,3.485390909090908984e+00,5.726353535353535529e-01
4.673609347218695559e-02,7.692067773644284401e-02,1.007672727272727276e+00,4.500099999999999767e+00,4.836363636363637253e-02,3.410909090909090835e-02,2.889636363636363512e+03,5.960000000000000142e+01,1.786009090909091057e+01,3.039674545454545296e+03,1.398227272727272652e+00,-9.093172727272726661e+02,-2.186691818181818235e+03,1.978572727272727150e+01,3.365400000000000169e+00,1.184900000000000064e+00,1.230299999999999955e+03,9.220290909090909093e-01,8.115690909090909955e+00,3.823363636363636409e-01,2.164654545454545609e+00,3.485336363636363455e+00,5.726363636363636100e-01
4.673609347218695559e-02,7.905736322912182423e-02,1.007885858585858552e+00,4.500099999999999767e+00,4.970707070707071351e-02,3.505656565656565388e-02,2.969904040404040188e+03,6.125555555555555998e+01,1.785634343434343307e+01,3.039622727272727388e+03,1.397958585858585900e+00,-9.094530303030302321e+02,-2.186804646464646794e+03,1.978574747474747397e+01,3.365355555555555434e+00,1.184900000000000064e+00,1.230288888888888778e+03,9.220176767676767637e-01,8.115476767676767622e+00,3.823373737373737535e-01,2.164650505050504936e+00,3.485281818181817926e+00,5.726373737373737782e-01
4.673609347218695559e-02,8.119404872180079058e-02,1.008098989898989828e+00,4.500099999999999767e+00,5.105050505050505449e-02,3.600404040404039940e-02,3.050171717171716864e+03,6.291111111111111853e+01,1.785259595959595913e+01,3.039570909090909026e+03,1.397689898989898927e+00,-9.095887878787877980e+02,-2.186917474747474898e+03,1.978576767676767645e+01,3.365311111111111142e+00,1.184900000000000064e+00,1.230277777777777828e+03,9.220062626262626182e-01,8.115262626262627066e+00,3.823383838383838107e-01,2.164646464646464707e+00,3.485227272727272840e+00,5.726383838383838354e-01
4.673609347218695559e-02,8.333073421447975693e-02,1.008312121212121104e+00,4.500099999999999767e+00,5.239393939393940242e-02,3.695151515151514493e-02,3.130439393939393540e+03,6.456666666666667709e+01,1.784884848484848519e+01,3.039519090909090664e+03,1.397421212121212175e+00,-9.097245454545454777e+02,-2.187030303030303003e+03,1.978578787878787892e+01,3.365266666666666850e+00,1.184900000000000064e+00,1.230266666666666652e+03,9.219948484848484727e-01,8.115048484848484733e+00,3.823393939393939234e-01,2.164642424242424479e+00,3.485172727272727311e+00,5.726393939393938926e-01
4.673609347218695559e-02,8.546741970715872327e-02,1.008525252525252380e+00,4.500099999999999767e+00,5.373737373737374340e-02,3.789898989898989740e-02,3.210707070707070670e+03,6.622222222222222854e+01,1.784510101010101124e+01,3.039467272727272757e+03,1.397152525252525201e+00,-9.098603030303030437e+02,-2.187143131313131562e+03,1.978580808080808140e+01,3.365222222222222115e+00,1.184900000000000064e+00,1.230255555555555475e+03,9.219834343434343271e-01,8.114834343434344177e+00,3.823404040404040360e-01,2.164638383838383806e+00,3.485118181818181782e+00,5.726404040404040607e-01
4.673609347218695559e-02,8.760410519983768962e-02,1.008738383838383879e+00,4.500099999999999767e+00,5.508080808080808438e-02,3.884646464646464292e-02,3.290974747474747346e+03,6.787777777777777999e+01,1.784135353535353374e+01,3.039415454545454395e+03,1.396883838383838228e+00,-9.099960606060606096e+02,-2.187255959595959666e+03,1.978582828282828388e+01,3.365177777777777823e+00,1.184900000000000064e+00,1.230244444444444525e+03,9.219720202020201816e-01,8.114620202020201845e+00,3.823414141414141487e-01,2.164634343434343577e+00,3.485063636363636252e+00,5.726414141414141179e-01
4.673609347218695559e-02,8.974079069251665597e-02,1.008951515151515155e+00,4.500099999999999767e+00,5.642424242424243230e-02,3.979393939393938845e-02,3.371242424242424022e+03,6.953333333333333144e+01,1.783760606060605980e+01,3.039363636363636488e+03,1.396615151515151476e+00,-9.101318181818181756e+02,-2.187368787878788225e+03,1.978584848484848280e+01,3.365133333333333532e+00,1.184900000000000064e+00,1.230233333333333348e+03,9.219606060606060360e-01,8.114406060606061288e+00,3.823424242424242614e-01,2.164630303030302905e+00,3.485009090909090723e+00,5.726424242424242861e-01
4.673609347218695559e-02,9.187747618519562232e-02,1.009164646464646431e+00,4.500099999999999767e+00,5.776767676767677329e-02,4.074141414141413398e-02,3.451510101010100698e+03,7.118888888888889710e+01,1.783385858585858585e+01,3.039311818181818126e+03,1.396346464646464502e+00,-9.102675757575757416e+02,-2.187481616161616330e+03,1.978586868686868527e+01,3.365088888888888796e+00,1.184900000000000064e+00,1.230222222222222172e+03,9.219491919191918905e-01,8.114191919191918956e+00,3.823434343434343186e-01,2.164626262626262676e+00,3.484954545454545194e+00,5.726434343434343432e-01
4.673609347218695559e-02,9.401416167787460254e-02,1.009377777777777707e+00,4.500099999999999767e+00,5.911111111111111427e-02,4.168888888888888644e-02,3.531777777777777374e+03,7.284444444444444855e+01,1.783011111111111191e+01,3.039259999999999764e+03,1.396077777777777751e+00,-9.104033333333333076e+02,-2.187594444444444434e+03,1.978588888888888775e+01,3.365044444444444505e+00,1.184900000000000064e+00,1.230211111111110995e+03,9.219377777777777450e-01,8.113977777777778400e+00,3.823444444444444312e-01,2.164622222222222447e+00,3.484900000000000109e+00,5.726444444444444004e-01
4.673609347218695559e-02,9.615084717055356889e-02,1.009590909090908983e+00,4.500099999999999767e+00,6.045454545454546219e-02,4.263636363636363197e-02,3.612045454545454049e+03,7.450000000000000000e+01,1.782636363636363797e+01,3.039208181818181856e+03,1.395809090909090777e+00,-9.105390909090908735e+02,-2.187707272727272994e+03,1.978590909090909022e+01,3.365000000000000213e+00,1.184900000000000064e+00,1.230200000000000045e+03,9.219263636363635994e-01,8.113763636363636067e+00,3.823454545454545439e-01,2.164618181818181775e+00,3.484845454545454579e+00,5.726454545454545686e-01
4.673609347218695559e-02,9.828753266323253523e-02,1.009804040404040260e+00,4.500099999999999767e+00,6.179797979797980317e-02,4.358383838383837749e-02,3.692313131313131180e+03,7.615555555555556566e+01,1.782261616161616047e+01,3.039156363636363494e+03,1.395540404040404026e+00,-9.106748484848484395e+02,-2.187820101010101098e+03,1.978592929292929270e+01,3.364955555555555478e+00,1.184900000000000064e+00,1.230188888888888869e+03,9.219149494949494539e-01,8.113549494949495511e+00,3.823464646464646566e-01,2.164614141414141546e+00,3.484790909090909050e+00,5.726464646464646258e-01
4.673609347218695559e-02,1.004242181559115016e-01,1.010017171717171758e+00,4.500099999999999767e+00,6.314141414141415110e-02,4.453131313131312302e-02,3.772580808080807856e+03,7.781111111111111711e+01,1.781886868686868652e+01,3.039104545454545587e+03,1.395271717171717052e+00,-9.108106060606060055e+02,-2.187932929292929657e+03,1.978594949494949518e+01,3.364911111111111186e+00,1.184900000000000064e+00,1.230177777777777692e+03,9.219035353535353083e-01,8.113335353535353178e+00,3.823474747474747693e-01,2.164610101010100873e+00,3.484736363636363521e+00,5.726474747474747939e-01
4.673609347218695559e-02,1.025609036485904679e-01,1.010230303030303034e+00,4.500099999999999767e+00,6.448484848484849208e-02,4.547878787878787549e-02,3.852848484848484532e+03,7.946666666666666856e+01,1.781512121212121258e+01,3.039052727272727225e+03,1.395003030303030300e+00,-9.109463636363635715e+02,-2.188045757575757762e+03,1.978596969696969765e+01,3.364866666666666895e+00,1.184900000000000064e+00,1.230166666666666742e+03,9.218921212121211628e-01,8.113121212121212622e+00,3.823484848484848264e-01,2.164606060606060645e+00,3.484681818181817992e+00,5.726484848484848511e-01
4.673609347218695559e-02,1.046975891412694343e-01,1.010443434343434310e+00,4.500099999999999767e+00,6.582828282828283306e-02,4.642626262626262101e-02,3.933116161616161207e+03,8.112222222222223422e+01,1.781137373737373863e+01,3.039000909090908863e+03,1.394734343434343327e+00,-9.110821212121211374e+02,-2.188158585858585866e+03,1.978598989898990013e+01,3.364822222222222159e+00,1.184900000000000064e+00,1.230155555555555566e+03,9.218807070707070173e-01,8.112907070707070289e+00,3.823494949494949391e-01,2.164602020202020416e+00,3.484627272727272462e+00,5.726494949494949083e-01
4.673609347218695559e-02,1.068342746339484006e-01,1.010656565656565586e+00,4.500099999999999767e+00,6.717171717171717404e-02,4.737373737373736654e-02,4.013383838383837883e+03,8.277777777777778567e+01,1.780762626262626114e+01,3.038949090909090955e+03,1.394465656565656575e+00,-9.112178787878788171e+02,-2.188271414141414425e+03,1.978601010101009905e+01,3.364777777777777867e+00,1.184900000000000064e+00,1.230144444444444389e+03,9.218692929292929827e-01,8.112692929292929733e+00,3.823505050505050518e-01,2.164597979797979743e+00,3.484572727272727377e+00,5.726505050505050765e-01
4.673609347218695559e-02,1.089709601266273670e-01,1.010869696969696863e+00,4.500099999999999767e+00,6.851515151515152890e-02,4.832121212121211901e-02,4.093651515151515014e+03,8.443333333333333712e+01,1.780387878787878719e+01,3.038897272727272593e+03,1.394196969696969601e+00,-9.113536363636363831e+02,-2.188384242424242530e+03,1.978603030303030152e+01,3.364733333333333132e+00,1.184900000000000064e+00,1.230133333333333212e+03,9.218578787878788372e-01,8.112478787878787401e+00,3.823515151515151644e-01,2.164593939393939515e+00,3.484518181818181848e+00,5.726515151515151336e-01
4.673609347218695559e-02,1.111076456193063333e-01,1.011082828282828139e+00,4.500099999999999767e+00,6.985858585858586989e-02,4.926868686868686453e-02,4.173919191919191690e+03,8.608888888888888857e+01,1.780013131313131325e+01,3.038845454545454231e+03,1.393928282828282850e+00,-9.114893939393939490e+02,-2.188497070707070634e+03,1.978605050505050400e+01,3.364688888888888840e+00,1.184900000000000064e+00,1.230122222222222263e+03,9.218464646464646917e-01,8.112264646464646844e+00,3.823525252525252216e-01,2.164589898989899286e+00,3.484463636363636319e+00,5.726525252525251908e-01
4.673609347218695559e-02,1.132443311119853135e-01,1.011295959595959637e+00,4.500099999999999767e+00,7.120202020202021087e-02,5.021616161616161006e-02,4.254186868686868365e+03,8.774444444444445423e+01,1.779638383838383930e+01,3.038793636363636324e+03,1.393659595959595876e+00,-9.116251515151515150e+02,-2.188609898989899193e+03,1.978607070707070648e+01,3.364644444444444549e+00,1.184900000000000064e+00,1.230111111111111086e+03,9.218350505050505461e-01,8.112050505050504512e+00,3.823535353535353343e-01,2.164585858585858613e+00,3.484409090909090789e+00,5.726535353535353590e-01
4.673609347218695559e-02,1.153810166046642799e-01,1.011509090909090913e+00,4.500099999999999767e+00,7.254545454545455185e-02,5.116363636363635559e-02,4.334454545454545041e+03,8.940000000000000568e+01,1.779263636363636181e+01,3.038741818181817962e+03,1.393390909090909124e+00,-9.117609090909090810e+02,-2.188722727272727298e+03,1.978609090909090895e+01,3.364599999999999813e+00,1.184900000000000064e+00,1.230099999999999909e+03,9.218236363636364006e-01,8.111836363636363956e+00,3.823545454545454469e-01,2.164581818181818385e+00,3.484354545454545260e+00,5.726545454545454161e-01
4.673609347218695559e-02,1.175177020973432462e-01,1.011722222222222189e+00,4.500099999999999767e+00,7.388888888888889284e-02,5.211111111111110805e-02,4.414722222222221717e+03,9.105555555555555713e+01,1.778888888888888786e+01,3.038690000000000055e+03,1.393122222222222151e+00,-9.118966666666666470e+02,-2.188835555555555857e+03,1.978611111111111143e+01,3.364555555555555522e+00,1.184900000000000064e+00,1.230088888888888960e+03,9.218122222222222550e-01,8.111622222222221623e+00,3.823555555555555596e-01,2.164577777777777712e+00,3.484299999999999731e+00,5.726555555555555843e-01
4.673609347218695559e-02,1.196543875900222126e-01,1.011935353535353466e+00,4.500099999999999767e+00,7.523232323232323382e-02,5.305858585858585358e-02,4.494989898989898393e+03,9.271111111111112280e+01,1.778514141414141392e+01,3.038638181818181693e+03,1.392853535353535399e+00,-9.120324242424242129e+02,-2.188948383838383961e+03,1.978613131313131390e+01,3.364511111111111230e+00,1.184900000000000064e+00,1.230077777777777783e+03,9.218008080808081095e-01,8.111408080808081067e+00,3.823565656565656723e-01,2.164573737373737483e+00,3.484245454545454646e+00,5.726565656565656415e-01
4.673609347218695559e-02,1.217910730827011789e-01,1.012148484848484742e+00,4.500099999999999767e+00,7.657575757575758868e-02,5.400606060606059911e-02,4.575257575757575069e+03,9.436666666666667425e+01,1.778139393939393997e+01,3.038586363636363330e+03,1.392584848484848425e+00,-9.121681818181817789e+02,-2.189061212121212066e+03,1.978615151515151638e+01,3.364466666666666494e+00,1.184900000000000064e+00,1.230066666666666606e+03,9.217893939393939640e-01,8.111193939393938734e+00,3.823575757575757295e-01,2.164569696969697254e+00,3.484190909090909116e+00,5.726575757575756986e-01
4.673609347218695559e-02,1.239277585753801453e-01,1.012361616161616018e+00,4.500099999999999767e+00,7.791919191919192966e-02,5.495353535353534463e-02,4.655525252525251744e+03,9.602222222222222570e+01,1.777764646464646603e+01,3.038534545454545423e+03,1.392316161616161674e+00,-9.123039393939393449e+02,-2.189174040404040625e+03,1.978617171717171530e+01,3.364422222222222203e+00,1.184900000000000064e+00,1.230055555555555429e+03,9.217779797979798184e-01,8.110979797979798178e+00,3.823585858585858421e-01,2.164565656565656582e+00,3.484136363636363587e+00,5.726585858585858668e-01
4.673609347218695559e-02,1.260644440680591116e-01,1.012574747474747516e+00,4.500099999999999767e+00,7.926262626262627065e-02,5.590101010101009710e-02,4.735792929292929330e+03,9.767777777777779136e+01,1.777389898989898853e+01,3.038482727272727061e+03,1.392047474747474700e+00,-9.124396969696969109e+02,-2.189286868686868729e+03,1.978619191919191778e+01,3.364377777777777911e+00,1.184900000000000064e+00,1.230044444444444480e+03,9.217665656565656729e-01,8.110765656565655846e+00,3.823595959595959548e-01,2.164561616161616353e+00,3.484081818181818058e+00,5.726595959595959240e-01
4.673609347218695559e-02,1.282011295607380919e-01,1.012787878787878793e+00,4.500099999999999767e+00,8.060606060606061163e-02,5.684848484848484262e-02,4.816060606060606005e+03,9.933333333333334281e+01,1.777015151515151459e+01,3.038430909090909154e+03,1.391778787878787726e+00,-9.125754545454544768e+02,-2.189399696969697288e+03,1.978621212121212025e+01,3.364333333333333176e+00,1.184900000000000064e+00,1.230033333333333303e+03,9.217551515151515273e-01,8.110551515151515289e+00,3.823606060606060675e-01,2.164557575757575680e+00,3.484027272727272528e+00,5.726606060606060922e-01
4.673609347218695559e-02,1.303378150534170443e-01,1.013001010101010069e+00,4.500099999999999767e+00,8.194949494949495261e-02,5.779595959595958815e-02,4.896328282828282681e+03,1.009888888888888943e+02,1.776640404040404064e+01,3.038379090909090792e+03,1.391510101010100975e+00,-9.127112121212121565e+02,-2.189512525252525393e+03,1.978623232323232273e+01,3.364288888888888884e+00,1.184900000000000064e+00,1.230022222222222126e+03,9.217437373737373818e-01,8.110337373737372957e+00,3.823616161616161802e-01,2.164553535353535452e+00,3.483972727272726999e+00,5.726616161616161493e-01
4.673609347218695559e-02,1.324745005460960245e-01,1.013214141414141345e+00,4.500099999999999767e+00,8.329292929292930747e-02,5.874343434343433368e-02,4.976595959595959357e+03,1.026444444444444457e+02,1.776265656565656670e+01,3.038327272727272430e+03,1.391241414141414001e+00,-9.128469696969697225e+02,-2.189625353535353497e+03,1.978625252525252520e+01,3.364244444444444593e+00,1.184900000000000064e+00,1.230011111111111177e+03,9.217323232323232363e-01,8.110123232323232401e+00,3.823626262626262373e-01,2.164549494949495223e+00,3.483918181818181914e+00,5.726626262626262065e-01
4.673609347218695559e-02,1.346111860387749770e-01,1.013427272727272621e+00,4.500099999999999767e+00,8.463636363636364845e-02,5.969090909090908614e-02,5.056863636363636033e+03,1.043000000000000114e+02,1.775890909090908920e+01,3.038275454545454522e+03,1.390972727272727250e+00,-9.129827272727272884e+02,-2.189738181818182056e+03,1.978627272727272768e+01,3.364199999999999857e+00,1.184900000000000064e+00,1.230000000000000000e+03,9.217209090909090907e-01,8.109909090909090068e+00,3.823636363636363500e-01,2.164545454545454550e+00,3.483863636363636385e+00,5.726636363636363747e-01
4.673609347218695559e-02,1.367478715314539572e-01,1.013640404040403897e+00,4.500099999999999767e+00,8.597979797979798944e-02,6.063838383838383167e-02,5.137131313131312709e+03,1.059555555555555628e+02,1.775516161616161526e+01,3.038223636363636160e+03,1.390704040404040276e+00,-9.131184848484848544e+02,-2.189851010101010161e+03,1.978629292929293015e+01,3.364155555555555566e+00,1.184900000000000064e+00,1.229988888888888823e+03,9.217094949494949452e-01,8.109694949494949512e+00,3.823646464646464627e-01,2.164541414141414322e+00,3.483809090909090855e+00,5.726646464646464318e-01
4.673609347218695559e-02,1.388845570241329375e-01,1.013853535353535396e+00,4.500099999999999767e+00,8.732323232323233042e-02,6.158585858585857720e-02,5.217398989898989385e+03,1.076111111111111143e+02,1.775141414141414131e+01,3.038171818181818253e+03,1.390435353535353524e+00,-9.132542424242424204e+02,-2.189963838383838720e+03,1.978631313131312908e+01,3.364111111111111274e+00,1.184900000000000064e+00,1.229977777777777646e+03,9.216980808080807996e-01,8.109480808080807179e+00,3.823656565656565753e-01,2.164537373737373649e+00,3.483754545454545326e+00,5.726656565656566000e-01
4.673609347218695559e-02,1.410212425168118899e-01,1.014066666666666672e+00,4.500099999999999767e+00,8.866666666666667140e-02,6.253333333333332966e-02,5.297666666666666060e+03,1.092666666666666799e+02,1.774766666666666737e+01,3.038119999999999891e+03,1.390166666666666551e+00,-9.133899999999999864e+02,-2.190076666666666824e+03,1.978633333333333155e+01,3.364066666666666539e+00,1.184900000000000064e+00,1.229966666666666697e+03,9.216866666666666541e-01,8.109266666666666623e+00,3.823666666666666880e-01,2.164533333333333420e+00,3.483699999999999797e+00,5.726666666666666572e-01
4.673609347218695559e-02,1.431579280094908702e-01,1.014279797979797948e+00,4.500099999999999767e+00,9.001010101010102626e-02,6.348080808080806825e-02,5.377934343434342736e+03,1.109222222222222314e+02,1.774391919191918987e+01,3.038068181818181529e+03,1.389897979797979799e+00,-9.135257575757575523e+02,-2.190189494949494929e+03,1.978635353535353403e+01,3.364022222222222247e+00,1.184900000000000064e+00,1.229955555555555520e+03,9.216752525252525086e-01,8.109052525252526067e+00,3.823676767676767452e-01,2.164529292929293192e+00,3.483645454545454712e+00,5.726676767676767144e-01
4.673609347218695559e-02,1.452946135021698226e-01,1.014492929292929224e+00,4.500099999999999767e+00,9.135353535353536725e-02,6.442828282828282072e-02,5.458202020202019412e+03,1.125777777777777828e+02,1.774017171717171593e+01,3.038016363636363621e+03,1.389629292929292825e+00,-9.136615151515151183e+02,-2.190302323232323488e+03,1.978637373737373650e+01,3.363977777777777955e+00,1.184900000000000064e+00,1.229944444444444343e+03,9.216638383838383630e-01,8.108838383838383734e+00,3.823686868686868578e-01,2.164525252525252519e+00,3.483590909090909182e+00,5.726686868686868825e-01
4.673609347218695559e-02,1.474312989948488029e-01,1.014706060606060500e+00,4.500099999999999767e+00,9.269696969696970823e-02,6.537575757575757318e-02,5.538469696969696088e+03,1.142333333333333343e+02,1.773642424242424198e+01,3.037964545454545259e+03,1.389360606060606074e+00,-9.137972727272726843e+02,-2.190415151515151592e+03,1.978639393939393898e+01,3.363933333333333220e+00,1.184900000000000064e+00,1.229933333333333394e+03,9.216524242424242175e-01,8.108624242424243178e+00,3.823696969696969705e-01,2.164521212121212290e+00,3.483536363636363653e+00,5.726696969696969397e-01
4.673609347218695559e-02,1.495679844875277553e-01,1.014919191919191777e+00,4.500099999999999767e+00,9.404040404040404921e-02,6.632323232323231177e-02,5.618737373737373673e+03,1.158888888888888999e+02,1.773267676767676804e+01,3.037912727272727352e+03,1.389091919191919100e+00,-9.139330303030302503e+02,-2.190527979797980151e+03,1.978641414141414145e+01,3.363888888888888928e+00,1.184900000000000064e+00,1.229922222222222217e+03,9.216410101010100719e-01,8.108410101010100846e+00,3.823707070707070832e-01,2.164517171717171617e+00,3.483481818181818124e+00,5.726707070707071079e-01
4.673609347218695559e-02,1.517046699802067355e-01,1.015132323232323053e+00,4.500099999999999767e+00,9.538383838383839020e-02,6.727070707070706423e-02,5.699005050505050349e+03,1.175444444444444514e+02,1.772892929292929409e+01,3.037860909090908990e+03,1.388823232323232348e+00,-9.140687878787878162e+02,-2.190640808080808256e+03,1.978643434343434393e+01,3.363844444444444637e+00,1.184900000000000064e+00,1.229911111111111040e+03,9.216295959595959264e-01,8.108195959595960289e+00,3.823717171717171959e-01,2.164513131313131389e+00,3.483427272727272594e+00,5.726717171717171651e-01
4.673609347218695559e-02,1.538413554728856880e-01,1.015345454545454551e+00,4.500099999999999767e+00,9.672727272727274506e-02,6.821818181818181670e-02,5.779272727272727025e+03,1.192000000000000028e+02,1.772518181818181660e+01,3.037809090909090628e+03,1.388554545454545375e+00,-9.142045454545454959e+02,-2.190753636363636360e+03,1.978645454545454641e+01,3.363799999999999901e+00,1.184900000000000064e+00,1.229899999999999864e+03,9.216181818181817809e-01,8.107981818181817957e+00,3.823727272727272530e-01,2.164509090909091160e+00,3.483372727272727065e+00,5.726727272727272222e-01
4.673609347218695559e-02,1.559780409655646682e-01,1.015558585858585827e+00,4.500099999999999767e+00,9.807070707070708604e-02,6.916565656565655529e-02,5.859540404040403700e+03,1.208555555555555685e+02,1.772143434343434265e+01,3.037757272727272721e+03,1.388285858585858623e+00,-9.143403030303030619e+02,-2.190866464646464919e+03,1.978647474747474533e+01,3.363755555555555610e+00,1.184900000000000064e+00,1.229888888888888914e+03,9.216067676767676353e-01,8.107767676767677401e+00,3.823737373737373657e-01,2.164505050505050487e+00,3.483318181818181980e+00,5.726737373737373904e-01
4.673609347218695559e-02,1.581147264582436485e-01,1.015771717171717103e+00,4.500099999999999767e+00,9.941414141414142702e-02,7.011313131313130775e-02,5.939808080808080376e+03,1.225111111111111200e+02,1.771768686868686871e+01,3.037705454545454359e+03,1.388017171717171649e+00,-9.144760606060606278e+02,-2.190979292929293024e+03,1.978649494949494780e+01,3.363711111111111318e+00,1.184900000000000064e+00,1.229877777777777737e+03,9.215953535353534898e-01,8.107553535353535068e+00,3.823747474747474784e-01,2.164501010101010259e+00,3.483263636363636451e+00,5.726747474747474476e-01
4.673609347218695559e-02,1.602514119509226009e-01,1.015984848484848380e+00,4.500099999999999767e+00,1.007575757575757680e-01,7.106060606060604634e-02,6.020075757575757052e+03,1.241666666666666714e+02,1.771393939393939476e+01,3.037653636363636451e+03,1.387748484848484898e+00,-9.146118181818181938e+02,-2.191092121212121583e+03,1.978651515151515028e+01,3.363666666666666583e+00,1.184900000000000064e+00,1.229866666666666561e+03,9.215839393939393442e-01,8.107339393939394512e+00,3.823757575757575911e-01,2.164496969696969586e+00,3.483209090909090921e+00,5.726757575757576157e-01
4.673609347218695559e-02,1.623880974436015812e-01,1.016197979797979656e+00,4.500099999999999767e+00,1.021010101010101090e-01,7.200808080808079881e-02,6.100343434343433728e+03,1.258222222222222371e+02,1.771019191919191726e+01,3.037601818181818089e+03,1.387479797979797924e+00,-9.147475757575757598e+02,-2.191204949494949688e+03,1.978653535353535275e+01,3.363622222222222291e+00,1.184900000000000064e+00,1.229855555555555384e+03,9.215725252525251987e-01,8.107125252525252179e+00,3.823767676767677037e-01,2.164492929292929357e+00,3.483154545454545392e+00,5.726767676767676729e-01
4.673609347218695559e-02,1.645247829362805336e-01,1.016411111111110932e+00,4.500099999999999767e+00,1.034444444444444500e-01,7.295555555555555127e-02,6.180611111111110404e+03,1.274777777777777885e+02,1.770644444444444332e+01,3.037549999999999727e+03,1.387211111111111173e+00,-9.148833333333333258e+02,-2.191317777777777792e+03,1.978655555555555523e+01,3.363577777777778000e+00,1.184900000000000064e+00,1.229844444444444434e+03,9.215611111111110532e-01,8.106911111111111623e+00,3.823777777777777609e-01,2.164488888888889129e+00,3.483099999999999863e+00,5.726777777777777301e-01
4.673609347218695559e-02,1.666614684289595139e-01,1.016624242424242430e+00,4.500099999999999767e+00,1.047878787878788048e-01,7.390303030303028986e-02,6.260878787878787080e+03,1.291333333333333542e+02,1.770269696969696938e+01,3.037498181818181820e+03,1.386942424242424199e+00,-9.150190909090908917e+02,-2.191430606060606351e+03,1.978657575757575771e+01,3.363533333333333264e+00,1.184900000000000064e+00,1.229833333333333258e+03,9.215496969696969076e-01,8.106696969696969290e+00,3.823787878787878736e-01,2.164484848484848456e+00,3.483045454545454334e+00,5.726787878787878983e-01
4.673609347218695559e-02,1.687981539216384663e-01,1.016837373737373706e+00,4.500099999999999767e+00,1.061313131313131458e-01,7.485050505050504233e-02,6.341146464646463755e+03,1.307888888888888914e+02,1.769894949494949543e+01,3.037446363636363458e+03,1.386673737373737447e+00,-9.151548484848484577e+02,-2.191543434343434456e+03,1.978659595959596018e+01,3.363488888888888972e+00,1.184900000000000064e+00,1.229822222222222081e+03,9.215382828282827621e-01,8.106482828282828734e+00,3.823797979797979862e-01,2.164480808080808227e+00,3.482990909090909248e+00,5.726797979797979554e-01
4.673609347218695559e-02,1.709348394143174465e-01,1.017050505050504983e+00,4.500099999999999767e+00,1.074747474747474868e-01,7.579797979797979479e-02,6.421414141414141341e+03,1.324444444444444571e+02,1.769520202020201793e+01,3.037394545454545550e+03,1.386405050505050474e+00,-9.152906060606060237e+02,-2.191656262626263015e+03,1.978661616161615910e+01,3.363444444444444681e+00,1.184900000000000064e+00,1.229811111111111131e+03,9.215268686868686165e-01,8.106268686868686402e+00,3.823808080808080989e-01,2.164476767676767555e+00,3.482936363636363719e+00,5.726808080808081236e-01
4.673609347218695559e-02,1.730715249069964268e-01,1.017263636363636259e+00,4.500099999999999767e+00,1.088181818181818278e-01,7.674545454545453338e-02,6.501681818181818016e+03,1.341000000000000227e+02,1.769145454545454399e+01,3.037342727272727188e+03,1.386136363636363500e+00,-9.154263636363635896e+02,-2.191769090909091119e+03,1.978663636363636158e+01,3.363399999999999945e+00,1.184900000000000064e+00,1.229799999999999955e+03,9.215154545454544710e-01,8.106054545454545845e+00,3.823818181818182116e-01,2.164472727272727326e+00,3.482881818181818190e+00,5.726818181818181808e-01
4.673609347218695559e-02,1.752082103996753792e-01,1.017476767676767535e+00,4.500099999999999767e+00,1.101616161616161688e-01,7.769292929292928584e-02,6.581949494949494692e+03,1.357555555555555600e+02,1.768770707070707005e+01,3.037290909090908826e+03,1.385867676767676748e+00,-9.155621212121211556e+02,-2.191881919191919224e+03,1.978665656565656406e+01,3.363355555555555654e+00,1.184900000000000064e+00,1.229788888888888778e+03,9.215040404040403255e-01,8.105840404040403513e+00,3.823828282828282688e-01,2.164468686868687097e+00,3.482827272727272661e+00,5.726828282828282379e-01
4.673609347218695559e-02,1.773448958923543595e-01,1.017689898989898811e+00,4.500099999999999767e+00,1.115050505050505236e-01,7.864040404040403831e-02,6.662217171717171368e+03,1.374111111111111256e+02,1.768395959595959610e+01,3.037239090909090919e+03,1.385598989898989775e+00,-9.156978787878788353e+02,-2.191994747474747783e+03,1.978667676767676653e+01,3.363311111111110918e+00,1.184900000000000064e+00,1.229777777777777601e+03,9.214926262626262909e-01,8.105626262626262957e+00,3.823838383838383814e-01,2.164464646464646425e+00,3.482772727272727131e+00,5.726838383838384061e-01
4.673609347218695559e-02,1.794815813850333119e-01,1.017903030303030310e+00,4.500099999999999767e+00,1.128484848484848646e-01,7.958787878787877690e-02,6.742484848484848044e+03,1.390666666666666629e+02,1.768021212121211860e+01,3.037187272727272557e+03,1.385330303030303023e+00,-9.158336363636364013e+02,-2.192107575757575887e+03,1.978669696969696901e+01,3.363266666666666627e+00,1.184900000000000064e+00,1.229766666666666652e+03,9.214812121212121454e-01,8.105412121212120624e+00,3.823848484848484941e-01,2.164460606060606196e+00,3.482718181818181602e+00,5.726848484848484633e-01
4.673609347218695559e-02,1.816182668777122922e-01,1.018116161616161586e+00,4.500099999999999767e+00,1.141919191919192056e-01,8.053535353535352936e-02,6.822752525252524720e+03,1.407222222222222285e+02,1.767646464646464466e+01,3.037135454545454195e+03,1.385061616161616049e+00,-9.159693939393939672e+02,-2.192220404040403992e+03,1.978671717171717148e+01,3.363222222222222335e+00,1.184900000000000064e+00,1.229755555555555475e+03,9.214697979797979999e-01,8.105197979797980068e+00,3.823858585858586068e-01,2.164456565656565967e+00,3.482663636363636517e+00,5.726858585858585204e-01
4.673609347218695559e-02,1.837549523703912446e-01,1.018329292929292862e+00,4.500099999999999767e+00,1.155353535353535466e-01,8.148282828282826795e-02,6.903020202020201395e+03,1.423777777777777942e+02,1.767271717171717071e+01,3.037083636363636288e+03,1.384792929292929298e+00,-9.161051515151515332e+02,-2.192333232323232551e+03,1.978673737373737396e+01,3.363177777777777600e+00,1.184900000000000064e+00,1.229744444444444298e+03,9.214583838383838543e-01,8.104983838383837735e+00,3.823868686868687194e-01,2.164452525252525295e+00,3.482609090909090988e+00,5.726868686868686886e-01
4.673609347218695559e-02,1.858916378630702249e-01,1.018542424242424138e+00,4.500099999999999767e+00,1.168787878787878876e-01,8.243030303030302042e-02,6.983287878787878071e+03,1.440333333333333314e+02,1.766896969696969677e+01,3.037031818181817926e+03,1.384524242424242324e+00,-9.162409090909090992e+02,-2.192446060606060655e+03,1.978675757575757643e+01,3.363133333333333308e+00,1.184900000000000064e+00,1.229733333333333348e+03,9.214469696969697088e-01,8.104769696969697179e+00,3.823878787878787766e-01,2.164448484848485066e+00,3.482554545454545458e+00,5.726878787878787458e-01
4.673609347218695559e-02,1.880283233557492051e-01,1.018755555555555414e+00,4.500099999999999767e+00,1.182222222222222285e-01,8.337777777777777288e-02,7.063555555555554747e+03,1.456888888888888971e+02,1.766522222222222283e+01,3.036980000000000018e+03,1.384255555555555572e+00,-9.163766666666666652e+02,-2.192558888888889214e+03,1.978677777777777536e+01,3.363088888888889016e+00,1.184900000000000064e+00,1.229722222222222172e+03,9.214355555555555632e-01,8.104555555555554847e+00,3.823888888888888893e-01,2.164444444444444393e+00,3.482499999999999929e+00,5.726888888888889140e-01
4.673609347218695559e-02,1.901650088484281576e-01,1.018968686868686691e+00,4.500099999999999767e+00,1.195656565656565834e-01,8.432525252525251147e-02,7.143823232323231423e+03,1.473444444444444628e+02,1.766147474747474533e+01,3.036928181818181656e+03,1.383986868686868599e+00,-9.165124242424242311e+02,-2.192671717171717319e+03,1.978679797979797783e+01,3.363044444444444281e+00,1.184900000000000064e+00,1.229711111111110995e+03,9.214241414141414177e-01,8.104341414141414290e+00,3.823898989898990020e-01,2.164440404040404164e+00,3.482445454545454400e+00,5.726898989898989711e-01
4.673609347218695559e-02,1.923016943411071378e-01,1.019181818181818189e+00,4.500099999999999767e+00,1.209090909090909244e-01,8.527272727272726394e-02,7.224090909090908099e+03,1.490000000000000000e+02,1.765772727272727138e+01,3.036876363636363294e+03,1.383718181818181847e+00,-9.166481818181817971e+02,-2.192784545454545423e+03,1.978681818181818031e+01,3.362999999999999989e+00,1.184900000000000064e+00,1.229699999999999818e+03,9.214127272727272722e-01,8.104127272727271958e+00,3.823909090909091146e-01,2.164436363636363936e+00,3.482390909090908870e+00,5.726909090909090283e-01
4.673609347218695559e-02,1.944383798337860902e-01,1.019394949494949465e+00,4.500099999999999767e+00,1.222525252525252654e-01,8.622020202020201640e-02,7.304358585858585684e+03,1.506555555555555657e+02,1.765397979797979744e+01,3.036824545454545387e+03,1.383449494949494873e+00,-9.167839393939393631e+02,-2.192897373737373982e+03,1.978683838383838278e+01,3.362955555555555698e+00,1.184900000000000064e+00,1.229688888888888869e+03,9.214013131313131266e-01,8.103913131313131402e+00,3.823919191919192273e-01,2.164432323232323263e+00,3.482336363636363785e+00,5.726919191919191965e-01
4.673609347218695559e-02,1.965750653264650705e-01,1.019608080808080741e+00,4.500099999999999767e+00,1.235959595959596063e-01,8.716767676767675499e-02,7.384626262626262360e+03,1.523111111111111313e+02,1.765023232323232349e+01,3.036772727272727025e+03,1.383180808080808122e+00,-9.169196969696969290e+02,-2.193010202020202087e+03,1.978685858585858526e+01,3.362911111111110962e+00,1.184900000000000064e+00,1.229677777777777692e+03,9.213898989898989811e-01,8.103698989898989069e+00,3.823929292929292845e-01,2.164428282828283034e+00,3.482281818181818256e+00,5.726929292929292536e-01
4.673609347218695559e-02,1.987117508191440229e-01,1.019821212121212017e+00,4.500099999999999767e+00,1.249393939393939473e-01,8.811515151515150746e-02,7.464893939393939036e+03,1.539666666666666686e+02,1.764648484848484600e+01,3.036720909090909117e+03,1.382912121212121148e+00,-9.170554545454544950e+02,-2.193123030303030646e+03,1.978687878787878773e+01,3.362866666666666671e+00,1.184900000000000064e+00,1.229666666666666515e+03,9.213784848484848355e-01,8.103484848484848513e+00,3.823939393939393971e-01,2.164424242424242362e+00,3.482227272727272727e+00,5.726939393939394218e-01
4.673609347218695559e-02,2.008484363118230032e-01,1.020034343434343294e+00,4.500099999999999767e+00,1.262828282828283022e-01,8.906262626262624604e-02,7.545161616161615711e+03,1.556222222222222342e+02,1.764273737373737205e+01,3.036669090909090755e+03,1.382643434343434397e+00,-9.171912121212121747e+02,-2.193235858585858750e+03,1.978689898989899021e+01,3.362822222222222379e+00,1.184900000000000064e+00,1.229655555555555566e+03,9.213670707070706900e-01,8.103270707070706180e+00,3.823949494949495098e-01,2.164420202020202133e+00,3.482172727272727197e+00,5.726949494949494790e-01
4.673609347218695559e-02,2.029851218045019556e-01,1.020247474747474570e+00,4.500099999999999767e+00,1.276262626262626432e-01,9.001010101010099851e-02,7.625429292929292387e+03,1.572777777777777999e+02,1.763898989898989811e+01,3.036617272727272393e+03,1.382374747474747423e+00,-9.173269696969697407e+02,-2.193348686868686855e+03,1.978691919191919268e+01,3.362777777777777644e+00,1.184900000000000064e+00,1.229644444444444389e+03,9.213556565656565445e-01,8.103056565656565624e+00,3.823959595959596225e-01,2.164416161616161904e+00,3.482118181818181668e+00,5.726959595959595362e-01
4.673609347218695559e-02,2.051218072971809359e-01,1.020460606060606068e+00,4.500099999999999767e+00,1.289696969696969842e-01,9.095757575757575097e-02,7.705696969696969063e+03,1.589333333333333371e+02,1.763524242424242416e+01,3.036565454545454486e+03,1.382106060606060671e+00,-9.174627272727273066e+02,-2.193461515151515414e+03,1.978693939393939161e+01,3.362733333333333352e+00,1.184900000000000064e+00,1.229633333333333212e+03,9.213442424242423989e-01,8.102842424242423292e+00,3.823969696969697352e-01,2.164412121212121232e+00,3.482063636363636139e+00,5.726969696969697043e-01
4.673609347218695559e-02,2.072584927898599161e-01,1.020673737373737344e+00,4.500099999999999767e+00,1.303131313131313251e-01,9.190505050505048956e-02,7.785964646464645739e+03,1.605888888888889028e+02,1.763149494949494667e+01,3.036513636363636124e+03,1.381837373737373698e+00,-9.175984848484848726e+02,-2.193574343434343518e+03,1.978695959595959408e+01,3.362688888888889061e+00,1.184900000000000064e+00,1.229622222222222035e+03,9.213328282828282534e-01,8.102628282828282735e+00,3.823979797979797923e-01,2.164408080808081003e+00,3.482009090909091054e+00,5.726979797979797615e-01
4.673609347218695559e-02,2.093951782825388686e-01,1.020886868686868620e+00,4.500099999999999767e+00,1.316565656565656661e-01,9.285252525252524203e-02,7.866232323232322415e+03,1.622444444444444684e+02,1.762774747474747272e+01,3.036461818181818217e+03,1.381568686868686946e+00,-9.177342424242424386e+02,-2.193687171717172077e+03,1.978697979797979656e+01,3.362644444444444325e+00,1.184900000000000064e+00,1.229611111111111086e+03,9.213214141414141078e-01,8.102414141414140403e+00,3.823989898989899050e-01,2.164404040404040330e+00,3.481954545454545524e+00,5.726989898989899297e-01
4.673609347218695559e-02,2.115318637752178210e-01,1.021099999999999897e+00,4.500099999999999767e+00,1.330000000000000071e-01,9.379999999999999449e-02,7.946500000000000000e+03,1.639000000000000057e+02,1.762399999999999878e+01,3.036409999999999854e+03,1.381299999999999972e+00,-9.178700000000000045e+02,-2.193800000000000182e+03,1.978699999999999903e+01,3.362600000000000033e+00,1.184900000000000064e+00,1.229599999999999909e+03,9.213099999999999623e-01,8.102199999999999847e+00,3.824000000000000177e-01,2.164400000000000102e+00,3.481899999999999995e+00,5.726999999999999869e-01
4.672650573373617749e-02,2.126932427576179174e-01,1.022000000000000020e+00,4.325300000000000367e+00,1.390000000000000124e-01,9.769999999999999518e-02,7.644500000000000000e+03,1.706999999999999886e+02,1.760800000000000054e+01,3.036030000000000200e+03,1.380200000000000093e+00,-9.190000000000000000e+02,-2.194750000000000000e+03,1.978699999999999903e+01,3.361899999999999888e+00,1.185000000000000053e+00,1.229500000000000000e+03,9.212299999999999933e-01,8.099000000000000199e+00,3.824000000000000177e-01,2.164400000000000102e+00,3.481500000000000039e+00,5.726999999999999869e-01
4.669773467345301327e-02,2.138546217400180138e-01,1.022000000000000020e+00,4.320000000000000284e+00,1.390000000000000124e-01,9.779999999999999805e-02,7.635300000000000182e+03,1.709000000000000057e+02,1.760800000000000054e+01,3.036010000000000218e+03,1.380200000000000093e+00,-9.190299999999999727e+02,-2.194780000000000200e+03,1.978699999999999903e+01,3.361899999999999888e+00,1.185000000000000053e+00,1.229500000000000000e+03,9.212299999999999933e-01,8.098900000000000432e+00,3.824000000000000177e-01,2.164400000000000102e+00,3.481500000000000039e+00,5.726999999999999869e-01
4.664975672441531301e-02,2.150160007224181102e-01,1.022000000000000020e+00,4.311099999999999710e+00,1.390000000000000124e-01,9.800000000000000377e-02,7.619899999999999636e+03,1.713000000000000114e+02,1.760699999999999932e+01,3.035989999999999782e+03,1.380200000000000093e+00,-9.191000000000000227e+02,-2.194829999999999927e+03,1.978699999999999903e+01,3.361800000000000122e+00,1.185000000000000053e+00,1.229500000000000000e+03,9.212200000000000388e-01,8.098699999999999122e+00,3.824000000000000177e-01,2.164400000000000102e+00,3.481500000000000039e+00,5.726999999999999869e-01
4.658253250101305337e-02,2.161773797048182066e-01,1.022100000000000009e+00,4.298700000000000188e+00,1.400000000000000133e-01,9.829999999999999849e-02,7.598500000000000000e+03,1.718000000000000114e+02,1.760600000000000165e+01,3.035960000000000036e+03,1.380100000000000104e+00,-9.191799999999999500e+02,-2.194900000000000091e+03,1.978699999999999903e+01,3.361800000000000122e+00,1.185000000000000053e+00,1.229500000000000000e+03,9.212099999999999733e-01,8.098499999999999588e+00,3.824000000000000177e-01,2.164400000000000102e+00,3.481399999999999828e+00,5.726999999999999869e-01
4.649600663675697992e-02,2.173387586872183030e-01,1.022199999999999998e+00,4.282799999999999940e+00,1.400000000000000133e-01,9.869999999999999607e-02,7.570899999999999636e+03,1.724000000000000057e+02,1.760399999999999920e+01,3.035920000000000073e+03,1.379999999999999893e+00,-9.192899999999999636e+02,-2.195000000000000000e+03,1.978699999999999903e+01,3.361699999999999910e+00,1.185000000000000053e+00,1.229500000000000000e+03,9.212099999999999733e-01,8.098200000000000287e+00,3.824000000000000177e-01,2.164400000000000102e+00,3.481399999999999828e+00,5.726999999999999869e-01
4.639010755502797484e-02,2.185001376696183994e-01,1.022299999999999986e+00,4.263300000000000090e+00,1.409999999999999865e-01,9.909999999999999365e-02,7.537199999999999818e+03,1.731999999999999886e+02,1.760200000000000031e+01,3.035880000000000109e+03,1.379799999999999915e+00,-9.194299999999999500e+02,-2.195119999999999891e+03,1.978699999999999903e+01,3.361600000000000144e+00,1.185000000000000053e+00,1.229500000000000000e+03,9.212000000000000188e-01,8.097799999999999443e+00,3.824000000000000177e-01,2.164400000000000102e+00,3.481300000000000061e+00,5.726999999999999869e-01
4.626474717053889046e-02,2.196615166520184959e-01,1.022499999999999964e+00,4.240300000000000402e+00,1.419999999999999873e-01,9.969999999999999696e-02,7.497500000000000000e+03,1.741999999999999886e+02,1.760000000000000142e+01,3.035820000000000164e+03,1.379699999999999926e+00,-9.196000000000000227e+02,-2.195260000000000218e+03,1.978699999999999903e+01,3.361499999999999932e+00,1.185000000000000053e+00,1.229500000000000000e+03,9.211799999999999988e-01,8.097300000000000608e+00,3.824000000000000177e-01,2.164400000000000102e+00,3.481300000000000061e+00,5.726999999999999869e-01
4.611982051857788784e-02,2.208228956344185645e-01,1.022599999999999953e+00,4.213700000000000223e+00,1.429999999999999882e-01,1.003000000000000003e-01,7.451699999999999818e+03,1.753000000000000114e+02,1.759700000000000131e+01,3.035750000000000000e+03,1.379499999999999948e+00,-9.197999999999999545e+02,-2.195420000000000073e+03,1.978699999999999903e+01,3.361400000000000166e+00,1.185000000000000053e+00,1.229500000000000000e+03,9.211700000000000443e-01,8.096799999999999997e+00,3.824000000000000177e-01,2.164400000000000102e+00,3.481199999999999850e+00,5.726999999999999869e-01
4.595520530834645151e-02,2.219842746168186609e-01,1.022799999999999931e+00,4.183699999999999974e+00,1.439999999999999891e-01,1.010000000000000064e-01,7.399899999999999636e+03,1.765999999999999943e+02,1.759400000000000119e+01,3.035679999999999836e+03,1.379299999999999971e+00,-9.200199999999999818e+02,-2.195610000000000127e+03,1.978699999999999903e+01,3.361200000000000188e+00,1.185000000000000053e+00,1.229500000000000000e+03,9.211500000000000243e-01,8.096099999999999852e+00,3.824000000000000177e-01,2.164299999999999891e+00,3.481100000000000083e+00,5.726999999999999869e-01
4.577076139588377029e-02,2.231456535992187573e-01,1.022999999999999909e+00,4.150199999999999889e+00,1.449999999999999900e-01,1.019000000000000045e-01,7.342000000000000000e+03,1.780999999999999943e+02,1.759100000000000108e+01,3.035590000000000146e+03,1.379099999999999993e+00,-9.202799999999999727e+02,-2.195829999999999927e+03,1.978699999999999903e+01,3.361000000000000210e+00,1.185000000000000053e+00,1.229400000000000091e+03,9.211300000000000043e-01,8.095399999999999707e+00,3.824000000000000177e-01,2.164299999999999891e+00,3.480999999999999872e+00,5.726999999999999869e-01
4.556633017116332868e-02,2.243070325816188537e-01,1.023200000000000109e+00,4.113199999999999967e+00,1.459999999999999909e-01,1.028000000000000025e-01,7.278199999999999818e+03,1.796999999999999886e+02,1.758699999999999974e+01,3.035489999999999782e+03,1.378800000000000026e+00,-9.205700000000000500e+02,-2.196079999999999927e+03,1.978699999999999903e+01,3.360799999999999788e+00,1.185000000000000053e+00,1.229400000000000091e+03,9.211099999999999843e-01,8.094599999999999795e+00,3.824000000000000177e-01,2.164299999999999891e+00,3.480900000000000105e+00,5.726999999999999869e-01
4.534173385294044262e-02,2.254684115640189501e-01,1.023500000000000076e+00,4.072799999999999976e+00,1.479999999999999927e-01,1.039000000000000062e-01,7.208399999999999636e+03,1.815000000000000000e+02,1.758200000000000074e+01,3.035380000000000109e+03,1.378500000000000059e+00,-9.208999999999999773e+02,-2.196360000000000127e+03,1.978699999999999903e+01,3.360599999999999810e+00,1.185000000000000053e+00,1.229400000000000091e+03,9.210899999999999643e-01,8.093700000000000117e+00,3.824000000000000177e-01,2.164299999999999891e+00,3.480799999999999894e+00,5.726999999999999869e-01
4.509677468379701820e-02,2.266297905464190465e-01,1.023800000000000043e+00,4.028900000000000148e+00,1.489999999999999936e-01,1.049999999999999961e-01,7.132600000000000364e+03,1.835000000000000000e+02,1.757700000000000173e+01,3.035250000000000000e+03,1.378200000000000092e+00,-9.212699999999999818e+02,-2.196670000000000073e+03,1.978699999999999903e+01,3.360399999999999832e+00,1.185000000000000053e+00,1.229400000000000091e+03,9.210599999999999898e-01,8.092599999999999127e+00,3.825000000000000067e-01,2.164299999999999891e+00,3.480700000000000127e+00,5.726999999999999869e-01
4.483123401654894730e-02,2.277911695288191429e-01,1.024100000000000010e+00,3.981599999999999806e+00,1.509999999999999953e-01,1.063000000000000056e-01,7.051100000000000364e+03,1.858000000000000114e+02,1.757100000000000151e+01,3.035110000000000127e+03,1.377799999999999914e+00,-9.216799999999999500e+02,-2.197019999999999982e+03,1.978699999999999903e+01,3.360100000000000087e+00,1.185000000000000053e+00,1.229299999999999955e+03,9.210300000000000153e-01,8.091499999999999915e+00,3.825000000000000067e-01,2.164299999999999891e+00,3.480500000000000149e+00,5.726999999999999869e-01
4.454487128171803062e-02,2.289525485112192393e-01,1.024499999999999966e+00,3.930899999999999839e+00,1.529999999999999971e-01,1.077000000000000041e-01,6.963699999999999818e+03,1.881999999999999886e+02,1.756500000000000128e+01,3.034960000000000036e+03,1.377399999999999958e+00,-9.221399999999999864e+02,-2.197400000000000091e+03,1.978699999999999903e+01,3.359799999999999898e+00,1.185000000000000053e+00,1.229299999999999955e+03,9.209899999999999753e-01,8.090199999999999392e+00,3.825000000000000067e-01,2.164299999999999891e+00,3.480300000000000171e+00,5.726999999999999869e-01
4.423742282409109244e-02,2.301139274936193357e-01,1.024899999999999922e+00,3.876799999999999802e+00,1.549999999999999989e-01,1.092000000000000054e-01,6.870500000000000000e+03,1.909000000000000057e+02,1.755799999999999983e+01,3.034780000000000200e+03,1.376900000000000013e+00,-9.226499999999999773e+02,-2.197829999999999927e+03,1.978800000000000026e+01,3.359399999999999942e+00,1.185000000000000053e+00,1.229299999999999955e+03,9.209600000000000009e-01,8.088800000000000878e+00,3.825000000000000067e-01,2.164299999999999891e+00,3.480100000000000193e+00,5.726999999999999869e-01
4.390860059444676861e-02,2.312753064760194321e-01,1.025400000000000089e+00,3.819399999999999906e+00,1.580000000000000016e-01,1.108999999999999986e-01,6.771600000000000364e+03,1.939000000000000057e+02,1.755000000000000071e+01,3.034590000000000146e+03,1.376400000000000068e+00,-9.232200000000000273e+02,-2.198309999999999945e+03,1.978800000000000026e+01,3.359100000000000197e+00,1.185000000000000053e+00,1.229200000000000045e+03,9.209100000000000064e-01,8.087199999999999278e+00,3.825000000000000067e-01,2.164299999999999891e+00,3.479900000000000215e+00,5.726999999999999869e-01
4.355809068027442083e-02,2.324366854584195285e-01,1.025900000000000034e+00,3.758599999999999941e+00,1.600000000000000033e-01,1.127999999999999975e-01,6.667000000000000000e+03,1.970999999999999943e+02,1.754200000000000159e+01,3.034380000000000109e+03,1.375799999999999912e+00,-9.238500000000000227e+02,-2.198840000000000146e+03,1.978800000000000026e+01,3.358699999999999797e+00,1.185000000000000053e+00,1.229200000000000045e+03,9.208699999999999664e-01,8.085499999999999687e+00,3.825000000000000067e-01,2.164200000000000124e+00,3.479699999999999793e+00,5.726999999999999869e-01
4.318555165667219836e-02,2.335980644408196250e-01,1.026399999999999979e+00,3.694599999999999884e+00,1.630000000000000060e-01,1.147999999999999993e-01,6.556800000000000182e+03,2.005999999999999943e+02,1.753200000000000003e+01,3.034139999999999873e+03,1.375199999999999978e+00,-9.245399999999999636e+02,-2.199429999999999836e+03,1.978800000000000026e+01,3.358200000000000074e+00,1.185000000000000053e+00,1.229099999999999909e+03,9.208100000000000174e-01,8.083500000000000796e+00,3.825000000000000067e-01,2.164200000000000124e+00,3.479400000000000048e+00,5.726999999999999869e-01
4.279061273551478667e-02,2.347594434232197214e-01,1.026999999999999913e+00,3.627299999999999969e+00,1.660000000000000087e-01,1.169000000000000039e-01,6.441199999999999818e+03,2.044000000000000057e+02,1.752100000000000080e+01,3.033869999999999891e+03,1.374500000000000055e+00,-9.253200000000000500e+02,-2.200079999999999927e+03,1.978800000000000026e+01,3.357699999999999907e+00,1.185100000000000042e+00,1.229099999999999909e+03,9.207600000000000229e-01,8.081300000000000594e+00,3.825999999999999956e-01,2.164200000000000124e+00,3.479200000000000070e+00,5.727999999999999758e-01
4.237287168732598724e-02,2.359208224056197900e-01,1.027700000000000058e+00,3.556900000000000173e+00,1.700000000000000122e-01,1.193000000000000033e-01,6.320000000000000000e+03,2.085999999999999943e+02,1.751000000000000156e+01,3.033579999999999927e+03,1.373699999999999921e+00,-9.261799999999999500e+02,-2.200809999999999945e+03,1.978800000000000026e+01,3.357099999999999973e+00,1.185100000000000042e+00,1.229000000000000000e+03,9.206900000000000084e-01,8.078900000000000858e+00,3.825999999999999956e-01,2.164200000000000124e+00,3.478800000000000114e+00,5.727999999999999758e-01
4.193189250595560219e-02,2.370822013880198864e-01,1.028499999999999970e+00,3.483200000000000074e+00,1.729999999999999871e-01,1.218999999999999945e-01,6.193500000000000000e+03,2.130999999999999943e+02,1.749599999999999866e+01,3.033260000000000218e+03,1.372800000000000020e+00,-9.271399999999999864e+02,-2.201619999999999891e+03,1.978800000000000026e+01,3.356500000000000039e+00,1.185100000000000042e+00,1.229000000000000000e+03,9.206199999999999939e-01,8.076299999999999812e+00,3.825999999999999956e-01,2.164099999999999913e+00,3.478499999999999925e+00,5.727999999999999758e-01
4.146720278099248064e-02,2.382435803704199828e-01,1.029400000000000093e+00,3.406400000000000095e+00,1.769999999999999907e-01,1.247999999999999943e-01,6.061800000000000182e+03,2.180999999999999943e+02,1.748199999999999932e+01,3.032889999999999873e+03,1.371899999999999897e+00,-9.282100000000000364e+02,-2.202519999999999982e+03,1.978900000000000148e+01,3.355700000000000127e+00,1.185100000000000042e+00,1.228900000000000091e+03,9.205400000000000249e-01,8.073299999999999699e+00,3.825999999999999956e-01,2.164099999999999913e+00,3.478099999999999969e+00,5.727999999999999758e-01
4.097829073665589655e-02,2.394049593528200792e-01,1.030299999999999994e+00,3.326600000000000001e+00,1.819999999999999951e-01,1.279000000000000137e-01,5.924899999999999636e+03,2.235000000000000000e+02,1.746499999999999986e+01,3.032480000000000018e+03,1.370800000000000018e+00,-9.293999999999999773e+02,-2.203530000000000200e+03,1.978900000000000148e+01,3.354999999999999982e+00,1.185100000000000042e+00,1.228799999999999955e+03,9.204499999999999904e-01,8.069900000000000517e+00,3.826999999999999846e-01,2.164099999999999913e+00,3.477599999999999802e+00,5.727999999999999758e-01
4.046460188845497213e-02,2.405663383352201756e-01,1.031400000000000095e+00,3.243700000000000028e+00,1.869999999999999996e-01,1.312000000000000111e-01,5.782899999999999636e+03,2.294000000000000057e+02,1.744699999999999918e+01,3.032030000000000200e+03,1.369599999999999929e+00,-9.307400000000000091e+02,-2.204659999999999854e+03,1.978900000000000148e+01,3.354099999999999859e+00,1.185100000000000042e+00,1.228700000000000045e+03,9.203500000000000014e-01,8.066200000000000259e+00,3.826999999999999846e-01,2.164000000000000146e+00,3.477199999999999847e+00,5.727999999999999758e-01
3.992553525988900426e-02,2.417277173176202720e-01,1.032599999999999962e+00,3.157900000000000151e+00,1.920000000000000040e-01,1.350000000000000089e-01,5.636100000000000364e+03,2.359000000000000057e+02,1.742599999999999838e+01,3.031519999999999982e+03,1.368200000000000083e+00,-9.322400000000000091e+02,-2.205929999999999836e+03,1.978999999999999915e+01,3.353099999999999969e+00,1.185200000000000031e+00,1.228599999999999909e+03,9.202399999999999469e-01,8.061999999999999389e+00,3.826999999999999846e-01,2.164000000000000146e+00,3.476599999999999913e+00,5.727999999999999758e-01
3.936043909048970307e-02,2.428890963000203684e-01,1.034000000000000030e+00,3.069100000000000161e+00,1.980000000000000093e-01,1.390000000000000124e-01,5.484399999999999636e+03,2.430000000000000000e+02,1.740299999999999869e+01,3.030940000000000055e+03,1.366700000000000026e+00,-9.339400000000000546e+02,-2.207360000000000127e+03,1.978999999999999915e+01,3.351900000000000102e+00,1.185200000000000031e+00,1.228500000000000000e+03,9.201099999999999834e-01,8.057199999999999918e+00,3.827999999999999736e-01,2.164000000000000146e+00,3.475999999999999979e+00,5.727999999999999758e-01
3.876860595308415786e-02,2.440504752824204648e-01,1.035600000000000076e+00,2.977500000000000036e+00,2.039999999999999869e-01,1.434999999999999887e-01,5.328100000000000364e+03,2.506999999999999886e+02,1.737699999999999889e+01,3.030280000000000200e+03,1.364900000000000002e+00,-9.358700000000000045e+02,-2.208980000000000018e+03,1.978999999999999915e+01,3.350600000000000023e+00,1.185200000000000031e+00,1.228400000000000091e+03,9.199699999999999545e-01,8.051899999999999835e+00,3.827999999999999736e-01,2.163899999999999935e+00,3.475299999999999834e+00,5.727999999999999758e-01
3.814926718164012714e-02,2.452118542648205612e-01,1.037400000000000100e+00,2.883100000000000218e+00,2.109999999999999931e-01,1.484000000000000041e-01,5.167300000000000182e+03,2.593000000000000114e+02,1.734700000000000131e+01,3.029539999999999964e+03,1.362900000000000000e+00,-9.380499999999999545e+02,-2.210829999999999927e+03,1.979100000000000037e+01,3.349200000000000177e+00,1.185200000000000031e+00,1.228200000000000045e+03,9.197999999999999510e-01,8.045799999999999841e+00,3.829000000000000181e-01,2.163800000000000168e+00,3.474400000000000155e+00,5.727999999999999758e-01
3.750158649060316568e-02,2.463732332472206576e-01,1.039400000000000102e+00,2.786099999999999799e+00,2.190000000000000002e-01,1.537999999999999923e-01,5.002100000000000364e+03,2.688000000000000114e+02,1.731299999999999883e+01,3.028679999999999836e+03,1.360700000000000021e+00,-9.405599999999999454e+02,-2.212940000000000055e+03,1.979100000000000037e+01,3.347500000000000142e+00,1.185300000000000020e+00,1.228099999999999909e+03,9.196100000000000385e-01,8.038800000000000168e+00,3.829000000000000181e-01,2.163800000000000168e+00,3.473500000000000032e+00,5.728999999999999648e-01
3.682465264114969522e-02,2.475346122296207541e-01,1.041800000000000059e+00,2.686399999999999899e+00,2.270000000000000073e-01,1.597999999999999976e-01,4.832899999999999636e+03,2.793000000000000114e+02,1.727400000000000091e+01,3.027699999999999818e+03,1.358100000000000085e+00,-9.434400000000000546e+02,-2.215369999999999891e+03,1.979200000000000159e+01,3.345600000000000129e+00,1.185300000000000020e+00,1.227900000000000091e+03,9.193999999999999950e-01,8.030699999999999505e+00,3.830000000000000071e-01,2.163699999999999957e+00,3.472500000000000142e+00,5.728999999999999648e-01
3.611747097780192151e-02,2.486959912120208505e-01,1.044499999999999984e+00,2.584200000000000053e+00,2.369999999999999885e-01,1.665000000000000091e-01,4.659899999999999636e+03,2.910000000000000000e+02,1.722899999999999920e+01,3.026559999999999945e+03,1.355099999999999971e+00,-9.467699999999999818e+02,-2.218179999999999836e+03,1.979200000000000159e+01,3.343399999999999928e+00,1.185400000000000009e+00,1.227599999999999909e+03,9.191500000000000226e-01,8.021399999999999864e+00,3.830999999999999961e-01,2.163600000000000190e+00,3.471200000000000063e+00,5.728999999999999648e-01
3.537895361843599457e-02,2.498573701944209469e-01,1.047700000000000076e+00,2.479600000000000026e+00,2.479999999999999982e-01,1.739999999999999880e-01,4.483399999999999636e+03,3.041000000000000227e+02,1.717599999999999838e+01,3.025230000000000018e+03,1.351599999999999913e+00,-9.506599999999999682e+02,-2.221460000000000036e+03,1.979299999999999926e+01,3.340800000000000214e+00,1.185400000000000009e+00,1.227400000000000091e+03,9.188600000000000101e-01,8.010500000000000398e+00,3.831999999999999851e-01,2.163499999999999979e+00,3.469800000000000217e+00,5.728999999999999648e-01
3.460790802924273296e-02,2.510187491768210433e-01,1.051500000000000101e+00,2.372700000000000031e+00,2.600000000000000089e-01,1.824000000000000066e-01,4.303500000000000000e+03,3.186999999999999886e+02,1.711400000000000077e+01,3.023670000000000073e+03,1.347499999999999920e+00,-9.552300000000000182e+02,-2.225309999999999945e+03,1.979400000000000048e+01,3.337800000000000100e+00,1.185499999999999998e+00,1.227099999999999909e+03,9.185100000000000486e-01,7.997799999999999798e+00,3.832999999999999741e-01,2.163300000000000001e+00,3.468100000000000183e+00,5.729999999999999538e-01
3.380419334617899840e-02,2.521801281592211397e-01,1.056000000000000050e+00,2.263799999999999812e+00,2.730000000000000204e-01,1.917999999999999983e-01,4.121000000000000000e+03,3.353000000000000114e+02,1.704200000000000159e+01,3.021829999999999927e+03,1.342700000000000005e+00,-9.606299999999999955e+02,-2.229880000000000109e+03,1.979500000000000171e+01,3.334200000000000053e+00,1.185599999999999987e+00,1.226700000000000045e+03,9.181099999999999817e-01,7.982700000000000351e+00,3.835000000000000075e-01,2.163199999999999790e+00,3.466099999999999959e+00,5.729999999999999538e-01
3.299098702798412830e-02,2.533415071416212361e-01,1.061199999999999921e+00,2.156200000000000117e+00,2.879999999999999782e-01,2.021999999999999909e-01,3.941400000000000091e+03,3.535000000000000000e+02,1.695799999999999841e+01,3.019679999999999836e+03,1.337099999999999955e+00,-9.668999999999999773e+02,-2.235159999999999854e+03,1.979700000000000060e+01,3.330000000000000071e+00,1.185699999999999976e+00,1.226299999999999955e+03,9.176400000000000112e-01,7.965200000000000280e+00,3.835999999999999965e-01,2.162999999999999812e+00,3.463799999999999990e+00,5.729999999999999538e-01
3.217778070978925820e-02,2.545028861240213325e-01,1.067299999999999915e+00,2.051200000000000134e+00,3.049999999999999933e-01,2.136000000000000121e-01,3.767199999999999818e+03,3.733999999999999773e+02,1.686100000000000065e+01,3.017210000000000036e+03,1.330699999999999994e+00,-9.741299999999999955e+02,-2.241260000000000218e+03,1.979799999999999827e+01,3.325200000000000156e+00,1.185799999999999965e+00,1.225799999999999955e+03,9.170899999999999608e-01,7.945000000000000284e+00,3.837999999999999745e-01,2.162799999999999834e+00,3.461100000000000065e+00,5.731000000000000538e-01
3.136457439159439503e-02,2.556642651064214289e-01,1.074300000000000033e+00,1.948800000000000088e+00,3.230000000000000093e-01,2.260999999999999954e-01,3.598400000000000091e+03,3.951999999999999886e+02,1.675000000000000000e+01,3.014340000000000146e+03,1.323299999999999921e+00,-9.825099999999999909e+02,-2.248329999999999927e+03,1.980000000000000071e+01,3.319599999999999884e+00,1.185899999999999954e+00,1.225200000000000045e+03,9.164600000000000524e-01,7.921599999999999753e+00,3.840999999999999970e-01,2.162599999999999856e+00,3.458000000000000185e+00,5.731000000000000538e-01
3.055136807339952146e-02,2.568256440888215253e-01,1.082699999999999996e+00,1.849099999999999966e+00,3.420000000000000262e-01,2.399000000000000021e-01,3.435000000000000000e+03,4.191999999999999886e+02,1.662099999999999866e+01,3.010980000000000018e+03,1.314699999999999980e+00,-9.922999999999999545e+02,-2.256579999999999927e+03,1.980199999999999960e+01,3.313099999999999934e+00,1.185999999999999943e+00,1.224500000000000000e+03,9.157199999999999784e-01,7.894300000000000317e+00,3.842999999999999750e-01,2.162300000000000111e+00,3.454299999999999926e+00,5.732000000000000428e-01
2.973816175520465482e-02,2.579870230712216217e-01,1.092600000000000016e+00,1.751900000000000013e+00,3.639999999999999902e-01,2.550999999999999934e-01,3.277300000000000182e+03,4.458999999999999773e+02,1.646999999999999886e+01,3.007019999999999982e+03,1.304599999999999982e+00,-1.003830000000000041e+03,-2.266300000000000182e+03,1.980399999999999849e+01,3.305499999999999883e+00,1.186199999999999921e+00,1.223799999999999955e+03,9.148500000000000520e-01,7.862099999999999866e+00,3.845999999999999974e-01,2.161900000000000155e+00,3.450000000000000178e+00,5.733000000000000318e-01
2.892495543700978819e-02,2.591484020536216626e-01,1.104600000000000026e+00,1.657399999999999984e+00,3.890000000000000124e-01,2.721000000000000085e-01,3.125400000000000091e+03,4.756000000000000227e+02,1.629200000000000159e+01,3.002300000000000182e+03,1.292699999999999960e+00,-1.017539999999999964e+03,-2.277860000000000127e+03,1.980699999999999861e+01,3.296400000000000219e+00,1.186399999999999899e+00,1.222799999999999955e+03,9.138100000000000112e-01,7.823800000000000310e+00,3.850000000000000089e-01,2.161500000000000199e+00,3.444900000000000073e+00,5.734000000000000208e-01
2.812274459167319121e-02,2.603097810360217590e-01,1.118900000000000006e+00,1.566799999999999971e+00,4.159999999999999809e-01,2.909999999999999809e-01,2.981400000000000091e+03,5.086999999999999886e+02,1.608299999999999841e+01,2.996699999999999818e+03,1.278699999999999948e+00,-1.033799999999999955e+03,-2.291559999999999945e+03,1.980999999999999872e+01,3.285600000000000076e+00,1.186700000000000088e+00,1.221700000000000045e+03,9.125799999999999468e-01,7.778400000000000425e+00,3.855000000000000093e-01,2.161099999999999799e+00,3.438899999999999846e+00,5.735000000000000098e-01
2.738273311267349838e-02,2.614711600184218554e-01,1.135099999999999998e+00,1.485400000000000054e+00,4.450000000000000067e-01,3.106999999999999762e-01,2.853800000000000182e+03,5.431000000000000227e+02,1.585299999999999976e+01,2.990449999999999818e+03,1.263300000000000090e+00,-1.051900000000000091e+03,-2.306809999999999945e+03,1.981299999999999883e+01,3.273600000000000065e+00,1.187000000000000055e+00,1.220500000000000000e+03,9.112000000000000099e-01,7.727999999999999758e+00,3.860000000000000098e-01,2.160499999999999865e+00,3.432100000000000151e+00,5.735999999999999988e-01
2.670702058244344909e-02,2.626325390008219518e-01,1.153299999999999992e+00,1.413000000000000034e+00,4.749999999999999778e-01,3.311000000000000054e-01,2.742000000000000000e+03,5.786000000000000227e+02,1.560299999999999976e+01,2.983550000000000182e+03,1.246499999999999941e+00,-1.071819999999999936e+03,-2.323590000000000146e+03,1.981700000000000017e+01,3.260400000000000187e+00,1.187300000000000022e+00,1.219099999999999909e+03,9.096800000000000441e-01,7.672399999999999665e+00,3.865999999999999992e-01,2.159899999999999931e+00,3.424700000000000077e+00,5.736999999999999877e-01
2.609127310361411892e-02,2.637939179832220482e-01,1.173699999999999966e+00,1.348600000000000021e+00,5.050000000000000044e-01,3.519999999999999796e-01,2.644300000000000182e+03,6.152000000000000455e+02,1.533200000000000074e+01,2.975960000000000036e+03,1.228199999999999958e+00,-1.093680000000000064e+03,-2.342000000000000000e+03,1.982199999999999918e+01,3.245999999999999996e+00,1.187599999999999989e+00,1.217599999999999909e+03,9.080099999999999838e-01,7.611500000000000377e+00,3.871999999999999886e-01,2.159299999999999997e+00,3.416500000000000092e+00,5.738999999999999657e-01
2.553187487224047730e-02,2.649552969656221446e-01,1.196399999999999908e+00,1.291400000000000103e+00,5.370000000000000329e-01,3.735999999999999877e-01,2.559000000000000000e+03,6.528999999999999773e+02,1.504100000000000037e+01,2.967650000000000091e+03,1.208599999999999897e+00,-1.117579999999999927e+03,-2.362119999999999891e+03,1.982600000000000051e+01,3.230300000000000171e+00,1.187999999999999945e+00,1.216000000000000000e+03,9.061700000000000310e-01,7.544999999999999929e+00,3.880000000000000115e-01,2.158599999999999852e+00,3.407500000000000195e+00,5.739999999999999547e-01
2.502578924825595713e-02,2.661166759480222410e-01,1.221799999999999997e+00,1.240699999999999914e+00,5.699999999999999512e-01,3.957999999999999852e-01,2.485000000000000000e+03,6.917000000000000455e+02,1.472899999999999920e+01,2.958539999999999964e+03,1.187400000000000011e+00,-1.143660000000000082e+03,-2.384070000000000164e+03,1.983099999999999952e+01,3.213099999999999845e+00,1.188499999999999890e+00,1.214200000000000045e+03,9.041599999999999637e-01,7.472500000000000142e+00,3.887999999999999790e-01,2.157799999999999940e+00,3.397600000000000176e+00,5.742000000000000437e-01
2.457045451741466519e-02,2.672780549304223374e-01,1.250099999999999989e+00,1.195999999999999952e+00,6.029999999999999805e-01,4.186000000000000276e-01,2.421000000000000000e+03,7.316000000000000227e+02,1.439499999999999957e+01,2.948599999999999909e+03,1.164700000000000069e+00,-1.172009999999999991e+03,-2.407920000000000073e+03,1.983699999999999974e+01,3.194500000000000117e+00,1.188900000000000068e+00,1.212200000000000045e+03,9.019700000000000495e-01,7.393699999999999939e+00,3.896999999999999909e-01,2.156899999999999817e+00,3.386899999999999800e+00,5.744000000000000217e-01
2.416370450488120741e-02,2.684394339128224338e-01,1.281600000000000072e+00,1.156700000000000061e+00,6.380000000000000115e-01,4.419000000000000150e-01,2.366199999999999818e+03,7.723999999999999773e+02,1.404100000000000037e+01,2.937800000000000182e+03,1.140600000000000058e+00,-1.202730000000000018e+03,-2.433750000000000000e+03,1.984199999999999875e+01,3.174399999999999888e+00,1.189500000000000002e+00,1.210099999999999909e+03,8.995800000000000463e-01,7.308600000000000207e+00,3.906999999999999917e-01,2.156000000000000139e+00,3.375300000000000189e+00,5.745999999999999996e-01
2.380370737653173668e-02,2.696008128952225302e-01,1.316699999999999982e+00,1.122500000000000053e+00,6.740000000000000435e-01,4.658999999999999808e-01,2.319599999999999909e+03,8.142000000000000455e+02,1.366699999999999982e+01,2.926079999999999927e+03,1.114999999999999991e+00,-1.235900000000000091e+03,-2.461639999999999873e+03,1.984799999999999898e+01,3.152800000000000047e+00,1.189999999999999947e+00,1.207799999999999955e+03,8.969899999999999540e-01,7.216700000000000337e+00,3.919000000000000261e-01,2.154900000000000038e+00,3.362699999999999800e+00,5.747999999999999776e-01
2.348891801791293255e-02,2.707621918776226266e-01,1.355699999999999905e+00,1.092999999999999972e+00,7.109999999999999654e-01,4.903000000000000136e-01,2.280599999999999909e+03,8.570000000000000000e+02,1.327399999999999913e+01,2.913409999999999854e+03,1.088000000000000078e+00,-1.271609999999999900e+03,-2.491630000000000109e+03,1.985500000000000043e+01,3.129599999999999937e+00,1.190700000000000092e+00,1.205299999999999955e+03,8.941900000000000404e-01,7.118100000000000094e+00,3.931000000000000050e-01,2.153799999999999937e+00,3.349000000000000199e+00,5.750999999999999446e-01
2.321804074339196833e-02,2.719235708600227230e-01,1.399100000000000010e+00,1.067900000000000071e+00,7.489999999999999991e-01,5.152999999999999803e-01,2.248500000000000000e+03,9.006000000000000227e+02,1.286200000000000010e+01,2.899750000000000000e+03,1.059600000000000097e+00,-1.309930000000000064e+03,-2.523809999999999945e+03,1.986199999999999832e+01,3.104800000000000004e+00,1.191400000000000015e+00,1.202599999999999909e+03,8.911599999999999522e-01,7.012599999999999945e+00,3.946000000000000063e-01,2.152600000000000069e+00,3.334400000000000031e+00,5.753000000000000336e-01
2.299000001344050220e-02,2.730849498424228194e-01,1.447300000000000031e+00,1.047099999999999920e+00,7.880000000000000338e-01,5.406999999999999584e-01,2.222500000000000000e+03,9.450000000000000000e+02,1.243399999999999928e+01,2.885050000000000182e+03,1.029900000000000038e+00,-1.350940000000000055e+03,-2.558219999999999800e+03,1.986899999999999977e+01,3.078399999999999803e+00,1.192099999999999937e+00,1.199700000000000045e+03,8.879000000000000226e-01,6.899899999999999700e+00,3.961000000000000076e-01,2.151199999999999779e+00,3.318599999999999994e+00,5.756000000000000005e-01
2.280391748060009438e-02,2.742463288248229158e-01,1.500699999999999923e+00,1.030200000000000005e+00,8.269999999999999574e-01,5.665000000000000036e-01,2.202300000000000182e+03,9.901000000000000227e+02,1.199099999999999966e+01,2.869309999999999945e+03,9.990500000000001046e-01,-1.394609999999999900e+03,-2.594840000000000146e+03,1.987699999999999889e+01,3.050499999999999989e+00,1.192900000000000071e+00,1.196599999999999909e+03,8.844100000000000295e-01,6.780499999999999972e+00,3.978999999999999759e-01,2.149799999999999933e+00,3.301699999999999857e+00,5.758999999999999675e-01
2.265909414078969009e-02,2.754077078072230123e-01,1.560300000000000020e+00,1.017099999999999893e+00,8.679999999999999938e-01,5.927999999999999936e-01,2.187199999999999818e+03,1.036099999999999909e+03,1.153299999999999947e+01,2.852429999999999836e+03,9.670100000000000362e-01,-1.441150000000000091e+03,-2.633840000000000146e+03,1.988500000000000156e+01,3.020900000000000141e+00,1.193799999999999972e+00,1.193299999999999955e+03,8.806599999999999984e-01,6.653800000000000381e+00,3.997999999999999887e-01,2.148299999999999876e+00,3.283599999999999852e+00,5.762000000000000455e-01
2.255499669786699413e-02,2.765690867896231087e-01,1.626400000000000068e+00,1.007800000000000029e+00,9.100000000000000311e-01,6.193999999999999506e-01,2.176900000000000091e+03,1.082599999999999909e+03,1.106499999999999950e+01,2.834429999999999836e+03,9.340000000000000524e-01,-1.490460000000000036e+03,-2.675119999999999891e+03,1.989300000000000068e+01,2.989900000000000002e+00,1.194800000000000084e+00,1.189700000000000045e+03,8.766599999999999948e-01,6.520199999999999996e+00,4.020000000000000240e-01,2.146599999999999842e+00,3.264299999999999979e+00,5.765000000000000124e-01
2.249124749617781999e-02,2.777304657720232051e-01,1.699600000000000000e+00,1.002099999999999991e+00,9.529999999999999583e-01,6.463999999999999746e-01,2.170800000000000182e+03,1.129700000000000045e+03,1.058799999999999919e+01,2.815300000000000182e+03,9.001899999999999347e-01,-1.542490000000000009e+03,-2.718650000000000091e+03,1.990200000000000102e+01,2.957399999999999807e+00,1.195899999999999963e+00,1.186000000000000000e+03,8.723999999999999533e-01,6.380200000000000315e+00,4.043999999999999817e-01,2.144800000000000040e+00,3.243900000000000006e+00,5.767999999999999794e-01
2.246761756547463462e-02,2.788918447544233015e-01,1.774100000000000010e+00,1.000000000000000000e+00,9.919999999999999929e-01,6.713000000000000078e-01,2.168699999999999818e+03,1.173299999999999955e+03,1.014300000000000068e+01,2.796679999999999836e+03,8.684799999999999187e-01,-1.592769999999999982e+03,-2.760670000000000073e+03,1.991000000000000014e+01,2.926299999999999901e+00,1.196900000000000075e+00,1.182299999999999955e+03,8.682499999999999662e-01,6.245899999999999785e+00,4.067999999999999949e-01,2.142999999999999794e+00,3.224000000000000199e+00,5.770999999999999464e-01
2.246745472349578887e-02,2.789966107214298940e-01,1.789099999999999913e+00,1.000000000000000000e+00,1.000000000000000000e+00,6.761000000000000343e-01,2.168699999999999818e+03,1.181599999999999909e+03,1.005799999999999983e+01,2.793050000000000182e+03,8.624300000000000299e-01,-1.602539999999999964e+03,-2.768840000000000146e+03,1.991199999999999903e+01,2.920300000000000118e+00,1.197100000000000053e+00,1.181599999999999909e+03,8.674300000000000344e-01,6.219899999999999984e+00,4.072999999999999954e-01,2.142599999999999838e+00,3.220200000000000173e+00,5.772000000000000464e-01
2.250298846153704624e-02,2.800532237368233979e-01,1.913300000000000001e+00,1.003200000000000092e+00,1.058999999999999941e+00,7.127999999999999892e-01,2.171599999999999909e+03,1.245799999999999955e+03,9.405499999999999972e+00,2.763920000000000073e+03,8.154400000000001647e-01,-1.680390000000000100e+03,-2.833820000000000164e+03,1.992399999999999949e+01,2.872900000000000009e+00,1.198800000000000088e+00,1.175900000000000091e+03,8.609299999999999731e-01,6.014300000000000423e+00,4.112000000000000099e-01,2.139800000000000146e+00,3.189099999999999824e+00,5.776999999999999913e-01
2.262464068712585069e-02,2.812146027192234943e-01,2.071800000000000086e+00,1.014000000000000012e+00,1.125999999999999890e+00,7.534999999999999476e-01,2.181300000000000182e+03,1.317000000000000000e+03,8.685700000000000642e+00,2.729380000000000109e+03,7.630900000000000460e-01,-1.771619999999999891e+03,-2.909849999999999909e+03,1.993700000000000117e+01,2.818499999999999783e+00,1.200900000000000079e+00,1.169099999999999909e+03,8.531900000000000039e-01,5.777099999999999902e+00,4.163000000000000034e-01,2.136400000000000077e+00,3.152400000000000091e+00,5.782000000000000473e-01
2.283481471559409282e-02,2.823759817016235907e-01,2.258399999999999963e+00,1.032999999999999918e+00,1.195999999999999952e+00,7.946999999999999620e-01,2.196699999999999818e+03,1.389000000000000000e+03,7.968099999999999739e+00,2.691969999999999800e+03,7.102600000000000025e-01,-1.869059999999999945e+03,-2.990920000000000073e+03,1.995100000000000051e+01,2.761800000000000033e+00,1.203100000000000058e+00,1.161799999999999955e+03,8.447999999999999954e-01,5.528599999999999959e+00,4.219999999999999862e-01,2.132600000000000051e+00,3.112800000000000011e+00,5.787999999999999812e-01
2.313721688901889534e-02,2.835373606840236871e-01,2.479099999999999859e+00,1.060499999999999998e+00,1.266999999999999904e+00,8.364000000000000323e-01,2.217199999999999818e+03,1.461799999999999955e+03,7.258799999999999919e+00,2.651559999999999945e+03,6.573500000000001009e-01,-1.972849999999999909e+03,-3.077099999999999909e+03,1.996499999999999986e+01,2.703300000000000036e+00,1.205600000000000005e+00,1.153799999999999955e+03,8.356999999999999984e-01,5.270500000000000185e+00,4.285999999999999810e-01,2.128400000000000070e+00,3.070100000000000051e+00,5.794000000000000261e-01
2.353755458349141017e-02,2.846987396664237835e-01,2.741499999999999826e+00,1.097499999999999920e+00,1.340999999999999970e+00,8.783999999999999586e-01,2.242199999999999818e+03,1.535299999999999955e+03,6.564099999999999824e+00,2.607989999999999782e+03,6.047799999999999843e-01,-2.082980000000000018e+03,-3.168340000000000146e+03,1.997899999999999920e+01,2.643499999999999961e+00,1.208399999999999919e+00,1.145200000000000045e+03,8.258600000000000385e-01,5.004599999999999937e+00,4.361999999999999766e-01,2.123800000000000132e+00,3.024199999999999999e+00,5.799999999999999600e-01
2.404413754222210764e-02,2.858601186488238799e-01,3.056400000000000006e+00,1.145299999999999985e+00,1.417000000000000037e+00,9.210000000000000409e-01,2.271300000000000182e+03,1.609599999999999909e+03,5.887699999999999712e+00,2.560980000000000018e+03,5.527900000000000036e-01,-2.199900000000000091e+03,-3.264989999999999782e+03,1.999200000000000088e+01,2.582800000000000207e+00,1.211300000000000043e+00,1.135900000000000091e+03,8.152099999999999902e-01,4.732700000000000351e+00,4.449000000000000177e-01,2.118700000000000028e+00,2.974800000000000111e+00,5.806000000000000050e-01
2.466889816327957549e-02,2.870214976312239763e-01,3.438200000000000145e+00,1.205600000000000005e+00,1.497000000000000108e+00,9.640999999999999570e-01,2.304099999999999909e+03,1.685000000000000000e+03,5.233999999999999986e+00,2.510239999999999782e+03,5.016700000000000603e-01,-2.323980000000000018e+03,-3.367280000000000200e+03,2.000499999999999901e+01,2.521700000000000053e+00,1.214599999999999902e+00,1.125700000000000045e+03,8.036699999999999955e-01,4.456800000000000317e+00,4.546999999999999931e-01,2.112899999999999778e+00,2.921699999999999964e+00,5.812000000000000499e-01
2.542628810987568669e-02,2.881828766136240727e-01,3.905400000000000205e+00,1.280699999999999950e+00,1.580000000000000071e+00,1.007700000000000040e+00,2.340300000000000182e+03,1.761200000000000045e+03,4.607800000000000118e+00,2.455510000000000218e+03,4.517800000000000704e-01,-2.455420000000000073e+03,-3.475349999999999909e+03,2.001699999999999946e+01,2.461100000000000065e+00,1.217999999999999972e+00,1.114599999999999909e+03,7.911700000000000399e-01,4.180299999999999905e+00,4.657999999999999918e-01,2.106599999999999806e+00,2.864500000000000046e+00,5.817999999999999838e-01
2.616869110225203063e-02,2.893442555960241691e-01,4.376100000000000101e+00,1.356600000000000028e+00,1.651999999999999913e+00,1.044399999999999995e+00,2.372800000000000182e+03,1.825299999999999955e+03,4.112199999999999633e+00,2.406860000000000127e+03,4.115300000000000624e-01,-2.570309999999999945e+03,-3.569559999999999945e+03,2.002700000000000102e+01,2.411799999999999944e+00,1.221000000000000085e+00,1.104599999999999909e+03,7.800099999999999811e-01,3.952799999999999869e+00,4.758999999999999897e-01,2.100699999999999790e+00,2.813899999999999846e+00,5.823000000000000398e-01
2.682823486354816642e-02,2.905056345784242655e-01,4.807900000000000063e+00,1.425899999999999945e+00,1.711000000000000076e+00,1.073199999999999932e+00,2.399400000000000091e+03,1.875700000000000045e+03,3.742799999999999905e+00,2.366840000000000146e+03,3.810299999999999798e-01,-2.663550000000000182e+03,-3.645840000000000146e+03,2.003399999999999892e+01,2.374400000000000066e+00,1.223500000000000032e+00,1.096299999999999955e+03,7.707899999999999752e-01,3.778399999999999981e+00,4.843999999999999972e-01,2.095699999999999896e+00,2.772299999999999986e+00,5.826999999999999957e-01
2.742769488877986814e-02,2.916670135608243619e-01,5.213599999999999568e+00,1.490299999999999958e+00,1.760999999999999899e+00,1.096999999999999975e+00,2.422099999999999909e+03,1.917299999999999955e+03,3.451600000000000001e+00,2.332570000000000164e+03,3.566400000000000126e-01,-2.742530000000000200e+03,-3.710340000000000146e+03,2.003900000000000148e+01,2.344500000000000028e+00,1.225500000000000034e+00,1.089099999999999909e+03,7.628700000000000481e-01,3.638100000000000112e+00,4.915999999999999814e-01,2.091400000000000148e+00,2.736800000000000122e+00,5.829999999999999627e-01
2.798100247402512258e-02,2.928283925432244583e-01,5.599999999999999645e+00,1.550999999999999934e+00,1.804000000000000048e+00,1.117399999999999949e+00,2.442000000000000000e+03,1.952900000000000091e+03,3.213400000000000034e+00,2.302469999999999800e+03,3.364400000000000168e-01,-2.811280000000000200e+03,-3.766400000000000091e+03,2.004299999999999926e+01,2.319900000000000073e+00,1.227300000000000058e+00,1.082700000000000045e+03,7.559000000000000163e-01,3.521599999999999842e+00,4.979999999999999982e-01,2.087499999999999911e+00,2.705700000000000216e+00,5.832000000000000517e-01
2.849741566143041901e-02,2.939897715256245547e-01,5.971700000000000230e+00,1.608800000000000008e+00,1.842000000000000082e+00,1.135099999999999998e+00,2.459599999999999909e+03,1.983900000000000091e+03,3.013399999999999856e+00,2.275550000000000182e+03,3.192900000000000182e-01,-2.872289999999999964e+03,-3.816079999999999927e+03,2.004700000000000060e+01,2.299199999999999910e+00,1.228799999999999892e+00,1.076900000000000091e+03,7.496500000000000385e-01,3.422600000000000087e+00,5.036000000000000476e-01,2.083899999999999864e+00,2.677900000000000169e+00,5.834000000000000297e-01
2.898345763785408966e-02,2.951511505080246511e-01,6.331599999999999895e+00,1.664199999999999902e+00,1.877000000000000002e+00,1.150800000000000045e+00,2.475500000000000000e+03,2.011400000000000091e+03,2.842099999999999849e+00,2.251159999999999854e+03,3.044500000000000539e-01,-2.927219999999999800e+03,-3.860760000000000218e+03,2.005000000000000071e+01,2.281499999999999861e+00,1.230099999999999971e+00,1.071599999999999909e+03,7.439700000000000202e-01,3.337000000000000188e+00,5.086000000000000520e-01,2.080600000000000005e+00,2.652699999999999836e+00,5.835000000000000187e-01
2.944392965101200882e-02,2.963125294904247475e-01,6.681899999999999729e+00,1.717400000000000038e+00,1.909000000000000030e+00,1.165000000000000036e+00,2.490000000000000000e+03,2.036099999999999909e+03,2.693099999999999827e+00,2.228820000000000164e+03,2.914100000000000024e-01,-2.977239999999999782e+03,-3.901400000000000091e+03,2.005199999999999960e+01,2.266099999999999781e+00,1.231300000000000061e+00,1.066799999999999955e+03,7.387500000000000178e-01,3.262100000000000222e+00,5.131999999999999895e-01,2.077599999999999891e+00,2.629700000000000149e+00,5.836000000000000076e-01
2.988248724715440729e-02,2.974739084728248439e-01,7.023600000000000065e+00,1.768999999999999906e+00,1.937999999999999945e+00,1.177799999999999958e+00,2.503199999999999818e+03,2.058500000000000000e+03,2.562100000000000044e+00,2.208219999999999800e+03,2.798500000000000432e-01,-3.023110000000000127e+03,-3.938639999999999873e+03,2.005399999999999849e+01,2.252499999999999947e+00,1.232399999999999940e+00,1.062200000000000045e+03,7.339400000000000368e-01,3.195699999999999985e+00,5.172999999999999821e-01,2.074699999999999989e+00,2.608499999999999819e+00,5.836999999999999966e-01
3.030199000188992312e-02,2.986352874552248848e-01,7.358799999999999564e+00,1.818999999999999950e+00,1.965000000000000080e+00,1.189599999999999991e+00,2.515500000000000000e+03,2.079000000000000000e+03,2.445399999999999796e+00,2.189059999999999945e+03,2.694700000000000428e-01,-3.065610000000000127e+03,-3.973110000000000127e+03,2.005600000000000094e+01,2.240499999999999936e+00,1.233400000000000052e+00,1.058000000000000000e+03,7.294500000000000428e-01,3.136400000000000077e+00,5.211000000000000076e-01,2.072000000000000064e+00,2.588799999999999990e+00,5.837999999999999856e-01
3.070472490221803213e-02,2.997966664376249812e-01,7.688100000000000378e+00,1.867699999999999916e+00,1.991000000000000103e+00,1.200399999999999912e+00,2.527000000000000000e+03,2.098000000000000000e+03,2.340700000000000003e+00,2.171139999999999873e+03,2.600800000000000334e-01,-3.105170000000000073e+03,-4.005170000000000073e+03,2.005799999999999983e+01,2.229699999999999793e+00,1.234299999999999953e+00,1.054000000000000000e+03,7.252399999999999958e-01,3.082899999999999974e+00,5.244999999999999662e-01,2.069500000000000117e+00,2.570399999999999796e+00,5.838999999999999746e-01
3.109255505905945613e-02,3.009580454200250776e-01,8.012199999999999989e+00,1.915200000000000014e+00,2.013999999999999790e+00,1.210399999999999920e+00,2.537599999999999909e+03,2.115500000000000000e+03,2.245999999999999996e+00,2.154320000000000164e+03,2.515200000000000213e-01,-3.142190000000000055e+03,-4.035150000000000091e+03,2.005900000000000105e+01,2.220000000000000195e+00,1.235100000000000087e+00,1.050200000000000045e+03,7.212800000000000322e-01,3.034400000000000208e+00,5.276999999999999469e-01,2.067099999999999937e+00,2.553100000000000147e+00,5.839999999999999636e-01
3.146702216392138762e-02,3.021194244024251740e-01,8.331799999999999429e+00,1.961600000000000010e+00,2.036999999999999922e+00,1.219799999999999995e+00,2.547699999999999818e+03,2.131900000000000091e+03,2.159800000000000164e+00,2.138449999999999818e+03,2.436800000000000077e-01,-3.176980000000000018e+03,-4.063309999999999945e+03,2.005999999999999872e+01,2.211300000000000043e+00,1.235899999999999999e+00,1.046599999999999909e+03,7.175500000000000211e-01,2.990099999999999980e+00,5.306999999999999496e-01,2.064799999999999969e+00,2.536900000000000155e+00,5.839999999999999636e-01
3.182941914607805706e-02,3.032808033848252705e-01,8.647800000000000153e+00,2.007000000000000117e+00,2.057999999999999829e+00,1.228599999999999914e+00,2.557099999999999909e+03,2.147300000000000182e+03,2.080900000000000194e+00,2.123400000000000091e+03,2.364500000000000213e-01,-3.209860000000000127e+03,-4.089909999999999854e+03,2.006200000000000117e+01,2.203300000000000036e+00,1.236599999999999921e+00,1.043200000000000045e+03,7.139999999999999680e-01,2.949399999999999800e+00,5.333999999999999853e-01,2.062600000000000211e+00,2.521399999999999864e+00,5.840999999999999526e-01
3.218084298491419998e-02,3.044421823672253669e-01,8.959699999999999775e+00,2.051600000000000090e+00,2.079000000000000181e+00,1.236900000000000110e+00,2.566099999999999909e+03,2.161699999999999818e+03,2.008500000000000174e+00,2.109150000000000091e+03,2.297800000000000120e-01,-3.240940000000000055e+03,-4.115029999999999745e+03,2.006200000000000117e+01,2.196000000000000174e+00,1.237200000000000077e+00,1.039900000000000091e+03,7.106299999999999839e-01,2.911999999999999922e+00,5.359000000000000430e-01,2.060500000000000220e+00,2.506800000000000139e+00,5.840999999999999526e-01
3.252223392559647208e-02,3.056035613496254633e-01,9.268399999999999750e+00,2.095299999999999940e+00,2.097999999999999865e+00,1.244699999999999918e+00,2.574500000000000000e+03,2.175300000000000182e+03,1.941599999999999993e+00,2.095570000000000164e+03,2.235700000000000187e-01,-3.270449999999999818e+03,-4.138880000000000109e+03,2.006299999999999883e+01,2.189299999999999802e+00,1.237800000000000011e+00,1.036799999999999955e+03,7.074200000000000488e-01,2.877400000000000180e+00,5.382000000000000117e-01,2.058399999999999785e+00,2.492999999999999883e+00,5.840999999999999526e-01
3.285440514640387832e-02,3.067649403320255597e-01,9.574299999999999145e+00,2.138399999999999856e+00,2.116999999999999993e+00,1.252000000000000002e+00,2.582599999999999909e+03,2.188199999999999818e+03,1.879499999999999948e+00,2.082610000000000127e+03,2.177900000000000391e-01,-3.298559999999999945e+03,-4.161590000000000146e+03,2.006400000000000006e+01,2.183100000000000041e+00,1.238399999999999945e+00,1.033799999999999955e+03,7.043399999999999661e-01,2.845299999999999940e+00,5.403999999999999915e-01,2.056500000000000217e+00,2.479699999999999793e+00,5.840999999999999526e-01
3.317806557423856606e-02,3.079263193144256561e-01,9.877499999999999503e+00,2.180699999999999861e+00,2.133999999999999897e+00,1.258999999999999897e+00,2.590300000000000182e+03,2.200400000000000091e+03,1.821800000000000086e+00,2.070210000000000036e+03,2.123700000000000032e-01,-3.325389999999999873e+03,-4.183250000000000000e+03,2.006500000000000128e+01,2.177400000000000002e+00,1.238899999999999890e+00,1.030900000000000091e+03,7.014000000000000234e-01,2.815300000000000136e+00,5.424999999999999822e-01,2.054600000000000204e+00,2.467000000000000082e+00,5.840999999999999526e-01
3.349383768856208782e-02,3.090876982968257525e-01,1.017800000000000082e+01,2.222399999999999931e+00,2.152000000000000135e+00,1.265700000000000047e+00,2.597599999999999909e+03,2.212099999999999909e+03,1.768000000000000016e+00,2.058320000000000164e+03,2.072900000000000298e-01,-3.351059999999999945e+03,-4.203960000000000036e+03,2.006599999999999895e+01,2.172200000000000131e+00,1.239400000000000057e+00,1.028200000000000045e+03,6.985799999999999788e-01,2.787300000000000111e+00,5.443999999999999950e-01,2.052799999999999958e+00,2.454899999999999860e+00,5.842000000000000526e-01
3.380227159694031147e-02,3.102490772792258489e-01,1.047700000000000031e+01,2.263500000000000068e+00,2.168000000000000149e+00,1.272000000000000020e+00,2.604699999999999818e+03,2.223199999999999818e+03,1.717600000000000016e+00,2.046910000000000082e+03,2.025100000000000233e-01,-3.375659999999999854e+03,-4.223810000000000400e+03,2.006599999999999895e+01,2.167199999999999793e+00,1.239900000000000002e+00,1.025500000000000000e+03,6.958600000000000341e-01,2.761099999999999888e+00,5.462000000000000188e-01,2.051000000000000156e+00,2.443200000000000038e+00,5.842000000000000526e-01
3.410385629426591902e-02,3.114104562616259453e-01,1.077399999999999913e+01,2.304100000000000037e+00,2.184000000000000163e+00,1.278100000000000014e+00,2.611400000000000091e+03,2.233800000000000182e+03,1.670299999999999896e+00,2.035930000000000064e+03,1.980000000000000093e-01,-3.399289999999999964e+03,-4.242859999999999673e+03,2.006700000000000017e+01,2.162700000000000067e+00,1.240299999999999958e+00,1.022899999999999977e+03,6.932500000000000329e-01,2.736499999999999932e+00,5.479000000000000536e-01,2.049300000000000122e+00,2.431999999999999940e+00,5.842000000000000526e-01
3.439902876522209912e-02,3.125718352440260417e-01,1.106900000000000084e+01,2.344100000000000072e+00,2.198999999999999844e+00,1.283900000000000041e+00,2.617900000000000091e+03,2.243900000000000091e+03,1.625799999999999912e+00,2.025349999999999909e+03,1.937400000000000233e-01,-3.422010000000000218e+03,-4.261180000000000291e+03,2.006700000000000017e+01,2.158399999999999874e+00,1.240699999999999914e+00,1.020399999999999977e+03,6.907200000000000006e-01,2.713299999999999823e+00,5.494999999999999885e-01,2.047600000000000087e+00,2.421199999999999797e+00,5.840999999999999526e-01
3.468818141441568081e-02,3.137332142264261381e-01,1.136200000000000010e+01,2.383700000000000152e+00,2.213999999999999968e+00,1.289500000000000091e+00,2.624099999999999909e+03,2.253599999999999909e+03,1.583800000000000097e+00,2.015140000000000100e+03,1.897000000000000075e-01,-3.443900000000000091e+03,-4.278810000000000400e+03,2.006800000000000139e+01,2.154399999999999871e+00,1.241100000000000092e+00,1.018000000000000000e+03,6.882899999999999574e-01,2.691399999999999793e+00,5.510000000000000453e-01,2.045999999999999819e+00,2.410800000000000054e+00,5.840999999999999526e-01
3.497166818504118813e-02,3.148945932088262345e-01,1.165399999999999991e+01,2.422800000000000065e+00,2.228000000000000203e+00,1.294799999999999951e+00,2.630099999999999909e+03,2.263000000000000000e+03,1.544200000000000017e+00,2.005279999999999973e+03,1.858600000000000252e-01,-3.465010000000000218e+03,-4.295819999999999709e+03,2.006800000000000139e+01,2.150599999999999845e+00,1.241500000000000048e+00,1.015600000000000023e+03,6.859300000000000397e-01,2.670599999999999863e+00,5.524000000000000021e-01,2.044399999999999995e+00,2.400799999999999823e+00,5.840999999999999526e-01
3.524980963836961412e-02,3.160559721912263309e-01,1.194400000000000084e+01,2.461500000000000021e+00,2.241999999999999993e+00,1.300000000000000044e+00,2.635900000000000091e+03,2.272000000000000000e+03,1.506599999999999939e+00,1.995740000000000009e+03,1.822200000000000208e-01,-3.485389999999999873e+03,-4.312239999999999782e+03,2.006899999999999906e+01,2.147100000000000009e+00,1.241800000000000015e+00,1.013299999999999955e+03,6.836499999999999799e-01,2.650999999999999801e+00,5.536999999999999700e-01,2.042899999999999938e+00,2.391000000000000014e+00,5.840999999999999526e-01
3.552289720196144529e-02,3.172173511736264273e-01,1.223300000000000054e+01,2.499800000000000022e+00,2.255999999999999783e+00,1.304899999999999949e+00,2.641500000000000000e+03,2.280599999999999909e+03,1.471100000000000074e+00,1.986509999999999991e+03,1.787400000000000100e-01,-3.505110000000000127e+03,-4.328109999999999673e+03,2.006899999999999906e+01,2.143800000000000150e+00,1.242199999999999971e+00,1.011100000000000023e+03,6.814299999999999802e-01,2.632400000000000073e+00,5.550000000000000488e-01,2.041399999999999881e+00,2.381600000000000161e+00,5.840999999999999526e-01
3.579119674706637833e-02,3.183787301560265237e-01,1.251999999999999957e+01,2.537700000000000067e+00,2.269000000000000128e+00,1.309700000000000086e+00,2.646900000000000091e+03,2.289000000000000000e+03,1.437300000000000022e+00,1.977559999999999945e+03,1.754300000000000026e-01,-3.524190000000000055e+03,-4.343470000000000255e+03,2.006899999999999906e+01,2.140600000000000058e+00,1.242499999999999938e+00,1.008899999999999977e+03,6.792899999999999494e-01,2.614700000000000024e+00,5.561000000000000387e-01,2.040000000000000036e+00,2.372500000000000053e+00,5.840999999999999526e-01
3.605495162030229739e-02,3.195401091384266201e-01,1.280700000000000038e+01,2.575299999999999923e+00,2.281000000000000139e+00,1.314300000000000024e+00,2.652199999999999818e+03,2.297099999999999909e+03,1.405100000000000016e+00,1.968869999999999891e+03,1.722700000000000065e-01,-3.542679999999999836e+03,-4.358350000000000364e+03,2.007000000000000028e+01,2.137700000000000156e+00,1.242799999999999905e+00,1.006799999999999955e+03,6.772000000000000242e-01,2.597799999999999887e+00,5.573000000000000176e-01,2.038600000000000190e+00,2.363700000000000134e+00,5.840999999999999526e-01
3.631438522803806523e-02,3.207014881208267165e-01,1.309200000000000053e+01,2.612499999999999822e+00,2.294000000000000039e+00,1.318799999999999972e+00,2.657199999999999818e+03,2.304900000000000091e+03,1.374500000000000055e+00,1.960440000000000055e+03,1.692400000000000015e-01,-3.560619999999999891e+03,-4.372779999999999745e+03,2.007000000000000028e+01,2.134900000000000020e+00,1.243100000000000094e+00,1.004799999999999955e+03,6.751800000000000024e-01,2.581700000000000106e+00,5.583000000000000185e-01,2.037199999999999900e+00,2.355100000000000193e+00,5.839999999999999636e-01
3.656970325158916124e-02,3.218628671032268129e-01,1.337700000000000067e+01,2.649300000000000210e+00,2.306000000000000050e+00,1.323099999999999943e+00,2.662199999999999818e+03,2.312400000000000091e+03,1.345299999999999940e+00,1.952250000000000000e+03,1.663400000000000156e-01,-3.578030000000000200e+03,-4.386789999999999964e+03,2.007000000000000028e+01,2.132200000000000095e+00,1.243300000000000072e+00,1.002799999999999955e+03,6.732099999999999751e-01,2.566300000000000026e+00,5.593000000000000194e-01,2.035800000000000054e+00,2.346799999999999997e+00,5.839999999999999636e-01
3.682109555570970555e-02,3.230242460856268538e-01,1.366000000000000014e+01,2.685900000000000176e+00,2.318000000000000060e+00,1.327299999999999924e+00,2.666900000000000091e+03,2.319699999999999818e+03,1.317399999999999904e+00,1.944279999999999973e+03,1.635600000000000109e-01,-3.594949999999999818e+03,-4.400390000000000327e+03,2.007000000000000028e+01,2.129700000000000149e+00,1.243600000000000039e+00,1.000799999999999955e+03,6.712900000000000533e-01,2.551600000000000090e+00,5.603000000000000203e-01,2.034499999999999975e+00,2.338699999999999779e+00,5.839999999999999636e-01
3.706873784073826811e-02,3.241856250680269502e-01,1.394200000000000017e+01,2.722100000000000186e+00,2.329000000000000181e+00,1.331299999999999928e+00,2.671599999999999909e+03,2.326800000000000182e+03,1.290699999999999958e+00,1.936519999999999982e+03,1.608900000000000052e-01,-3.611400000000000091e+03,-4.413619999999999891e+03,2.007100000000000151e+01,2.127299999999999969e+00,1.243800000000000017e+00,9.988999999999999773e+02,6.694200000000000150e-01,2.537500000000000089e+00,5.612000000000000322e-01,2.033199999999999896e+00,2.330799999999999983e+00,5.838999999999999746e-01
3.731279307926563954e-02,3.253470040504270466e-01,1.422400000000000020e+01,2.758100000000000218e+00,2.341000000000000192e+00,1.335199999999999942e+00,2.676099999999999909e+03,2.333699999999999818e+03,1.265099999999999891e+00,1.928960000000000036e+03,1.583200000000000163e-01,-3.627409999999999854e+03,-4.426489999999999782e+03,2.007100000000000151e+01,2.125100000000000211e+00,1.244099999999999984e+00,9.971000000000000227e+02,6.675900000000000167e-01,2.524000000000000021e+00,5.621000000000000441e-01,2.032000000000000028e+00,2.323199999999999932e+00,5.838999999999999746e-01
3.755341277070898404e-02,3.265083830328271430e-01,1.450500000000000078e+01,2.793800000000000061e+00,2.351999999999999869e+00,1.339099999999999957e+00,2.680500000000000000e+03,2.340300000000000182e+03,1.240599999999999925e+00,1.921589999999999918e+03,1.558599999999999985e-01,-3.643000000000000000e+03,-4.439029999999999745e+03,2.007100000000000151e+01,2.122900000000000009e+00,1.244299999999999962e+00,9.952000000000000455e+02,6.658199999999999674e-01,2.511099999999999888e+00,5.628999999999999559e-01,2.030699999999999950e+00,2.315700000000000092e+00,5.838999999999999746e-01
