4.647275760942812250e-02,0.000000000000000000e+00,1.000000000000000000e+00,4.500099999999999767e+00,0.000000000000000000e+00,0.000000000000000000e+00,0.000000000000000000e+00,0.000000000000000000e+00,1.800000000000000000e+01,3.235659999999999854e+03,1.388900000000000023e+00,-8.744700000000000273e+02,-2.170449999999999818e+03,2.075900000000000034e+01,4.303899999999999615e+00,1.160700000000000065e+00,1.226500000000000000e+03,9.828400000000000469e-01,1.077330000000000076e+01,3.926000000000000045e-01,2.129799999999999915e+00,3.517399999999999860e+00,5.950999999999999623e-01
4.647275760942812250e-02,2.000602228586003620e-03,1.000209090909090826e+00,4.500099999999999767e+00,1.353535353535353664e-03,9.313131313131313947e-04,8.148888888888888005e+01,1.653535353535353414e+00,1.799631313131312993e+01,3.235610808080808056e+03,1.388637373737373837e+00,-8.746053535353535153e+02,-2.170564141414141432e+03,2.075902020202020282e+01,4.303861616161615444e+00,1.160700000000000065e+00,1.226489898989899075e+03,9.828292929292929969e-01,1.077313232323232484e+01,3.925989898989898919e-01,2.129795959595959687e+00,3.517351515151514896e+00,5.951010101010100195e-01
4.647275760942812250e-02,4.001204457172007241e-03,1.000418181818181873e+00,4.500099999999999767e+00,2.707070707070707329e-03,1.862626262626262789e-03,1.629777777777777601e+02,3.307070707070706828e+00,1.799262626262626341e+01,3.235561616161615802e+03,1.388374747474747428e+00,-8.747407070707071171e+02,-2.170678282828282590e+03,2.075904040404040529e+01,4.303823232323232162e+00,1.160700000000000065e+00,1.226479797979797922e+03,9.828185858585859469e-01,1.077296464646464713e+01,3.925979797979797792e-01,2.129791919191919014e+00,3.517303030303030376e+00,5.951020202020201877e-01
4.647275760942812250e-02,6.001806685758011295e-03,1.000627272727272699e+00,4.500099999999999767e+00,4.060606060606061427e-03,2.793939393939394184e-03,2.444666666666666401e+02,4.960606060606060019e+00,1.798893939393939334e+01,3.235512424242424004e+03,1.388112121212121242e+00,-8.748760606060606051e+02,-2.170792424242424204e+03,2.075906060606060777e+01,4.303784848484847991e+00,1.160700000000000065e+00,1.226469696969696997e+03,9.828078787878787859e-01,1.077279696969697120e+01,3.925969696969697220e-01,2.129787878787878785e+00,3.517254545454545411e+00,5.951030303030302449e-01
4.647275760942812250e-02,8.002408914344014482e-03,1.000836363636363524e+00,4.500099999999999767e+00,5.414141414141414657e-03,3.725252525252525579e-03,3.259555555555555202e+02,6.614141414141413655e+00,1.798525252525252682e+01,3.235463232323232205e+03,1.387849494949495055e+00,-8.750114141414142068e+02,-2.170906565656565363e+03,2.075908080808080669e+01,4.303746464646463821e+00,1.160700000000000065e+00,1.226459595959596072e+03,9.827971717171717358e-01,1.077262929292929350e+01,3.925959595959596093e-01,2.129783838383838113e+00,3.517206060606060447e+00,5.951040404040404130e-01
4.647275760942812250e-02,1.000301114293001767e-02,1.001045454545454572e+00,4.500099999999999767e+00,6.767676767676767888e-03,4.656565656565657407e-03,4.074444444444444002e+02,8.267676767676766403e+00,1.798156565656565675e+01,3.235414040404040406e+03,1.387586868686868646e+00,-8.751467676767676949e+02,-2.171020707070706976e+03,2.075910101010100917e+01,4.303708080808080538e+00,1.160700000000000065e+00,1.226449494949494920e+03,9.827864646464646858e-01,1.077246161616161757e+01,3.925949494949494967e-01,2.129779797979797884e+00,3.517157575757575483e+00,5.951050505050504702e-01
4.647275760942812250e-02,1.200361337151602259e-02,1.001254545454545397e+00,4.500099999999999767e+00,8.121212121212122853e-03,5.587878787878788368e-03,4.889333333333332803e+02,9.921212121212120039e+00,1.797787878787878668e+01,3.235364848484848153e+03,1.387324242424242460e+00,-8.752821212121211829e+02,-2.171134848484848135e+03,2.075912121212121164e+01,4.303669696969696368e+00,1.160700000000000065e+00,1.226439393939393995e+03,9.827757575757576358e-01,1.077229393939393987e+01,3.925939393939393840e-01,2.129775757575757655e+00,3.517109090909090963e+00,5.951060606060605274e-01
4.647275760942812250e-02,1.400421560010202578e-02,1.001463636363636445e+00,4.500099999999999767e+00,9.474747474747476084e-03,6.519191919191919329e-03,5.704222222222222172e+02,1.157474747474747367e+01,1.797419191919192016e+01,3.235315656565656354e+03,1.387061616161616273e+00,-8.754174747474747846e+02,-2.171248989898989748e+03,2.075914141414141412e+01,4.303631313131313085e+00,1.160700000000000065e+00,1.226429292929292842e+03,9.827650505050505858e-01,1.077212626262626394e+01,3.925929292929292713e-01,2.129771717171716983e+00,3.517060606060605998e+00,5.951070707070706955e-01
4.647275760942812250e-02,1.600481782868802896e-02,1.001672727272727270e+00,4.500099999999999767e+00,1.082828282828282931e-02,7.450505050505051158e-03,6.519111111111110404e+02,1.322828282828282731e+01,1.797050505050505009e+01,3.235266464646464556e+03,1.386798989898989864e+00,-8.755528282828282727e+02,-2.171363131313131362e+03,2.075916161616161659e+01,4.303592929292928915e+00,1.160700000000000065e+00,1.226419191919191917e+03,9.827543434343434248e-01,1.077195858585858623e+01,3.925919191919192142e-01,2.129767676767676754e+00,3.517012121212121034e+00,5.951080808080807527e-01
4.647275760942812250e-02,1.800542005727403388e-02,1.001881818181818096e+00,4.500099999999999767e+00,1.218181818181818254e-02,8.381818181818182986e-03,7.333999999999998636e+02,1.488181818181818095e+01,1.796681818181818358e+01,3.235217272727272757e+03,1.386536363636363678e+00,-8.756881818181818744e+02,-2.171477272727272521e+03,2.075918181818181907e+01,4.303554545454544744e+00,1.160700000000000065e+00,1.226409090909090992e+03,9.827436363636363748e-01,1.077179090909091030e+01,3.925909090909091015e-01,2.129763636363636081e+00,3.516963636363636070e+00,5.951090909090909209e-01
4.647275760942812250e-02,2.000602228586003534e-02,1.002090909090909143e+00,4.500099999999999767e+00,1.353535353535353578e-02,9.313131313131314815e-03,8.148888888888888005e+02,1.653535353535353281e+01,1.796313131313131350e+01,3.235168080808080504e+03,1.386273737373737491e+00,-8.758235353535353624e+02,-2.171591414141414134e+03,2.075920202020202154e+01,4.303516161616161462e+00,1.160700000000000065e+00,1.226398989898989839e+03,9.827329292929293247e-01,1.077162323232323260e+01,3.925898989898989888e-01,2.129759595959595853e+00,3.516915151515151550e+00,5.951101010101009781e-01
4.647275760942812250e-02,2.200662451444604026e-02,1.002299999999999969e+00,4.500099999999999767e+00,1.488888888888889074e-02,1.024444444444444491e-02,8.963777777777777374e+02,1.818888888888888644e+01,1.795944444444444343e+01,3.235118888888888705e+03,1.386011111111111083e+00,-8.759588888888889642e+02,-2.171705555555555293e+03,2.075922222222222402e+01,4.303477777777777291e+00,1.160700000000000065e+00,1.226388888888888914e+03,9.827222222222222747e-01,1.077145555555555667e+01,3.925888888888888761e-01,2.129755555555555624e+00,3.516866666666666585e+00,5.951111111111110352e-01
4.647275760942812250e-02,2.400722674303204518e-02,1.002509090909090794e+00,4.500099999999999767e+00,1.624242424242424571e-02,1.117575757575757674e-02,9.778666666666665606e+02,1.984242424242424008e+01,1.795575757575757692e+01,3.235069696969696906e+03,1.385748484848484896e+00,-8.760942424242424522e+02,-2.171819696969696906e+03,2.075924242424242294e+01,4.303439393939393121e+00,1.160700000000000065e+00,1.226378787878787989e+03,9.827115151515152247e-01,1.077128787878787897e+01,3.925878787878788190e-01,2.129751515151514951e+00,3.516818181818181621e+00,5.951121212121212034e-01
4.647275760942812250e-02,2.600782897161804663e-02,1.002718181818181842e+00,4.500099999999999767e+00,1.759595959595959894e-02,1.210707070707070857e-02,1.059355555555555384e+03,2.149595959595959371e+01,1.795207070707070685e+01,3.235020505050505108e+03,1.385485858585858709e+00,-8.762295959595959403e+02,-2.171933838383838065e+03,2.075926262626262542e+01,4.303401010101009838e+00,1.160700000000000065e+00,1.226368686868686837e+03,9.827008080808081747e-01,1.077112020202020304e+01,3.925868686868687063e-01,2.129747474747474723e+00,3.516769696969696657e+00,5.951131313131312606e-01
4.647275760942812250e-02,2.800843120020405155e-02,1.002927272727272667e+00,4.500099999999999767e+00,1.894949494949495217e-02,1.303838383838383866e-02,1.140844444444444434e+03,2.314949494949494735e+01,1.794838383838384033e+01,3.234971313131312854e+03,1.385223232323232301e+00,-8.763649494949495420e+02,-2.172047979797979679e+03,2.075928282828282789e+01,4.303362626262625668e+00,1.160700000000000065e+00,1.226358585858585911e+03,9.826901010101010137e-01,1.077095252525252533e+01,3.925858585858585936e-01,2.129743434343434050e+00,3.516721212121212137e+00,5.951141414141414288e-01
4.647275760942812250e-02,3.000903342879005301e-02,1.003136363636363715e+00,4.500099999999999767e+00,2.030303030303030540e-02,1.396969696969697049e-02,1.222333333333333258e+03,2.480303030303030098e+01,1.794469696969697026e+01,3.234922121212121056e+03,1.384960606060606114e+00,-8.765003030303030300e+02,-2.172162121212120837e+03,2.075930303030303037e+01,4.303324242424242385e+00,1.160700000000000065e+00,1.226348484848484759e+03,9.826793939393939636e-01,1.077078484848484941e+01,3.925848484848484810e-01,2.129739393939393821e+00,3.516672727272727172e+00,5.951151515151514859e-01
4.647275760942812250e-02,3.200963565737605793e-02,1.003345454545454540e+00,4.500099999999999767e+00,2.165656565656565863e-02,1.490101010101010232e-02,1.303822222222222081e+03,2.645656565656565462e+01,1.794101010101010019e+01,3.234872929292929257e+03,1.384697979797979928e+00,-8.766356565656566318e+02,-2.172276262626262451e+03,2.075932323232323284e+01,4.303285858585858215e+00,1.160700000000000065e+00,1.226338383838383834e+03,9.826686868686869136e-01,1.077061717171717170e+01,3.925838383838383683e-01,2.129735353535353592e+00,3.516624242424242208e+00,5.951161616161615431e-01
4.647275760942812250e-02,3.401023788596205938e-02,1.003554545454545366e+00,4.500099999999999767e+00,2.301010101010101186e-02,1.583232323232323241e-02,1.385311111111110904e+03,2.811010101010100826e+01,1.793732323232323367e+01,3.234823737373737458e+03,1.384435353535353519e+00,-8.767710101010101198e+02,-2.172390404040404064e+03,2.075934343434343532e+01,4.303247474747474044e+00,1.160700000000000065e+00,1.226328282828282909e+03,9.826579797979798636e-01,1.077044949494949577e+01,3.925828282828283111e-01,2.129731313131312920e+00,3.516575757575757244e+00,5.951171717171717113e-01
4.647275760942812250e-02,3.601084011454806777e-02,1.003763636363636413e+00,4.500099999999999767e+00,2.436363636363636509e-02,1.676363636363636597e-02,1.466799999999999727e+03,2.976363636363636189e+01,1.793363636363636360e+01,3.234774545454545205e+03,1.384172727272727332e+00,-8.769063636363636078e+02,-2.172504545454545223e+03,2.075936363636363780e+01,4.303209090909090762e+00,1.160700000000000065e+00,1.226318181818181756e+03,9.826472727272728136e-01,1.077028181818181807e+01,3.925818181818181984e-01,2.129727272727272691e+00,3.516527272727272724e+00,5.951181818181817684e-01
4.647275760942812250e-02,3.801144234313406922e-02,1.003972727272727239e+00,4.500099999999999767e+00,2.571717171717171832e-02,1.769494949494949607e-02,1.548288888888888778e+03,3.141717171717171553e+01,1.792994949494949353e+01,3.234725353535353406e+03,1.383910101010100924e+00,-8.770417171717172096e+02,-2.172618686868686837e+03,2.075938383838384027e+01,4.303170707070706591e+00,1.160700000000000065e+00,1.226308080808080831e+03,9.826365656565656526e-01,1.077011414141414214e+01,3.925808080808080858e-01,2.129723232323232462e+00,3.516478787878787760e+00,5.951191919191918256e-01
4.647275760942812250e-02,4.001204457172007067e-02,1.004181818181818064e+00,4.500099999999999767e+00,2.707070707070707155e-02,1.862626262626262963e-02,1.629777777777777601e+03,3.307070707070706561e+01,1.792626262626262701e+01,3.234676161616161608e+03,1.383647474747474737e+00,-8.771770707070706976e+02,-2.172732828282827995e+03,2.075940404040403919e+01,4.303132323232322420e+00,1.160700000000000065e+00,1.226297979797979906e+03,9.826258585858586025e-01,1.076994646464646621e+01,3.925797979797979731e-01,2.129719191919191790e+00,3.516430303030302795e+00,5.951202020202019938e-01
4.647275760942812250e-02,4.201264680030607906e-02,1.004390909090909112e+00,4.500099999999999767e+00,2.842424242424242825e-02,1.955757575757575972e-02,1.711266666666666424e+03,3.472424242424241925e+01,1.792257575757575694e+01,3.234626969696969354e+03,1.383384848484848550e+00,-8.773124242424242993e+02,-2.172846969696969609e+03,2.075942424242424167e+01,4.303093939393939138e+00,1.160700000000000065e+00,1.226287878787878753e+03,9.826151515151515525e-01,1.076977878787878851e+01,3.925787878787878604e-01,2.129715151515151561e+00,3.516381818181818275e+00,5.951212121212120509e-01
4.647275760942812250e-02,4.401324902889208052e-02,1.004599999999999937e+00,4.500099999999999767e+00,2.977777777777778148e-02,2.048888888888888982e-02,1.792755555555555475e+03,3.637777777777777288e+01,1.791888888888889042e+01,3.234577777777777555e+03,1.383122222222222142e+00,-8.774477777777777874e+02,-2.172961111111110768e+03,2.075944444444444414e+01,4.303055555555554967e+00,1.160700000000000065e+00,1.226277777777777828e+03,9.826044444444445025e-01,1.076961111111111258e+01,3.925777777777778033e-01,2.129711111111110888e+00,3.516333333333333311e+00,5.951222222222222191e-01
4.647275760942812250e-02,4.601385125747808197e-02,1.004809090909090985e+00,4.500099999999999767e+00,3.113131313131313471e-02,2.142020202020202338e-02,1.874244444444444298e+03,3.803131313131312652e+01,1.791520202020202035e+01,3.234528585858585757e+03,1.382859595959595955e+00,-8.775831313131313891e+02,-2.173075252525252381e+03,2.075946464646464662e+01,4.303017171717171685e+00,1.160700000000000065e+00,1.226267676767676676e+03,9.825937373737374525e-01,1.076944343434343487e+01,3.925767676767676906e-01,2.129707070707070660e+00,3.516284848484848347e+00,5.951232323232322763e-01
4.647275760942812250e-02,4.801445348606409036e-02,1.005018181818181811e+00,4.500099999999999767e+00,3.248484848484849141e-02,2.235151515151515347e-02,1.955733333333333121e+03,3.968484848484848015e+01,1.791151515151515028e+01,3.234479393939393958e+03,1.382596969696969769e+00,-8.777184848484848771e+02,-2.173189393939393995e+03,2.075948484848484910e+01,4.302978787878787514e+00,1.160700000000000065e+00,1.226257575757575751e+03,9.825830303030302915e-01,1.076927575757575894e+01,3.925757575757575779e-01,2.129703030303030431e+00,3.516236363636363382e+00,5.951242424242423334e-01
4.647275760942812250e-02,5.001505571465009181e-02,1.005227272727272636e+00,4.500099999999999767e+00,3.383838383838384117e-02,2.328282828282828357e-02,2.037222222222221944e+03,4.133838383838383379e+01,1.790782828282828376e+01,3.234430202020201705e+03,1.382334343434343360e+00,-8.778538383838383652e+02,-2.173303535353535153e+03,2.075950505050505157e+01,4.302940404040403344e+00,1.160700000000000065e+00,1.226247474747474826e+03,9.825723232323232414e-01,1.076910808080808124e+01,3.925747474747474652e-01,2.129698989898989758e+00,3.516187878787878862e+00,5.951252525252525016e-01
4.647275760942812250e-02,5.201565794323609326e-02,1.005436363636363684e+00,4.500099999999999767e+00,3.519191919191919787e-02,2.421414141414141713e-02,2.118711111111110768e+03,4.299191919191918743e+01,1.790414141414141369e+01,3.234381010101009906e+03,1.382071717171717173e+00,-8.779891919191919669e+02,-2.173417676767676767e+03,2.075952525252525405e+01,4.302902020202020061e+00,1.160700000000000065e+00,1.226237373737373673e+03,9.825616161616161914e-01,1.076894040404040531e+01,3.925737373737374081e-01,2.129694949494949530e+00,3.516139393939393898e+00,5.951262626262625588e-01
4.647275760942812250e-02,5.401626017182209472e-02,1.005645454545454509e+00,4.500099999999999767e+00,3.654545454545454763e-02,2.514545454545454722e-02,2.200199999999999818e+03,4.464545454545454106e+01,1.790045454545454717e+01,3.234331818181818107e+03,1.381809090909090987e+00,-8.781245454545454550e+02,-2.173531818181817926e+03,2.075954545454545297e+01,4.302863636363635891e+00,1.160700000000000065e+00,1.226227272727272748e+03,9.825509090909091414e-01,1.076877272727272761e+01,3.925727272727272954e-01,2.129690909090908857e+00,3.516090909090908934e+00,5.951272727272727270e-01
4.647275760942812250e-02,5.601686240040810311e-02,1.005854545454545335e+00,4.500099999999999767e+00,3.789898989898990433e-02,2.607676767676767732e-02,2.281688888888888869e+03,4.629898989898989470e+01,1.789676767676767710e+01,3.234282626262626309e+03,1.381546464646464578e+00,-8.782598989898990567e+02,-2.173645959595959539e+03,2.075956565656565544e+01,4.302825252525251720e+00,1.160700000000000065e+00,1.226217171717171823e+03,9.825402020202020914e-01,1.076860505050505168e+01,3.925717171717171827e-01,2.129686868686868628e+00,3.516042424242423969e+00,5.951282828282827841e-01
4.647275760942812250e-02,5.801746462899410456e-02,1.006063636363636382e+00,4.500099999999999767e+00,3.925252525252525410e-02,2.700808080808081088e-02,2.363177777777777465e+03,4.795252525252524833e+01,1.789308080808080703e+01,3.234233434343434055e+03,1.381283838383838392e+00,-8.783952525252525447e+02,-2.173760101010100698e+03,2.075958585858585792e+01,4.302786868686868438e+00,1.160700000000000065e+00,1.226207070707070670e+03,9.825294949494949304e-01,1.076843737373737397e+01,3.925707070707070701e-01,2.129682828282828400e+00,3.515993939393939449e+00,5.951292929292928413e-01
4.647275760942812250e-02,6.001806685758010601e-02,1.006272727272727208e+00,4.500099999999999767e+00,4.060606060606061080e-02,2.793939393939394097e-02,2.444666666666666515e+03,4.960606060606060197e+01,1.788939393939394051e+01,3.234184242424242257e+03,1.381021212121212205e+00,-8.785306060606060328e+02,-2.173874242424242311e+03,2.075960606060606040e+01,4.302748484848484267e+00,1.160700000000000065e+00,1.226196969696969745e+03,9.825187878787878804e-01,1.076826969696969805e+01,3.925696969696969574e-01,2.129678787878787727e+00,3.515945454545454485e+00,5.951303030303030095e-01
4.647275760942812250e-02,6.201866908616611440e-02,1.006481818181818255e+00,4.500099999999999767e+00,4.195959595959596056e-02,2.887070707070707454e-02,2.526155555555555111e+03,5.125959595959595561e+01,1.788570707070707044e+01,3.234135050505050458e+03,1.380758585858585796e+00,-8.786659595959596345e+02,-2.173988383838383925e+03,2.075962626262626287e+01,4.302710101010100985e+00,1.160700000000000065e+00,1.226186868686868593e+03,9.825080808080808303e-01,1.076810202020202034e+01,3.925686868686869002e-01,2.129674747474747498e+00,3.515896969696969521e+00,5.951313131313130667e-01
4.647275760942812250e-02,6.401927131475211585e-02,1.006690909090909081e+00,4.500099999999999767e+00,4.331313131313131726e-02,2.980202020202020463e-02,2.607644444444444161e+03,5.291313131313130924e+01,1.788202020202020393e+01,3.234085858585858659e+03,1.380495959595959610e+00,-8.788013131313131225e+02,-2.174102525252525083e+03,2.075964646464646535e+01,4.302671717171716814e+00,1.160700000000000065e+00,1.226176767676767668e+03,9.824973737373737803e-01,1.076793434343434441e+01,3.925676767676767875e-01,2.129670707070706825e+00,3.515848484848484556e+00,5.951323232323232348e-01
4.647275760942812250e-02,6.601987354333811731e-02,1.006899999999999906e+00,4.500099999999999767e+00,4.466666666666667396e-02,3.073333333333333472e-02,2.689133333333333212e+03,5.456666666666666288e+01,1.787833333333333385e+01,3.234036666666666406e+03,1.380233333333333423e+00,-8.789366666666667243e+02,-2.174216666666666697e+03,2.075966666666666782e+01,4.302633333333332644e+00,1.160700000000000065e+00,1.226166666666666742e+03,9.824866666666667303e-01,1.076776666666666671e+01,3.925666666666666749e-01,2.129666666666666597e+00,3.515800000000000036e+00,5.951333333333332920e-01
4.647275760942812250e-02,6.802047577192411876e-02,1.007109090909090954e+00,4.500099999999999767e+00,4.602020202020202372e-02,3.166464646464646482e-02,2.770622222222221808e+03,5.622020202020201651e+01,1.787464646464646378e+01,3.233987474747474607e+03,1.379970707070707014e+00,-8.790720202020202123e+02,-2.174330808080807856e+03,2.075968686868687030e+01,4.302594949494949361e+00,1.160700000000000065e+00,1.226156565656565590e+03,9.824759595959595693e-01,1.076759898989899078e+01,3.925656565656565622e-01,2.129662626262626368e+00,3.515751515151515072e+00,5.951343434343433492e-01
4.647275760942812250e-02,7.002107800051012021e-02,1.007318181818181779e+00,4.500099999999999767e+00,4.737373737373738042e-02,3.259595959595960185e-02,2.852111111111110858e+03,5.787373737373737015e+01,1.787095959595959727e+01,3.233938282828282809e+03,1.379708080808080828e+00,-8.792073737373737004e+02,-2.174444949494949469e+03,2.075970707070706922e+01,4.302556565656565191e+00,1.160700000000000065e+00,1.226146464646464665e+03,9.824652525252525193e-01,1.076743131313131308e+01,3.925646464646464495e-01,2.129658585858585695e+00,3.515703030303030108e+00,5.951353535353535174e-01
4.647275760942812250e-02,7.202168022909613554e-02,1.007527272727272605e+00,4.500099999999999767e+00,4.872727272727273018e-02,3.352727272727273194e-02,2.933599999999999454e+03,5.952727272727272378e+01,1.786727272727272720e+01,3.233889090909091010e+03,1.379445454545454641e+00,-8.793427272727273021e+02,-2.174559090909090628e+03,2.075972727272727170e+01,4.302518181818181020e+00,1.160700000000000065e+00,1.226136363636363740e+03,9.824545454545454692e-01,1.076726363636363715e+01,3.925636363636363924e-01,2.129654545454545467e+00,3.515654545454545143e+00,5.951363636363635745e-01
4.647275760942812250e-02,7.402228245768213699e-02,1.007736363636363652e+00,4.500099999999999767e+00,5.008080808080808688e-02,3.445858585858586204e-02,3.015088888888888505e+03,6.118080808080807742e+01,1.786358585858586068e+01,3.233839898989898757e+03,1.379182828282828233e+00,-8.794780808080807901e+02,-2.174673232323232241e+03,2.075974747474747417e+01,4.302479797979797738e+00,1.160700000000000065e+00,1.226126262626262587e+03,9.824438383838384192e-01,1.076709595959595944e+01,3.925626262626262797e-01,2.129650505050504794e+00,3.515606060606060623e+00,5.951373737373737427e-01
4.647275760942812250e-02,7.602288468626813844e-02,1.007945454545454478e+00,4.500099999999999767e+00,5.143434343434343664e-02,3.538989898989899213e-02,3.096577777777777555e+03,6.283434343434343106e+01,1.785989898989899061e+01,3.233790707070706958e+03,1.378920202020202046e+00,-8.796134343434343918e+02,-2.174787373737373400e+03,2.075976767676767665e+01,4.302441414141413567e+00,1.160700000000000065e+00,1.226116161616161662e+03,9.824331313131313692e-01,1.076692828282828351e+01,3.925616161616161670e-01,2.129646464646464565e+00,3.515557575757575659e+00,5.951383838383837999e-01
4.647275760942812250e-02,7.802348691485413990e-02,1.008154545454545525e+00,4.500099999999999767e+00,5.278787878787879334e-02,3.632121212121212223e-02,3.178066666666666151e+03,6.448787878787878469e+01,1.785621212121212054e+01,3.233741515151515159e+03,1.378657575757575859e+00,-8.797487878787878799e+02,-2.174901515151515014e+03,2.075978787878787912e+01,4.302403030303030285e+00,1.160700000000000065e+00,1.226106060606060510e+03,9.824224242424243192e-01,1.076676060606060581e+01,3.925606060606060543e-01,2.129642424242424337e+00,3.515509090909090695e+00,5.951393939393938570e-01
4.647275760942812250e-02,8.002408914344014135e-02,1.008363636363636351e+00,4.500099999999999767e+00,5.414141414141414310e-02,3.725252525252525926e-02,3.259555555555555202e+03,6.614141414141413122e+01,1.785252525252525402e+01,3.233692323232322906e+03,1.378394949494949451e+00,-8.798841414141414816e+02,-2.175015656565656627e+03,2.075980808080808160e+01,4.302364646464646114e+00,1.160700000000000065e+00,1.226095959595959584e+03,9.824117171717171582e-01,1.076659292929292988e+01,3.925595959595959417e-01,2.129638383838383664e+00,3.515460606060606175e+00,5.951404040404040252e-01
4.647275760942812250e-02,8.202469137202614280e-02,1.008572727272727176e+00,4.500099999999999767e+00,5.549494949494949980e-02,3.818383838383838935e-02,3.341044444444444252e+03,6.779494949494949196e+01,1.784883838383838395e+01,3.233643131313131107e+03,1.378132323232323264e+00,-8.800194949494949697e+02,-2.175129797979797786e+03,2.075982828282828407e+01,4.302326262626261943e+00,1.160700000000000065e+00,1.226085858585858659e+03,9.824010101010101081e-01,1.076642525252525395e+01,3.925585858585858845e-01,2.129634343434343435e+00,3.515412121212121210e+00,5.951414141414140824e-01
4.647275760942812250e-02,8.402529360061215813e-02,1.008781818181818224e+00,4.500099999999999767e+00,5.684848484848485650e-02,3.911515151515151945e-02,3.422533333333332848e+03,6.944848484848483849e+01,1.784515151515151743e+01,3.233593939393939309e+03,1.377869696969697078e+00,-8.801548484848484577e+02,-2.175243939393939399e+03,2.075984848484848300e+01,4.302287878787878661e+00,1.160700000000000065e+00,1.226075757575757507e+03,9.823903030303030581e-01,1.076625757575757625e+01,3.925575757575757718e-01,2.129630303030302763e+00,3.515363636363636246e+00,5.951424242424242506e-01
4.647275760942812250e-02,8.602589582919815958e-02,1.008990909090909049e+00,4.500099999999999767e+00,5.820202020202020626e-02,4.004646464646464954e-02,3.504022222222221899e+03,7.110202020202019924e+01,1.784146464646464736e+01,3.233544747474747510e+03,1.377607070707070669e+00,-8.802902020202020594e+02,-2.175358080808080558e+03,2.075986868686868547e+01,4.302249494949494490e+00,1.160700000000000065e+00,1.226065656565656582e+03,9.823795959595960081e-01,1.076608989898990032e+01,3.925565656565656592e-01,2.129626262626262534e+00,3.515315151515151282e+00,5.951434343434343077e-01
4.647275760942812250e-02,8.802649805778416103e-02,1.009199999999999875e+00,4.500099999999999767e+00,5.955555555555556296e-02,4.097777777777777963e-02,3.585511111111110949e+03,7.275555555555554577e+01,1.783777777777777729e+01,3.233495555555555256e+03,1.377344444444444482e+00,-8.804255555555555475e+02,-2.175472222222222172e+03,2.075988888888888795e+01,4.302211111111110320e+00,1.160700000000000065e+00,1.226055555555555657e+03,9.823688888888889581e-01,1.076592222222222262e+01,3.925555555555555465e-01,2.129622222222222305e+00,3.515266666666666762e+00,5.951444444444443649e-01
4.647275760942812250e-02,9.002710028637016249e-02,1.009409090909090922e+00,4.500099999999999767e+00,6.090909090909091272e-02,4.190909090909090973e-02,3.666999999999999545e+03,7.440909090909090651e+01,1.783409090909091077e+01,3.233446363636363458e+03,1.377081818181818296e+00,-8.805609090909091492e+02,-2.175586363636363330e+03,2.075990909090909042e+01,4.302172727272727037e+00,1.160700000000000065e+00,1.226045454545454504e+03,9.823581818181817971e-01,1.076575454545454669e+01,3.925545454545454893e-01,2.129618181818181633e+00,3.515218181818181797e+00,5.951454545454545331e-01
4.647275760942812250e-02,9.202770251495616394e-02,1.009618181818181748e+00,4.500099999999999767e+00,6.226262626262626942e-02,4.284040404040404676e-02,3.748488888888888596e+03,7.606262626262625304e+01,1.783040404040404070e+01,3.233397171717171659e+03,1.376819191919191887e+00,-8.806962626262626372e+02,-2.175700505050504944e+03,2.075992929292929290e+01,4.302134343434342867e+00,1.160700000000000065e+00,1.226035353535353579e+03,9.823474747474747470e-01,1.076558686868686898e+01,3.925535353535353766e-01,2.129614141414141404e+00,3.515169696969696833e+00,5.951464646464645902e-01
4.647275760942812250e-02,9.402830474354216539e-02,1.009827272727272796e+00,4.500099999999999767e+00,6.361616161616162612e-02,4.377171717171717685e-02,3.829977777777777192e+03,7.771616161616161378e+01,1.782671717171717418e+01,3.233347979797979860e+03,1.376556565656565700e+00,-8.808316161616161253e+02,-2.175814646464646557e+03,2.075994949494949537e+01,4.302095959595959584e+00,1.160700000000000065e+00,1.226025252525252426e+03,9.823367676767676970e-01,1.076541919191919305e+01,3.925525252525252640e-01,2.129610101010100731e+00,3.515121212121211869e+00,5.951474747474747584e-01
4.647275760942812250e-02,9.602890697212818072e-02,1.010036363636363621e+00,4.500099999999999767e+00,6.496969696969698282e-02,4.470303030303030695e-02,3.911466666666666242e+03,7.936969696969696031e+01,1.782303030303030411e+01,3.233298787878787607e+03,1.376293939393939514e+00,-8.809669696969697270e+02,-2.175928787878787716e+03,2.075996969696969785e+01,4.302057575757575414e+00,1.160700000000000065e+00,1.226015151515151501e+03,9.823260606060606470e-01,1.076525151515151535e+01,3.925515151515151513e-01,2.129606060606060502e+00,3.515072727272727349e+00,5.951484848484848156e-01
4.647275760942812250e-02,9.802950920071418217e-02,1.010245454545454447e+00,4.500099999999999767e+00,6.632323232323232565e-02,4.563434343434343704e-02,3.992955555555555293e+03,8.102323232323232105e+01,1.781934343434343404e+01,3.233249595959595808e+03,1.376031313131313105e+00,-8.811023232323232151e+02,-2.176042929292929330e+03,2.075998989898990033e+01,4.302019191919191243e+00,1.160700000000000065e+00,1.226005050505050576e+03,9.823153535353535970e-01,1.076508383838383942e+01,3.925505050505050386e-01,2.129602020202020274e+00,3.515024242424242384e+00,5.951494949494948727e-01
4.647275760942812250e-02,1.000301114293001836e-01,1.010454545454545494e+00,4.500099999999999767e+00,6.767676767676768235e-02,4.656565656565656713e-02,4.074444444444443889e+03,8.267676767676766758e+01,1.781565656565656752e+01,3.233200404040404010e+03,1.375768686868686919e+00,-8.812376767676768168e+02,-2.176157070707070488e+03,2.076001010101009925e+01,4.301980808080807961e+00,1.160700000000000065e+00,1.225994949494949424e+03,9.823046464646464360e-01,1.076491616161616172e+01,3.925494949494949815e-01,2.129597979797979601e+00,3.514975757575757420e+00,5.951505050505050409e-01
4.647275760942812250e-02,1.020307136578861851e-01,1.010663636363636320e+00,4.500099999999999767e+00,6.903030303030303905e-02,4.749696969696970417e-02,4.155933333333332484e+03,8.433030303030302832e+01,1.781196969696969745e+01,3.233151212121212211e+03,1.375506060606060510e+00,-8.813730303030303048e+02,-2.176271212121212102e+03,2.076003030303030172e+01,4.301942424242423790e+00,1.160700000000000065e+00,1.225984848484848499e+03,9.822939393939393860e-01,1.076474848484848579e+01,3.925484848484848688e-01,2.129593939393939372e+00,3.514927272727272456e+00,5.951515151515150981e-01
4.647275760942812250e-02,1.040313158864721865e-01,1.010872727272727145e+00,4.500099999999999767e+00,7.038383838383839575e-02,4.842828282828283426e-02,4.237422222222221535e+03,8.598383838383837485e+01,1.780828282828282738e+01,3.233102020202019958e+03,1.375243434343434323e+00,-8.815083838383839066e+02,-2.176385353535353261e+03,2.076005050505050420e+01,4.301904040404039620e+00,1.160700000000000065e+00,1.225974747474747574e+03,9.822832323232323359e-01,1.076458080808080808e+01,3.925474747474747561e-01,2.129589898989899144e+00,3.514878787878787936e+00,5.951525252525251553e-01
4.647275760942812250e-02,1.060319181150581880e-01,1.011081818181818193e+00,4.500099999999999767e+00,7.173737373737373857e-02,4.935959595959596435e-02,4.318911111111110586e+03,8.763737373737373559e+01,1.780459595959596086e+01,3.233052828282828159e+03,1.374980808080808137e+00,-8.816437373737373946e+02,-2.176499494949494874e+03,2.076007070707070667e+01,4.301865656565656337e+00,1.160700000000000065e+00,1.225964646464646421e+03,9.822725252525252859e-01,1.076441313131313215e+01,3.925464646464646434e-01,2.129585858585858471e+00,3.514830303030302971e+00,5.951535353535353234e-01
4.647275760942812250e-02,1.080325203436441894e-01,1.011290909090909018e+00,4.500099999999999767e+00,7.309090909090909527e-02,5.029090909090909445e-02,4.400399999999999636e+03,8.929090909090908212e+01,1.780090909090909079e+01,3.233003636363636360e+03,1.374718181818181728e+00,-8.817790909090908826e+02,-2.176613636363636488e+03,2.076009090909090915e+01,4.301827272727272167e+00,1.160700000000000065e+00,1.225954545454545496e+03,9.822618181818182359e-01,1.076424545454545445e+01,3.925454545454545308e-01,2.129581818181818242e+00,3.514781818181818007e+00,5.951545454545453806e-01
4.647275760942812250e-02,1.100331225722302048e-01,1.011500000000000066e+00,4.500099999999999767e+00,7.444444444444445197e-02,5.122222222222222454e-02,4.481888888888888687e+03,9.094444444444444287e+01,1.779722222222222427e+01,3.232954444444444562e+03,1.374455555555555542e+00,-8.819144444444444844e+02,-2.176727777777777646e+03,2.076011111111111163e+01,4.301788888888888884e+00,1.160700000000000065e+00,1.225944444444444343e+03,9.822511111111110749e-01,1.076407777777777852e+01,3.925444444444444736e-01,2.129577777777777570e+00,3.514733333333333043e+00,5.951555555555555488e-01
4.647275760942812250e-02,1.120337248008162062e-01,1.011709090909090891e+00,4.500099999999999767e+00,7.579797979797980867e-02,5.215353535353535464e-02,4.563377777777777737e+03,9.259797979797978940e+01,1.779353535353535420e+01,3.232905252525252308e+03,1.374192929292929355e+00,-8.820497979797979724e+02,-2.176841919191919260e+03,2.076013131313131410e+01,4.301750505050504714e+00,1.160700000000000065e+00,1.225934343434343418e+03,9.822404040404040249e-01,1.076391010101010082e+01,3.925434343434343609e-01,2.129573737373737341e+00,3.514684848484848523e+00,5.951565656565656059e-01
4.647275760942812250e-02,1.140343270294022077e-01,1.011918181818181717e+00,4.500099999999999767e+00,7.715151515151516537e-02,5.308484848484849167e-02,4.644866666666665878e+03,9.425151515151515014e+01,1.778984848484848413e+01,3.232856060606060510e+03,1.373930303030302946e+00,-8.821851515151515741e+02,-2.176956060606060419e+03,2.076015151515151658e+01,4.301712121212120543e+00,1.160700000000000065e+00,1.225924242424242493e+03,9.822296969696969748e-01,1.076374242424242489e+01,3.925424242424242482e-01,2.129569696969697112e+00,3.514636363636363559e+00,5.951575757575756631e-01
4.647275760942812250e-02,1.160349292579882091e-01,1.012127272727272764e+00,4.500099999999999767e+00,7.850505050505050819e-02,5.401616161616162176e-02,4.726355555555554929e+03,9.590505050505049667e+01,1.778616161616161762e+01,3.232806868686868711e+03,1.373667676767676760e+00,-8.823205050505050622e+02,-2.177070202020202032e+03,2.076017171717171550e+01,4.301673737373737261e+00,1.160700000000000065e+00,1.225914141414141341e+03,9.822189898989899248e-01,1.076357474747474718e+01,3.925414141414141356e-01,2.129565656565656440e+00,3.514587878787878594e+00,5.951585858585858313e-01
4.647275760942812250e-02,1.180355314865742106e-01,1.012336363636363590e+00,4.500099999999999767e+00,7.985858585858586489e-02,5.494747474747475185e-02,4.807844444444443980e+03,9.755858585858585741e+01,1.778247474747474755e+01,3.232757676767676912e+03,1.373405050505050573e+00,-8.824558585858585502e+02,-2.177184343434343191e+03,2.076019191919191798e+01,4.301635353535353090e+00,1.160700000000000065e+00,1.225904040404040416e+03,9.822082828282828748e-01,1.076340707070707126e+01,3.925404040404040784e-01,2.129561616161616211e+00,3.514539393939393630e+00,5.951595959595958885e-01
4.647275760942812250e-02,1.200361337151602120e-01,1.012545454545454415e+00,4.500099999999999767e+00,8.121212121212122159e-02,5.587878787878788195e-02,4.889333333333333030e+03,9.921212121212120394e+01,1.777878787878788103e+01,3.232708484848484659e+03,1.373142424242424164e+00,-8.825912121212121519e+02,-2.177298484848484804e+03,2.076021212121212045e+01,4.301596969696968920e+00,1.160700000000000065e+00,1.225893939393939490e+03,9.821975757575757138e-01,1.076323939393939533e+01,3.925393939393939657e-01,2.129557575757575538e+00,3.514490909090909110e+00,5.951606060606060566e-01
4.647275760942812250e-02,1.220367359437462274e-01,1.012754545454545463e+00,4.500099999999999767e+00,8.256565656565657829e-02,5.681010101010101204e-02,4.970822222222222081e+03,1.008656565656565647e+02,1.777510101010101096e+01,3.232659292929292860e+03,1.372879797979797978e+00,-8.827265656565656400e+02,-2.177412626262626418e+03,2.076023232323232293e+01,4.301558585858585637e+00,1.160700000000000065e+00,1.225883838383838338e+03,9.821868686868686638e-01,1.076307171717171762e+01,3.925383838383838531e-01,2.129553535353535310e+00,3.514442424242424146e+00,5.951616161616161138e-01
4.647275760942812250e-02,1.240373381723322288e-01,1.012963636363636288e+00,4.500099999999999767e+00,8.391919191919192111e-02,5.774141414141414907e-02,5.052311111111110222e+03,1.025191919191919112e+02,1.777141414141414089e+01,3.232610101010101062e+03,1.372617171717171791e+00,-8.828619191919192417e+02,-2.177526767676767577e+03,2.076025252525252540e+01,4.301520202020201467e+00,1.160700000000000065e+00,1.225873737373737413e+03,9.821761616161616137e-01,1.076290404040404169e+01,3.925373737373737404e-01,2.129549494949495081e+00,3.514393939393939181e+00,5.951626262626261710e-01
4.647275760942812250e-02,1.260379404009182303e-01,1.013172727272727336e+00,4.500099999999999767e+00,8.527272727272727781e-02,5.867272727272727917e-02,5.133799999999999272e+03,1.041727272727272720e+02,1.776772727272727437e+01,3.232560909090908808e+03,1.372354545454545383e+00,-8.829972727272727298e+02,-2.177640909090909190e+03,2.076027272727272788e+01,4.301481818181818184e+00,1.160700000000000065e+00,1.225863636363636260e+03,9.821654545454545637e-01,1.076273636363636399e+01,3.925363636363636277e-01,2.129545454545454408e+00,3.514345454545454661e+00,5.951636363636363392e-01
4.647275760942812250e-02,1.280385426295042317e-01,1.013381818181818161e+00,4.500099999999999767e+00,8.662626262626263451e-02,5.960404040404040926e-02,5.215288888888888323e+03,1.058262626262626185e+02,1.776404040404040430e+01,3.232511717171717009e+03,1.372091919191919196e+00,-8.831326262626262178e+02,-2.177755050505050349e+03,2.076029292929293035e+01,4.301443434343434014e+00,1.160700000000000065e+00,1.225853535353535335e+03,9.821547474747475137e-01,1.076256868686868806e+01,3.925353535353535706e-01,2.129541414141414180e+00,3.514296969696969697e+00,5.951646464646463963e-01
4.647275760942812250e-02,1.300391448580902332e-01,1.013590909090908987e+00,4.500099999999999767e+00,8.797979797979799121e-02,6.053535353535353936e-02,5.296777777777777374e+03,1.074797979797979650e+02,1.776035353535353778e+01,3.232462525252525211e+03,1.371829292929293009e+00,-8.832679797979798195e+02,-2.177869191919191962e+03,2.076031313131312928e+01,4.301405050505049843e+00,1.160700000000000065e+00,1.225843434343434410e+03,9.821440404040404637e-01,1.076240101010101036e+01,3.925343434343434579e-01,2.129537373737373507e+00,3.514248484848484733e+00,5.951656565656565645e-01
4.647275760942812250e-02,1.320397470866762346e-01,1.013800000000000034e+00,4.500099999999999767e+00,8.933333333333334791e-02,6.146666666666666945e-02,5.378266666666666424e+03,1.091333333333333258e+02,1.775666666666666771e+01,3.232413333333333412e+03,1.371566666666666601e+00,-8.834033333333333076e+02,-2.177983333333333121e+03,2.076033333333333175e+01,4.301366666666666561e+00,1.160700000000000065e+00,1.225833333333333258e+03,9.821333333333333027e-01,1.076223333333333443e+01,3.925333333333333452e-01,2.129533333333333278e+00,3.514199999999999768e+00,5.951666666666666217e-01
4.647275760942812250e-02,1.340403493152622361e-01,1.014009090909090860e+00,4.500099999999999767e+00,9.068686868686869074e-02,6.239797979797980648e-02,5.459755555555554565e+03,1.107868686868686723e+02,1.775297979797979764e+01,3.232364141414141159e+03,1.371304040404040414e+00,-8.835386868686869093e+02,-2.178097474747474735e+03,2.076035353535353423e+01,4.301328282828282390e+00,1.160700000000000065e+00,1.225823232323232332e+03,9.821226262626262526e-01,1.076206565656565672e+01,3.925323232323232325e-01,2.129529292929293049e+00,3.514151515151515248e+00,5.951676767676766788e-01
4.647275760942812250e-02,1.360409515438482375e-01,1.014218181818181685e+00,4.500099999999999767e+00,9.204040404040404744e-02,6.332929292929292964e-02,5.541244444444443616e+03,1.124404040404040330e+02,1.774929292929293112e+01,3.232314949494949360e+03,1.371041414141414228e+00,-8.836740404040403973e+02,-2.178211616161615893e+03,2.076037373737373670e+01,4.301289898989898219e+00,1.160700000000000065e+00,1.225813131313131407e+03,9.821119191919192026e-01,1.076189797979798080e+01,3.925313131313131199e-01,2.129525252525252377e+00,3.514103030303030284e+00,5.951686868686868470e-01
4.647275760942812250e-02,1.380415537724342390e-01,1.014427272727272733e+00,4.500099999999999767e+00,9.339393939393940414e-02,6.426060606060605973e-02,5.622733333333332666e+03,1.140939393939393796e+02,1.774560606060606105e+01,3.232265757575757561e+03,1.370778787878787819e+00,-8.838093939393939991e+02,-2.178325757575757507e+03,2.076039393939393918e+01,4.301251515151514937e+00,1.160700000000000065e+00,1.225803030303030255e+03,9.821012121212121526e-01,1.076173030303030309e+01,3.925303030303030627e-01,2.129521212121212148e+00,3.514054545454545320e+00,5.951696969696969042e-01
4.647275760942812250e-02,1.400421560010202404e-01,1.014636363636363559e+00,4.500099999999999767e+00,9.474747474747476084e-02,6.519191919191920370e-02,5.704222222222221717e+03,1.157474747474747403e+02,1.774191919191919453e+01,3.232216565656565763e+03,1.370516161616161632e+00,-8.839447474747474871e+02,-2.178439898989899120e+03,2.076041414141414165e+01,4.301213131313130766e+00,1.160700000000000065e+00,1.225792929292929330e+03,9.820905050505051026e-01,1.076156262626262716e+01,3.925292929292929500e-01,2.129517171717171475e+00,3.514006060606060355e+00,5.951707070707070724e-01
4.647275760942812250e-02,1.420427582296062696e-01,1.014845454545454606e+00,4.500099999999999767e+00,9.610101010101010366e-02,6.612323232323233380e-02,5.785711111111110768e+03,1.174010101010100868e+02,1.773823232323232446e+01,3.232167373737373509e+03,1.370253535353535446e+00,-8.840801010101009751e+02,-2.178554040404040279e+03,2.076043434343434413e+01,4.301174747474747484e+00,1.160700000000000065e+00,1.225782828282828177e+03,9.820797979797979416e-01,1.076139494949494946e+01,3.925282828282828373e-01,2.129513131313131247e+00,3.513957575757575835e+00,5.951717171717171295e-01
4.647275760942812250e-02,1.440433604581922711e-01,1.015054545454545432e+00,4.500099999999999767e+00,9.745454545454546036e-02,6.705454545454546389e-02,5.867199999999998909e+03,1.190545454545454476e+02,1.773454545454545439e+01,3.232118181818181711e+03,1.369990909090909037e+00,-8.842154545454545769e+02,-2.178668181818181893e+03,2.076045454545454660e+01,4.301136363636363313e+00,1.160700000000000065e+00,1.225772727272727252e+03,9.820690909090908916e-01,1.076122727272727353e+01,3.925272727272727247e-01,2.129509090909091018e+00,3.513909090909090871e+00,5.951727272727271867e-01
4.647275760942812250e-02,1.460439626867782725e-01,1.015263636363636257e+00,4.500099999999999767e+00,9.880808080808081706e-02,6.798585858585859398e-02,5.948688888888887959e+03,1.207080808080807941e+02,1.773085858585858787e+01,3.232068989898989912e+03,1.369728282828282850e+00,-8.843508080808080649e+02,-2.178782323232323051e+03,2.076047474747474553e+01,4.301097979797979143e+00,1.160700000000000065e+00,1.225762626262626327e+03,9.820583838383838415e-01,1.076105959595959582e+01,3.925262626262626120e-01,2.129505050505050345e+00,3.513860606060605907e+00,5.951737373737373549e-01
4.647275760942812250e-02,1.480445649153642740e-01,1.015472727272727305e+00,4.500099999999999767e+00,1.001616161616161738e-01,6.891717171717172408e-02,6.030177777777777010e+03,1.223616161616161548e+02,1.772717171717171780e+01,3.232019797979798113e+03,1.369465656565656664e+00,-8.844861616161616666e+02,-2.178896464646464665e+03,2.076049494949494800e+01,4.301059595959595860e+00,1.160700000000000065e+00,1.225752525252525174e+03,9.820476767676767915e-01,1.076089191919191990e+01,3.925252525252525548e-01,2.129501010101010117e+00,3.513812121212120942e+00,5.951747474747474120e-01
4.647275760942812250e-02,1.500451671439502754e-01,1.015681818181818130e+00,4.500099999999999767e+00,1.015151515151515305e-01,6.984848484848485417e-02,6.111666666666666060e+03,1.240151515151515014e+02,1.772348484848485128e+01,3.231970606060605860e+03,1.369203030303030255e+00,-8.846215151515151547e+02,-2.179010606060605824e+03,2.076051515151515048e+01,4.301021212121211690e+00,1.160700000000000065e+00,1.225742424242424249e+03,9.820369696969697415e-01,1.076072424242424219e+01,3.925242424242424422e-01,2.129496969696969444e+00,3.513763636363636422e+00,5.951757575757575802e-01
4.647275760942812250e-02,1.520457693725362769e-01,1.015890909090908956e+00,4.500099999999999767e+00,1.028686868686868733e-01,7.077979797979798426e-02,6.193155555555555111e+03,1.256686868686868621e+02,1.771979797979798121e+01,3.231921414141414061e+03,1.368940404040404069e+00,-8.847568686868686427e+02,-2.179124747474747437e+03,2.076053535353535295e+01,4.300982828282827519e+00,1.160700000000000065e+00,1.225732323232323324e+03,9.820262626262625805e-01,1.076055656565656626e+01,3.925232323232323295e-01,2.129492929292929215e+00,3.513715151515151458e+00,5.951767676767676374e-01
4.647275760942812250e-02,1.540463716011222783e-01,1.016100000000000003e+00,4.500099999999999767e+00,1.042222222222222300e-01,7.171111111111111436e-02,6.274644444444444161e+03,1.273222222222222086e+02,1.771611111111111114e+01,3.231872222222222263e+03,1.368677777777777882e+00,-8.848922222222222445e+02,-2.179238888888889051e+03,2.076055555555555543e+01,4.300944444444444237e+00,1.160700000000000065e+00,1.225722222222222172e+03,9.820155555555555305e-01,1.076038888888888856e+01,3.925222222222222168e-01,2.129488888888888987e+00,3.513666666666666494e+00,5.951777777777776945e-01
4.647275760942812250e-02,1.560469738297082798e-01,1.016309090909090829e+00,4.500099999999999767e+00,1.055757575757575867e-01,7.264242424242424445e-02,6.356133333333332303e+03,1.289757575757575694e+02,1.771242424242424462e+01,3.231823030303030464e+03,1.368415151515151473e+00,-8.850275757575757325e+02,-2.179353030303030209e+03,2.076057575757575790e+01,4.300906060606060066e+00,1.160700000000000065e+00,1.225712121212121247e+03,9.820048484848484804e-01,1.076022121212121263e+01,3.925212121212121597e-01,2.129484848484848314e+00,3.513618181818181530e+00,5.951787878787878627e-01
4.647275760942812250e-02,1.580475760582942812e-01,1.016518181818181876e+00,4.500099999999999767e+00,1.069292929292929434e-01,7.357373737373737455e-02,6.437622222222221353e+03,1.306292929292929159e+02,1.770873737373737455e+01,3.231773838383838211e+03,1.368152525252525287e+00,-8.851629292929293342e+02,-2.179467171717171823e+03,2.076059595959596038e+01,4.300867676767676784e+00,1.160700000000000065e+00,1.225702020202020094e+03,9.819941414141414304e-01,1.076005353535353493e+01,3.925202020202020470e-01,2.129480808080808085e+00,3.513569696969697009e+00,5.951797979797979199e-01
4.647275760942812250e-02,1.600481782868802827e-01,1.016727272727272702e+00,4.500099999999999767e+00,1.082828282828282862e-01,7.450505050505051852e-02,6.519111111111110404e+03,1.322828282828282624e+02,1.770505050505050804e+01,3.231724646464646412e+03,1.367889898989899100e+00,-8.852982828282828223e+02,-2.179581313131312982e+03,2.076061616161615930e+01,4.300829292929292613e+00,1.160700000000000065e+00,1.225691919191919169e+03,9.819834343434343804e-01,1.075988585858585900e+01,3.925191919191919343e-01,2.129476767676767412e+00,3.513521212121212045e+00,5.951808080808080881e-01
4.647275760942812250e-02,1.620487805154662841e-01,1.016936363636363527e+00,4.500099999999999767e+00,1.096363636363636429e-01,7.543636363636364861e-02,6.600599999999999454e+03,1.339363636363636374e+02,1.770136363636363797e+01,3.231675454545454613e+03,1.367627272727272691e+00,-8.854336363636364240e+02,-2.179695454545454595e+03,2.076063636363636178e+01,4.300790909090908443e+00,1.160700000000000065e+00,1.225681818181818244e+03,9.819727272727272194e-01,1.075971818181818307e+01,3.925181818181818216e-01,2.129472727272727184e+00,3.513472727272727081e+00,5.951818181818181452e-01
4.647275760942812250e-02,1.640493827440522856e-01,1.017145454545454575e+00,4.500099999999999767e+00,1.109898989898989996e-01,7.636767676767677870e-02,6.682088888888888505e+03,1.355898989898989839e+02,1.769767676767676789e+01,3.231626262626262360e+03,1.367364646464646505e+00,-8.855689898989899120e+02,-2.179809595959595754e+03,2.076065656565656425e+01,4.300752525252525160e+00,1.160700000000000065e+00,1.225671717171717091e+03,9.819620202020201694e-01,1.075955050505050536e+01,3.925171717171717090e-01,2.129468686868686955e+00,3.513424242424242561e+00,5.951828282828282024e-01
4.647275760942812250e-02,1.660499849726382871e-01,1.017354545454545400e+00,4.500099999999999767e+00,1.123434343434343563e-01,7.729898989898990880e-02,6.763577777777776646e+03,1.372434343434343305e+02,1.769398989898990138e+01,3.231577070707070561e+03,1.367102020202020096e+00,-8.857043434343434001e+02,-2.179923737373737367e+03,2.076067676767676673e+01,4.300714141414140990e+00,1.160700000000000065e+00,1.225661616161616166e+03,9.819513131313131193e-01,1.075938282828282944e+01,3.925161616161616518e-01,2.129464646464646282e+00,3.513375757575757596e+00,5.951838383838383706e-01
4.647275760942812250e-02,1.680505872012243163e-01,1.017563636363636226e+00,4.500099999999999767e+00,1.136969696969697130e-01,7.823030303030303889e-02,6.845066666666665697e+03,1.388969696969696770e+02,1.769030303030303131e+01,3.231527878787878763e+03,1.366839393939393910e+00,-8.858396969696970018e+02,-2.180037878787878981e+03,2.076069696969696921e+01,4.300675757575756819e+00,1.160700000000000065e+00,1.225651515151515241e+03,9.819406060606060693e-01,1.075921515151515173e+01,3.925151515151515391e-01,2.129460606060606054e+00,3.513327272727272632e+00,5.951848484848484278e-01
4.647275760942812250e-02,1.700511894298103177e-01,1.017772727272727273e+00,4.500099999999999767e+00,1.150505050505050558e-01,7.916161616161616899e-02,6.926555555555554747e+03,1.405505050505050519e+02,1.768661616161616124e+01,3.231478686868686964e+03,1.366576767676767723e+00,-8.859750505050504898e+02,-2.180152020202020140e+03,2.076071717171717168e+01,4.300637373737373537e+00,1.160700000000000065e+00,1.225641414141414089e+03,9.819298989898990193e-01,1.075904747474747580e+01,3.925141414141414264e-01,2.129456565656565825e+00,3.513278787878787668e+00,5.951858585858584849e-01
4.647275760942812250e-02,1.720517916583963192e-01,1.017981818181818099e+00,4.500099999999999767e+00,1.164040404040404125e-01,8.009292929292929908e-02,7.008044444444443798e+03,1.422040404040403985e+02,1.768292929292929472e+01,3.231429494949494710e+03,1.366314141414141314e+00,-8.861104040404040916e+02,-2.180266161616161753e+03,2.076073737373737416e+01,4.300598989898989366e+00,1.160700000000000065e+00,1.225631313131313163e+03,9.819191919191918583e-01,1.075887979797979810e+01,3.925131313131313138e-01,2.129452525252525152e+00,3.513230303030303148e+00,5.951868686868686531e-01
4.647275760942812250e-02,1.740523938869823206e-01,1.018190909090909146e+00,4.500099999999999767e+00,1.177575757575757692e-01,8.102424242424242917e-02,7.089533333333332848e+03,1.438575757575757450e+02,1.767924242424242465e+01,3.231380303030302912e+03,1.366051515151515128e+00,-8.862457575757575796e+02,-2.180380303030302912e+03,2.076075757575757663e+01,4.300560606060606084e+00,1.160700000000000065e+00,1.225621212121212011e+03,9.819084848484848083e-01,1.075871212121212217e+01,3.925121212121212011e-01,2.129448484848484924e+00,3.513181818181818183e+00,5.951878787878787103e-01
4.647275760942812250e-02,1.760529961155683221e-01,1.018399999999999972e+00,4.500099999999999767e+00,1.191111111111111259e-01,8.195555555555555927e-02,7.171022222222221899e+03,1.455111111111110915e+02,1.767555555555555813e+01,3.231331111111111113e+03,1.365788888888888941e+00,-8.863811111111110677e+02,-2.180494444444444525e+03,2.076077777777777555e+01,4.300522222222221913e+00,1.160700000000000065e+00,1.225611111111111086e+03,9.818977777777777582e-01,1.075854444444444447e+01,3.925111111111111439e-01,2.129444444444444251e+00,3.513133333333333219e+00,5.951888888888888784e-01
4.647275760942812250e-02,1.780535983441543235e-01,1.018609090909090797e+00,4.500099999999999767e+00,1.204646464646464826e-01,8.288686868686868936e-02,7.252511111111110040e+03,1.471646464646464665e+02,1.767186868686868806e+01,3.231281919191919314e+03,1.365526262626262533e+00,-8.865164646464646694e+02,-2.180608585858585684e+03,2.076079797979797803e+01,4.300483838383837742e+00,1.160700000000000065e+00,1.225601010101010161e+03,9.818870707070707082e-01,1.075837676767676854e+01,3.925101010101010313e-01,2.129440404040404022e+00,3.513084848484848255e+00,5.951898989898989356e-01
4.647275760942812250e-02,1.800542005727403250e-01,1.018818181818181845e+00,4.500099999999999767e+00,1.218181818181818254e-01,8.381818181818181945e-02,7.333999999999999091e+03,1.488181818181818130e+02,1.766818181818181799e+01,3.231232727272727061e+03,1.365263636363636346e+00,-8.866518181818181574e+02,-2.180722727272727298e+03,2.076081818181818051e+01,4.300445454545454460e+00,1.160700000000000065e+00,1.225590909090909008e+03,9.818763636363636582e-01,1.075820909090909083e+01,3.925090909090909186e-01,2.129436363636363794e+00,3.513036363636363735e+00,5.951909090909089928e-01
4.647275760942812250e-02,1.820548028013263264e-01,1.019027272727272670e+00,4.500099999999999767e+00,1.231717171717171821e-01,8.474949494949496342e-02,7.415488888888888141e+03,1.504717171717171595e+02,1.766449494949495147e+01,3.231183535353535262e+03,1.365001010101010159e+00,-8.867871717171717592e+02,-2.180836868686868456e+03,2.076083838383838298e+01,4.300407070707070289e+00,1.160700000000000065e+00,1.225580808080808083e+03,9.818656565656566082e-01,1.075804141414141490e+01,3.925080808080808059e-01,2.129432323232323121e+00,3.512987878787878770e+00,5.951919191919191610e-01
4.647275760942812250e-02,1.840554050299123279e-01,1.019236363636363496e+00,4.500099999999999767e+00,1.245252525252525388e-01,8.568080808080809352e-02,7.496977777777777192e+03,1.521252525252525061e+02,1.766080808080808140e+01,3.231134343434343464e+03,1.364738383838383751e+00,-8.869225252525252472e+02,-2.180951010101010070e+03,2.076085858585858546e+01,4.300368686868686119e+00,1.160700000000000065e+00,1.225570707070707158e+03,9.818549494949494472e-01,1.075787373737373720e+01,3.925070707070707487e-01,2.129428282828282892e+00,3.512939393939393806e+00,5.951929292929292181e-01
4.647275760942812250e-02,1.860560072584983293e-01,1.019445454545454544e+00,4.500099999999999767e+00,1.258787878787878955e-01,8.661212121212122361e-02,7.578466666666666242e+03,1.537787878787878810e+02,1.765712121212121488e+01,3.231085151515151665e+03,1.364475757575757564e+00,-8.870578787878787352e+02,-2.181065151515151683e+03,2.076087878787878793e+01,4.300330303030302836e+00,1.160700000000000065e+00,1.225560606060606005e+03,9.818442424242423971e-01,1.075770606060606127e+01,3.925060606060606361e-01,2.129424242424242220e+00,3.512890909090908842e+00,5.951939393939393863e-01
4.647275760942812250e-02,1.880566094870843308e-01,1.019654545454545369e+00,4.500099999999999767e+00,1.272323232323232522e-01,8.754343434343435371e-02,7.659955555555554383e+03,1.554323232323232276e+02,1.765343434343434481e+01,3.231035959595959412e+03,1.364213131313131377e+00,-8.871932323232323370e+02,-2.181179292929292842e+03,2.076089898989899041e+01,4.300291919191918666e+00,1.160700000000000065e+00,1.225550505050505080e+03,9.818335353535353471e-01,1.075753838383838357e+01,3.925050505050505234e-01,2.129420202020201991e+00,3.512842424242424322e+00,5.951949494949494435e-01
4.647275760942812250e-02,1.900572117156703322e-01,1.019863636363636417e+00,4.500099999999999767e+00,1.285858585858586089e-01,8.847474747474748380e-02,7.741444444444443434e+03,1.570858585858585741e+02,1.764974747474747474e+01,3.230986767676767613e+03,1.363950505050504969e+00,-8.873285858585858250e+02,-2.181293434343434456e+03,2.076091919191919288e+01,4.300253535353535383e+00,1.160700000000000065e+00,1.225540404040403928e+03,9.818228282828282971e-01,1.075737070707070764e+01,3.925040404040404107e-01,2.129416161616161762e+00,3.512793939393939358e+00,5.951959595959595006e-01
4.647275760942812250e-02,1.920578139442563614e-01,1.020072727272727242e+00,4.500099999999999767e+00,1.299393939393939656e-01,8.940606060606061389e-02,7.822933333333332484e+03,1.587393939393939206e+02,1.764606060606060822e+01,3.230937575757575814e+03,1.363687878787878782e+00,-8.874639393939394267e+02,-2.181407575757575614e+03,2.076093939393939181e+01,4.300215151515151213e+00,1.160700000000000065e+00,1.225530303030303003e+03,9.818121212121212471e-01,1.075720303030302993e+01,3.925030303030302981e-01,2.129412121212121090e+00,3.512745454545454393e+00,5.951969696969696688e-01
4.647275760942812250e-02,1.940584161728423629e-01,1.020281818181818068e+00,4.500099999999999767e+00,1.312929292929292946e-01,9.033737373737374399e-02,7.904422222222221535e+03,1.603929292929292671e+02,1.764237373737373815e+01,3.230888383838384016e+03,1.363425252525252596e+00,-8.875992929292929148e+02,-2.181521717171717228e+03,2.076095959595959428e+01,4.300176767676767042e+00,1.160700000000000065e+00,1.225520202020202078e+03,9.818014141414140861e-01,1.075703535353535401e+01,3.925020202020202409e-01,2.129408080808080861e+00,3.512696969696969429e+00,5.951979797979797260e-01
4.647275760942812250e-02,1.960590184014283643e-01,1.020490909090909115e+00,4.500099999999999767e+00,1.326464646464646513e-01,9.126868686868687408e-02,7.985911111111110586e+03,1.620464646464646421e+02,1.763868686868687163e+01,3.230839191919191762e+03,1.363162626262626187e+00,-8.877346464646465165e+02,-2.181635858585858387e+03,2.076097979797979676e+01,4.300138383838383760e+00,1.160700000000000065e+00,1.225510101010100925e+03,9.817907070707070361e-01,1.075686767676767630e+01,3.925010101010101282e-01,2.129404040404040188e+00,3.512648484848484909e+00,5.951989898989898942e-01
4.647275760942812250e-02,1.980596206300143658e-01,1.020699999999999941e+00,4.500099999999999767e+00,1.340000000000000080e-01,9.220000000000000417e-02,8.067399999999999636e+03,1.636999999999999886e+02,1.763500000000000156e+01,3.230789999999999964e+03,1.362900000000000000e+00,-8.878700000000000045e+02,-2.181750000000000000e+03,2.076099999999999923e+01,4.300099999999999589e+00,1.160700000000000065e+00,1.225500000000000000e+03,9.817799999999999860e-01,1.075670000000000037e+01,3.925000000000000155e-01,2.129399999999999959e+00,3.512599999999999945e+00,5.951999999999999513e-01
4.646038603820683288e-02,1.994016347966136027e-01,5.272300000000000182e+02,4.000000000000000000e+01,4.373000000000000220e+00,1.796499999999999986e+00,3.324099999999999909e+03,3.188099999999999909e+03,3.413999999999999674e-02,1.113859999999999900e+03,7.873700000000000837e-03,-5.956300000000000182e+03,-6.389899999999999636e+03,2.135900000000000176e+01,2.112699999999999800e+00,1.225899999999999990e+00,7.291000000000000227e+02,4.638900000000000245e-01,1.691400000000000015e+00,5.794000000000000261e-01,1.810499999999999998e+00,1.466699999999999893e+00,5.725999999999999979e-01
4.642325870045257985e-02,2.007436489632128396e-01,5.272300000000000182e+02,4.000000000000000000e+01,4.373000000000000220e+00,1.796499999999999986e+00,3.324099999999999909e+03,3.188099999999999909e+03,3.413999999999999674e-02,1.113859999999999900e+03,7.873700000000000837e-03,-5.956300000000000182e+03,-6.389899999999999636e+03,2.135900000000000176e+01,2.112699999999999800e+00,1.225899999999999990e+00,7.291000000000000227e+02,4.638900000000000245e-01,1.691400000000000015e+00,5.794000000000000261e-01,1.810499999999999998e+00,1.466699999999999893e+00,5.725999999999999979e-01
4.636133765939771945e-02,2.020856631298120765e-01,5.272300000000000182e+02,4.000000000000000000e+01,4.373000000000000220e+00,1.796499999999999986e+00,3.324099999999999909e+03,3.188099999999999909e+03,3.413999999999999674e-02,1.113859999999999900e+03,7.873700000000000837e-03,-5.956300000000000182e+03,-6.389899999999999636e+03,2.135900000000000176e+01,2.112699999999999800e+00,1.225899999999999990e+00,7.291000000000000227e+02,4.638900000000000245e-01,1.691400000000000015e+00,5.794000000000000261e-01,1.810499999999999998e+00,1.466699999999999893e+00,5.725999999999999979e-01
4.627455947133708725e-02,2.034276772964112856e-01,5.272300000000000182e+02,4.000000000000000000e+01,4.373000000000000220e+00,1.796499999999999986e+00,3.324099999999999909e+03,3.188099999999999909e+03,3.413999999999999674e-02,1.113859999999999900e+03,7.873700000000000837e-03,-5.956300000000000182e+03,-6.389899999999999636e+03,2.135900000000000176e+01,2.112699999999999800e+00,1.225899999999999990e+00,7.291000000000000227e+02,4.638900000000000245e-01,1.691400000000000015e+00,5.794000000000000261e-01,1.810499999999999998e+00,1.466699999999999893e+00,5.725999999999999979e-01
4.616283485927626107e-02,2.047696914630105225e-01,1.020699999999999941e+00,4.499500000000000277e+00,1.340000000000000080e-01,9.229999999999999316e-02,8.066600000000000364e+03,1.636999999999999886e+02,1.763500000000000156e+01,3.230789999999999964e+03,1.362900000000000000e+00,-8.878700000000000045e+02,-2.181750000000000000e+03,2.076099999999999923e+01,4.300099999999999589e+00,1.160700000000000065e+00,1.225500000000000000e+03,9.817799999999999860e-01,1.075670000000000037e+01,3.925000000000000155e-01,2.129399999999999959e+00,3.512599999999999945e+00,5.951999999999999513e-01
4.602604825055248150e-02,2.061117056296097594e-01,1.020799999999999930e+00,4.472900000000000098e+00,1.340000000000000080e-01,9.279999999999999361e-02,8.019600000000000364e+03,1.646999999999999886e+02,1.763299999999999912e+01,3.230739999999999782e+03,1.362800000000000011e+00,-8.880299999999999727e+02,-2.181900000000000091e+03,2.076099999999999923e+01,4.299999999999999822e+00,1.160700000000000065e+00,1.225500000000000000e+03,9.817700000000000315e-01,1.075619999999999976e+01,3.925000000000000155e-01,2.129399999999999959e+00,3.512500000000000178e+00,5.951999999999999513e-01
4.586405717279855299e-02,2.074537197962089963e-01,1.020999999999999908e+00,4.441499999999999559e+00,1.350000000000000089e-01,9.349999999999999978e-02,7.964399999999999636e+03,1.659000000000000057e+02,1.762999999999999901e+01,3.230679999999999836e+03,1.362600000000000033e+00,-8.882300000000000182e+02,-2.182059999999999945e+03,2.076099999999999923e+01,4.299800000000000288e+00,1.160700000000000065e+00,1.225400000000000091e+03,9.817599999999999660e-01,1.075559999999999938e+01,3.925000000000000155e-01,2.129399999999999959e+00,3.512500000000000178e+00,5.951999999999999513e-01
4.567669150080198859e-02,2.087957339628082332e-01,1.021200000000000108e+00,4.405199999999999783e+00,1.370000000000000107e-01,9.429999999999999494e-02,7.900800000000000182e+03,1.673000000000000114e+02,1.762699999999999889e+01,3.230610000000000127e+03,1.362400000000000055e+00,-8.884600000000000364e+02,-2.182260000000000218e+03,2.076099999999999923e+01,4.299599999999999866e+00,1.160700000000000065e+00,1.225400000000000091e+03,9.817399999999999460e-01,1.075500000000000078e+01,3.925000000000000155e-01,2.129399999999999959e+00,3.512399999999999967e+00,5.951999999999999513e-01
4.546375254482613870e-02,2.101377481294074701e-01,1.021400000000000086e+00,4.364300000000000068e+00,1.380000000000000115e-01,9.520000000000000684e-02,7.828899999999999636e+03,1.689000000000000057e+02,1.762300000000000111e+01,3.230530000000000200e+03,1.362100000000000088e+00,-8.887300000000000182e+02,-2.182500000000000000e+03,2.076099999999999923e+01,4.299400000000000333e+00,1.160700000000000065e+00,1.225400000000000091e+03,9.817200000000000371e-01,1.075420000000000087e+01,3.925000000000000155e-01,2.129399999999999959e+00,3.512300000000000200e+00,5.951999999999999513e-01
4.522501196875881868e-02,2.114797622960067069e-01,1.021600000000000064e+00,4.318599999999999994e+00,1.390000000000000124e-01,9.619999999999999385e-02,7.748699999999999818e+03,1.706999999999999886e+02,1.761899999999999977e+01,3.230440000000000055e+03,1.361900000000000110e+00,-8.890399999999999636e+02,-2.182760000000000218e+03,2.076099999999999923e+01,4.299100000000000144e+00,1.160700000000000065e+00,1.225400000000000091e+03,9.817000000000000171e-01,1.075329999999999941e+01,3.925000000000000155e-01,2.129399999999999959e+00,3.512199999999999989e+00,5.951999999999999513e-01
4.496021052397972118e-02,2.128217764626059438e-01,1.021900000000000031e+00,4.268099999999999561e+00,1.409999999999999865e-01,9.740000000000000047e-02,7.660199999999999818e+03,1.728000000000000114e+02,1.761400000000000077e+01,3.230329999999999927e+03,1.361499999999999932e+00,-8.893899999999999864e+02,-2.183070000000000164e+03,2.076200000000000045e+01,4.298799999999999955e+00,1.160700000000000065e+00,1.225400000000000091e+03,9.816799999999999971e-01,1.075229999999999997e+01,3.925000000000000155e-01,2.129399999999999959e+00,3.512100000000000222e+00,5.951999999999999513e-01
4.466905658202395546e-02,2.141637906292051530e-01,1.022199999999999998e+00,4.213000000000000078e+00,1.429999999999999882e-01,9.869999999999999607e-02,7.563500000000000000e+03,1.750999999999999943e+02,1.760900000000000176e+01,3.230210000000000036e+03,1.361199999999999966e+00,-8.897899999999999636e+02,-2.183409999999999854e+03,2.076200000000000045e+01,4.298499999999999766e+00,1.160700000000000065e+00,1.225299999999999955e+03,9.816500000000000226e-01,1.075120000000000076e+01,3.925000000000000155e-01,2.129399999999999959e+00,3.512000000000000011e+00,5.951999999999999513e-01
4.435122444588594781e-02,2.155058047958043899e-01,1.022599999999999953e+00,4.153299999999999770e+00,1.449999999999999900e-01,1.000999999999999945e-01,7.458800000000000182e+03,1.776999999999999886e+02,1.760200000000000031e+01,3.230079999999999927e+03,1.360800000000000010e+00,-8.902500000000000000e+02,-2.183800000000000182e+03,2.076200000000000045e+01,4.298099999999999810e+00,1.160700000000000065e+00,1.225299999999999955e+03,9.816200000000000481e-01,1.074990000000000023e+01,3.925000000000000155e-01,2.129399999999999959e+00,3.511800000000000033e+00,5.951999999999999513e-01
4.400635241605749259e-02,2.168478189624036268e-01,1.022999999999999909e+00,4.089000000000000412e+00,1.469999999999999918e-01,1.016999999999999987e-01,7.346000000000000000e+03,1.805000000000000000e+02,1.759499999999999886e+01,3.229929999999999836e+03,1.360300000000000065e+00,-8.907599999999999909e+02,-2.184239999999999782e+03,2.076200000000000045e+01,4.297699999999999854e+00,1.160700000000000065e+00,1.225299999999999955e+03,9.815899999999999626e-01,1.074840000000000018e+01,3.925000000000000155e-01,2.129399999999999959e+00,3.511699999999999822e+00,5.951999999999999513e-01
4.363404058300812682e-02,2.181898331290028636e-01,1.023500000000000076e+00,4.020100000000000229e+00,1.499999999999999944e-01,1.034999999999999948e-01,7.225300000000000182e+03,1.836999999999999886e+02,1.758800000000000097e+01,3.229750000000000000e+03,1.359799999999999898e+00,-8.913400000000000318e+02,-2.184739999999999782e+03,2.076200000000000045e+01,4.297200000000000131e+00,1.160700000000000065e+00,1.225200000000000045e+03,9.815500000000000336e-01,1.074680000000000035e+01,3.925000000000000155e-01,2.129300000000000193e+00,3.511499999999999844e+00,5.951999999999999513e-01
4.323384831265023043e-02,2.195318472956021005e-01,1.024000000000000021e+00,3.946699999999999875e+00,1.529999999999999971e-01,1.054999999999999966e-01,7.096800000000000182e+03,1.871999999999999886e+02,1.757900000000000063e+01,3.229559999999999945e+03,1.359199999999999964e+00,-8.919800000000000182e+02,-2.185300000000000182e+03,2.076200000000000045e+01,4.296700000000000408e+00,1.160700000000000065e+00,1.225200000000000045e+03,9.815099999999999936e-01,1.074499999999999922e+01,3.925000000000000155e-01,2.129300000000000193e+00,3.511299999999999866e+00,5.951999999999999513e-01
4.280529138520190735e-02,2.208738614622013374e-01,1.024499999999999966e+00,3.868799999999999795e+00,1.559999999999999998e-01,1.077000000000000041e-01,6.960500000000000000e+03,1.910000000000000000e+02,1.756899999999999906e+01,3.229340000000000146e+03,1.358500000000000041e+00,-8.927100000000000364e+02,-2.185929999999999836e+03,2.076300000000000168e+01,4.296100000000000030e+00,1.160700000000000065e+00,1.225200000000000045e+03,9.814599999999999991e-01,1.074290000000000056e+01,3.925000000000000155e-01,2.129300000000000193e+00,3.511099999999999888e+00,5.951999999999999513e-01
4.234783874054343089e-02,2.222158756288005743e-01,1.025199999999999889e+00,3.786599999999999966e+00,1.590000000000000024e-01,1.100000000000000006e-01,6.816699999999999818e+03,1.953000000000000114e+02,1.755799999999999983e+01,3.229099999999999909e+03,1.357799999999999896e+00,-8.935399999999999636e+02,-2.186639999999999873e+03,2.076300000000000168e+01,4.295399999999999885e+00,1.160700000000000065e+00,1.225099999999999909e+03,9.814100000000000046e-01,1.074060000000000059e+01,3.925000000000000155e-01,2.129300000000000193e+00,3.510800000000000143e+00,5.951999999999999513e-01
4.186090877437083357e-02,2.235578897953998112e-01,1.025900000000000034e+00,3.700000000000000178e+00,1.630000000000000060e-01,1.126999999999999946e-01,6.665300000000000182e+03,2.000000000000000000e+02,1.754500000000000171e+01,3.228820000000000164e+03,1.356999999999999984e+00,-8.944600000000000364e+02,-2.187440000000000055e+03,2.076300000000000168e+01,4.294699999999999740e+00,1.160700000000000065e+00,1.225099999999999909e+03,9.813499999999999446e-01,1.073789999999999978e+01,3.925000000000000155e-01,2.129300000000000193e+00,3.510499999999999954e+00,5.951999999999999513e-01
4.134386511882165438e-02,2.248999039619990203e-01,1.026799999999999935e+00,3.609100000000000197e+00,1.670000000000000095e-01,1.155999999999999944e-01,6.506699999999999818e+03,2.051999999999999886e+02,1.753099999999999881e+01,3.228510000000000218e+03,1.356000000000000094e+00,-8.955099999999999909e+02,-2.188340000000000146e+03,2.076300000000000168e+01,4.293800000000000061e+00,1.160700000000000065e+00,1.225000000000000000e+03,9.812800000000000411e-01,1.073489999999999966e+01,3.925000000000000155e-01,2.129300000000000193e+00,3.510200000000000209e+00,5.951999999999999513e-01
4.079601182832089112e-02,2.262419181285982572e-01,1.027700000000000058e+00,3.514100000000000001e+00,1.719999999999999862e-01,1.188000000000000028e-01,6.340899999999999636e+03,2.109000000000000057e+02,1.751500000000000057e+01,3.228150000000000091e+03,1.354899999999999993e+00,-8.967000000000000455e+02,-2.189360000000000127e+03,2.076399999999999935e+01,4.292799999999999727e+00,1.160700000000000065e+00,1.224900000000000091e+03,9.811999999999999611e-01,1.073160000000000025e+01,3.925000000000000155e-01,2.129199999999999982e+00,3.509799999999999809e+00,5.951999999999999513e-01
4.021658787557415293e-02,2.275839322951974941e-01,1.028799999999999937e+00,3.415000000000000036e+00,1.769999999999999907e-01,1.223999999999999949e-01,6.168100000000000364e+03,2.171999999999999886e+02,1.749599999999999866e+01,3.227750000000000000e+03,1.353699999999999903e+00,-8.980499999999999545e+02,-2.190530000000000200e+03,2.076399999999999935e+01,4.291699999999999626e+00,1.160700000000000065e+00,1.224799999999999955e+03,9.811199999999999921e-01,1.072770000000000046e+01,3.925000000000000155e-01,2.129199999999999982e+00,3.509399999999999853e+00,5.953000000000000513e-01
3.960476084315207868e-02,2.289259464617967310e-01,1.030000000000000027e+00,3.311900000000000066e+00,1.829999999999999960e-01,1.262999999999999956e-01,5.988500000000000000e+03,2.241999999999999886e+02,1.747599999999999909e+01,3.227289999999999964e+03,1.352300000000000058e+00,-8.996000000000000227e+02,-2.191860000000000127e+03,2.076500000000000057e+01,4.290399999999999991e+00,1.160700000000000065e+00,1.224700000000000045e+03,9.810100000000000486e-01,1.072330000000000005e+01,3.925000000000000155e-01,2.129199999999999982e+00,3.508900000000000130e+00,5.953000000000000513e-01
3.895961967195681053e-02,2.302679606283959679e-01,1.031400000000000095e+00,3.204899999999999860e+00,1.890000000000000013e-01,1.307000000000000106e-01,5.802399999999999636e+03,2.319000000000000057e+02,1.745200000000000173e+01,3.226760000000000218e+03,1.350700000000000012e+00,-9.013600000000000136e+02,-2.193380000000000109e+03,2.076500000000000057e+01,4.288999999999999702e+00,1.160700000000000065e+00,1.224599999999999909e+03,9.808999999999999941e-01,1.071829999999999927e+01,3.925000000000000155e-01,2.129100000000000215e+00,3.508399999999999963e+00,5.953000000000000513e-01
3.828016629771852086e-02,2.316099747949952048e-01,1.033099999999999907e+00,3.094100000000000072e+00,1.960000000000000075e-01,1.355999999999999983e-01,5.610000000000000000e+03,2.405999999999999943e+02,1.742399999999999949e+01,3.226150000000000091e+03,1.348899999999999988e+00,-9.033999999999999773e+02,-2.195139999999999873e+03,2.076599999999999824e+01,4.287300000000000111e+00,1.160800000000000054e+00,1.224500000000000000e+03,9.807700000000000307e-01,1.071250000000000036e+01,3.925000000000000155e-01,2.129100000000000215e+00,3.507699999999999818e+00,5.953000000000000513e-01
3.756530596878006334e-02,2.329519889615944139e-01,1.034899999999999931e+00,2.979600000000000026e+00,2.039999999999999869e-01,1.409999999999999865e-01,5.411500000000000000e+03,2.501999999999999886e+02,1.739199999999999946e+01,3.225440000000000055e+03,1.346799999999999997e+00,-9.057699999999999818e+02,-2.197179999999999836e+03,2.076599999999999824e+01,4.285400000000000098e+00,1.160800000000000054e+00,1.224400000000000091e+03,9.806099999999999817e-01,1.070579999999999998e+01,3.925000000000000155e-01,2.129000000000000004e+00,3.507000000000000117e+00,5.953000000000000513e-01
3.681383599044285582e-02,2.342940031281936508e-01,1.037199999999999900e+00,2.861600000000000144e+00,2.129999999999999949e-01,1.471000000000000085e-01,5.207100000000000364e+03,2.610000000000000000e+02,1.735500000000000043e+01,3.224610000000000127e+03,1.344300000000000050e+00,-9.085299999999999727e+02,-2.199559999999999945e+03,2.076699999999999946e+01,4.283100000000000129e+00,1.160800000000000054e+00,1.224200000000000045e+03,9.804300000000000237e-01,1.069790000000000063e+01,3.925000000000000155e-01,2.129000000000000004e+00,3.506099999999999994e+00,5.953000000000000513e-01
3.602443257989341313e-02,2.356360172947928877e-01,1.039800000000000058e+00,2.740200000000000191e+00,2.230000000000000038e-01,1.539000000000000090e-01,4.997600000000000364e+03,2.731999999999999886e+02,1.731099999999999994e+01,3.223639999999999873e+03,1.341399999999999926e+00,-9.117799999999999727e+02,-2.202349999999999909e+03,2.076800000000000068e+01,4.280400000000000205e+00,1.160800000000000054e+00,1.224000000000000000e+03,9.802199999999999802e-01,1.068859999999999921e+01,3.925000000000000155e-01,2.128899999999999793e+00,3.505100000000000104e+00,5.954000000000000403e-01
3.519563543687189572e-02,2.369780314613921246e-01,1.042899999999999938e+00,2.615499999999999936e+00,2.340000000000000135e-01,1.617000000000000104e-01,4.783000000000000000e+03,2.868999999999999773e+02,1.726000000000000156e+01,3.222489999999999782e+03,1.337900000000000089e+00,-9.156299999999999955e+02,-2.205670000000000073e+03,2.076899999999999835e+01,4.277199999999999669e+00,1.160800000000000054e+00,1.223700000000000045e+03,9.799700000000000077e-01,1.067769999999999975e+01,3.926000000000000045e-01,2.128800000000000026e+00,3.503899999999999793e+00,5.954000000000000403e-01
3.432582953280678001e-02,2.383200456279913615e-01,1.046599999999999975e+00,2.487800000000000011e+00,2.469999999999999973e-01,1.705000000000000127e-01,4.563899999999999636e+03,3.026000000000000227e+02,1.719800000000000040e+01,3.221110000000000127e+03,1.333800000000000097e+00,-9.202400000000000091e+02,-2.209650000000000091e+03,2.077100000000000080e+01,4.273399999999999643e+00,1.160900000000000043e+00,1.223500000000000000e+03,9.796700000000000408e-01,1.066450000000000031e+01,3.926000000000000045e-01,2.128699999999999815e+00,3.502499999999999947e+00,5.954000000000000403e-01
3.341322348677724929e-02,2.396620597945905984e-01,1.051199999999999912e+00,2.357299999999999951e+00,2.620000000000000107e-01,1.806000000000000105e-01,4.340800000000000182e+03,3.205000000000000000e+02,1.712399999999999878e+01,3.219429999999999836e+03,1.328799999999999981e+00,-9.258400000000000318e+02,-2.214460000000000036e+03,2.077299999999999969e+01,4.268799999999999706e+00,1.160900000000000043e+00,1.223099999999999909e+03,9.792999999999999483e-01,1.064860000000000007e+01,3.926000000000000045e-01,2.128600000000000048e+00,3.500700000000000145e+00,5.955000000000000293e-01
3.247381777630280186e-02,2.410040739611898353e-01,1.056699999999999973e+00,2.226599999999999913e+00,2.790000000000000258e-01,1.920999999999999930e-01,4.118500000000000000e+03,3.408999999999999773e+02,1.703500000000000014e+01,3.217409999999999854e+03,1.322899999999999965e+00,-9.325599999999999454e+02,-2.220260000000000218e+03,2.077499999999999858e+01,4.263200000000000323e+00,1.161000000000000032e+00,1.222700000000000045e+03,9.788599999999999524e-01,1.062930000000000064e+01,3.926000000000000045e-01,2.128499999999999837e+00,3.498600000000000154e+00,5.955000000000000293e-01
3.153412934046580240e-02,2.423460881277890722e-01,1.063199999999999923e+00,2.099600000000000133e+00,2.969999999999999862e-01,2.048000000000000098e-01,3.903599999999999909e+03,3.633999999999999773e+02,1.692999999999999972e+01,3.215030000000000200e+03,1.315900000000000070e+00,-9.405000000000000000e+02,-2.227099999999999909e+03,2.077700000000000102e+01,4.256599999999999717e+00,1.161000000000000032e+00,1.222200000000000045e+03,9.783399999999999874e-01,1.060670000000000002e+01,3.926000000000000045e-01,2.128299999999999859e+00,3.496100000000000207e+00,5.956000000000000183e-01
3.059444090462879601e-02,2.436881022943883091e-01,1.071099999999999941e+00,1.976399999999999935e+00,3.180000000000000049e-01,2.189000000000000112e-01,3.696500000000000000e+03,3.885000000000000000e+02,1.680600000000000094e+01,3.212199999999999818e+03,1.307600000000000096e+00,-9.499500000000000455e+02,-2.235230000000000018e+03,2.078000000000000114e+01,4.248800000000000132e+00,1.161100000000000021e+00,1.221599999999999909e+03,9.777200000000000335e-01,1.057959999999999923e+01,3.926999999999999935e-01,2.128099999999999881e+00,3.493100000000000094e+00,5.957000000000000073e-01
2.965475246879179308e-02,2.450301164609875182e-01,1.080500000000000016e+00,1.856800000000000006e+00,3.410000000000000253e-01,2.348000000000000087e-01,3.497300000000000182e+03,4.166999999999999886e+02,1.665800000000000125e+01,3.208789999999999964e+03,1.297700000000000076e+00,-9.612899999999999636e+02,-2.245000000000000000e+03,2.078300000000000125e+01,4.239399999999999835e+00,1.161200000000000010e+00,1.220900000000000091e+03,9.769700000000000051e-01,1.054720000000000013e+01,3.926999999999999935e-01,2.127899999999999903e+00,3.489599999999999813e+00,5.957000000000000073e-01
2.871506403295478668e-02,2.463721306275867551e-01,1.092200000000000060e+00,1.741000000000000103e+00,3.679999999999999938e-01,2.528000000000000247e-01,3.306099999999999909e+03,4.486000000000000227e+02,1.648000000000000043e+01,3.204639999999999873e+03,1.285700000000000065e+00,-9.750700000000000500e+02,-2.256860000000000127e+03,2.078699999999999903e+01,4.227899999999999991e+00,1.161299999999999999e+00,1.220000000000000000e+03,9.760699999999999932e-01,1.050760000000000005e+01,3.926999999999999935e-01,2.127600000000000158e+00,3.485300000000000065e+00,5.957999999999999963e-01
2.777537559711778375e-02,2.477141447941859920e-01,1.106800000000000006e+00,1.628900000000000015e+00,3.980000000000000204e-01,2.732999999999999874e-01,3.123300000000000182e+03,4.848999999999999773e+02,1.626300000000000168e+01,3.199530000000000200e+03,1.271099999999999897e+00,-9.920399999999999636e+02,-2.271480000000000018e+03,2.079200000000000159e+01,4.213799999999999990e+00,1.161399999999999988e+00,1.219000000000000000e+03,9.749499999999999833e-01,1.045889999999999986e+01,3.927999999999999825e-01,2.127200000000000202e+00,3.479900000000000215e+00,5.959999999999999742e-01
2.687372532135043346e-02,2.490561589607852289e-01,1.124500000000000055e+00,1.524899999999999922e+00,4.309999999999999942e-01,2.958999999999999964e-01,2.956099999999999909e+03,5.251000000000000227e+02,1.600700000000000145e+01,3.193400000000000091e+03,1.253800000000000026e+00,-1.012360000000000014e+03,-2.288969999999999800e+03,2.079799999999999827e+01,4.196799999999999642e+00,1.161599999999999966e+00,1.217700000000000045e+03,9.736000000000000210e-01,1.040039999999999942e+01,3.929000000000000270e-01,2.126799999999999802e+00,3.473500000000000032e+00,5.960999999999999632e-01
2.606351424813619505e-02,2.503981731273844380e-01,1.144900000000000029e+00,1.434299999999999908e+00,4.660000000000000253e-01,3.195000000000000062e-01,2.813000000000000000e+03,5.670000000000000000e+02,1.572300000000000075e+01,3.186480000000000018e+03,1.234699999999999909e+00,-1.035200000000000045e+03,-2.308639999999999873e+03,2.080499999999999972e+01,4.177699999999999747e+00,1.161699999999999955e+00,1.216299999999999955e+03,9.720900000000000096e-01,1.033450000000000024e+01,3.930000000000000160e-01,2.126300000000000079e+00,3.466299999999999937e+00,5.963000000000000522e-01
2.533772006607015390e-02,2.517401872939836749e-01,1.168099999999999916e+00,1.355599999999999916e+00,5.030000000000000027e-01,3.439999999999999725e-01,2.690800000000000182e+03,6.103999999999999773e+02,1.541000000000000014e+01,3.178730000000000018e+03,1.213500000000000023e+00,-1.060759999999999991e+03,-2.330630000000000109e+03,2.081299999999999883e+01,4.156200000000000117e+00,1.161899999999999933e+00,1.214700000000000045e+03,9.703899999999999748e-01,1.026050000000000040e+01,3.931000000000000050e-01,2.125700000000000145e+00,3.458200000000000163e+00,5.965000000000000302e-01
2.469015668064928823e-02,2.530822014605829118e-01,1.194600000000000106e+00,1.287199999999999900e+00,5.400000000000000355e-01,3.693000000000000171e-01,2.587000000000000000e+03,6.552999999999999545e+02,1.506799999999999962e+01,3.170079999999999927e+03,1.190299999999999914e+00,-1.089210000000000036e+03,-2.355110000000000127e+03,2.082100000000000151e+01,4.132200000000000095e+00,1.162199999999999900e+00,1.212900000000000091e+03,9.685000000000000275e-01,1.017789999999999928e+01,3.931999999999999940e-01,2.125100000000000211e+00,3.449199999999999822e+00,5.967000000000000082e-01
2.411580632342766664e-02,2.544242156271821487e-01,1.224800000000000111e+00,1.227999999999999980e+00,5.799999999999999600e-01,3.955000000000000182e-01,2.499199999999999818e+03,7.018999999999999773e+02,1.469599999999999973e+01,3.160449999999999818e+03,1.165000000000000036e+00,-1.120779999999999973e+03,-2.382280000000000200e+03,2.082999999999999829e+01,4.105500000000000149e+00,1.162400000000000100e+00,1.211000000000000000e+03,9.663800000000000168e-01,1.008600000000000030e+01,3.934000000000000274e-01,2.124400000000000066e+00,3.439099999999999824e+00,5.968999999999999861e-01
2.361057238417653067e-02,2.557662297937813856e-01,1.259200000000000097e+00,1.177000000000000046e+00,6.199999999999999956e-01,4.225999999999999757e-01,2.425599999999999909e+03,7.498999999999999773e+02,1.429499999999999993e+01,3.149780000000000200e+03,1.137599999999999945e+00,-1.155630000000000109e+03,-2.412250000000000000e+03,2.084100000000000108e+01,4.075999999999999623e+00,1.162800000000000056e+00,1.208799999999999955e+03,9.640400000000000080e-01,9.984299999999999287e+00,3.936000000000000054e-01,2.123600000000000154e+00,3.427999999999999936e+00,5.971999999999999531e-01
2.317110078037774509e-02,2.571082439603806225e-01,1.298200000000000021e+00,1.133599999999999941e+00,6.630000000000000338e-01,4.504000000000000226e-01,2.364699999999999818e+03,7.992999999999999545e+02,1.386500000000000021e+01,3.138010000000000218e+03,1.108100000000000085e+00,-1.193920000000000073e+03,-2.445179999999999836e+03,2.085200000000000031e+01,4.043400000000000105e+00,1.163100000000000023e+00,1.206400000000000091e+03,9.614500000000000268e-01,9.871999999999999886e+00,3.937999999999999834e-01,2.122700000000000031e+00,3.415799999999999947e+00,5.975000000000000311e-01
2.279464867076584633e-02,2.584502581269798593e-01,1.342500000000000027e+00,1.097099999999999964e+00,7.059999999999999609e-01,4.789999999999999813e-01,2.315099999999999909e+03,8.501000000000000227e+02,1.340700000000000003e+01,3.125079999999999927e+03,1.076600000000000001e+00,-1.235799999999999955e+03,-2.481179999999999836e+03,2.086400000000000077e+01,4.007600000000000051e+00,1.163499999999999979e+00,1.203700000000000045e+03,9.586099999999999621e-01,9.748799999999999244e+00,3.941000000000000059e-01,2.121799999999999908e+00,3.402299999999999880e+00,5.977999999999999980e-01
2.247898680721523851e-02,2.597922722935790962e-01,1.392800000000000038e+00,1.066899999999999959e+00,7.510000000000000009e-01,5.083999999999999631e-01,2.275500000000000000e+03,9.022000000000000455e+02,1.292399999999999949e+01,3.110929999999999836e+03,1.043099999999999916e+00,-1.281430000000000064e+03,-2.520389999999999873e+03,2.087699999999999889e+01,3.968500000000000139e+00,1.163999999999999924e+00,1.200900000000000091e+03,9.554899999999999505e-01,9.614100000000000534e+00,3.943999999999999728e-01,2.120699999999999807e+00,3.387599999999999945e+00,5.981999999999999540e-01
2.222232644074996488e-02,2.611342864601783331e-01,1.449699999999999989e+00,1.042699999999999960e+00,7.980000000000000426e-01,5.383999999999999897e-01,2.244900000000000091e+03,9.555000000000000000e+02,1.241600000000000037e+01,3.095489999999999782e+03,1.007800000000000029e+00,-1.330910000000000082e+03,-2.562889999999999873e+03,2.089099999999999824e+01,3.925899999999999945e+00,1.164500000000000091e+00,1.197799999999999955e+03,9.520899999999999919e-01,9.467499999999999361e+00,3.947999999999999843e-01,2.119600000000000151e+00,3.371599999999999930e+00,5.985000000000000320e-01
2.202326464566933817e-02,2.624763006267775700e-01,1.514100000000000001e+00,1.024100000000000010e+00,8.449999999999999734e-01,5.689999999999999503e-01,2.222300000000000182e+03,1.009799999999999955e+03,1.188799999999999990e+01,3.078719999999999800e+03,9.709099999999999397e-01,-1.384329999999999927e+03,-2.608750000000000000e+03,2.090599999999999881e+01,3.879900000000000126e+00,1.165100000000000025e+00,1.194400000000000091e+03,9.483800000000000008e-01,9.308500000000000441e+00,3.952999999999999847e-01,2.118300000000000072e+00,3.354200000000000070e+00,5.988999999999999879e-01
2.188074386704161323e-02,2.638183147933768069e-01,1.587099999999999955e+00,1.010899999999999910e+00,8.950000000000000178e-01,6.001999999999999558e-01,2.207000000000000000e+03,1.065099999999999909e+03,1.134200000000000053e+01,3.060590000000000146e+03,9.324999999999999956e-01,-1.441740000000000009e+03,-2.658019999999999982e+03,2.092200000000000060e+01,3.830200000000000049e+00,1.165699999999999958e+00,1.190700000000000045e+03,9.443700000000000427e-01,9.137100000000000222e+00,3.958999999999999742e-01,2.116899999999999782e+00,3.335399999999999920e+00,5.994000000000000439e-01
2.179402281751982584e-02,2.651603289599760438e-01,1.669699999999999962e+00,1.002899999999999903e+00,9.449999999999999512e-01,6.319000000000000172e-01,2.198199999999999818e+03,1.121400000000000091e+03,1.078100000000000058e+01,3.041010000000000218e+03,8.927899999999999725e-01,-1.503230000000000018e+03,-2.710750000000000000e+03,2.093900000000000006e+01,3.777000000000000135e+00,1.166500000000000092e+00,1.186799999999999955e+03,9.400399999999999867e-01,8.952799999999999869e+00,3.966000000000000081e-01,2.115299999999999958e+00,3.315100000000000158e+00,5.997999999999999998e-01
2.176265678194859443e-02,2.665023431265752807e-01,1.761200000000000099e+00,1.000000000000000000e+00,9.949999999999999956e-01,6.633999999999999897e-01,2.195199999999999818e+03,1.177200000000000045e+03,1.022000000000000064e+01,3.020409999999999854e+03,8.528800000000000825e-01,-1.567420000000000073e+03,-2.765760000000000218e+03,2.095700000000000074e+01,3.721299999999999830e+00,1.167300000000000004e+00,1.182700000000000045e+03,9.354700000000000237e-01,8.759800000000000253e+00,3.973999999999999755e-01,2.113700000000000134e+00,3.293800000000000061e+00,6.002999999999999448e-01
2.176252830469450547e-02,2.665939288958271702e-01,1.770000000000000018e+00,1.000000000000000000e+00,1.000000000000000000e+00,6.662000000000000144e-01,2.195099999999999909e+03,1.182299999999999955e+03,1.016999999999999993e+01,3.018489999999999782e+03,8.492500000000000604e-01,-1.573390000000000100e+03,-2.770880000000000109e+03,2.095799999999999841e+01,3.716099999999999959e+00,1.167399999999999993e+00,1.182299999999999955e+03,9.350399999999999823e-01,8.741899999999999338e+00,3.975000000000000200e-01,2.113500000000000156e+00,3.291799999999999837e+00,6.002999999999999448e-01
2.181393428531955281e-02,2.678443572931744621e-01,1.919399999999999995e+00,1.004699999999999926e+00,1.072000000000000064e+00,7.107999999999999874e-01,2.199699999999999818e+03,1.261299999999999955e+03,9.377700000000000813e+00,2.987170000000000073e+03,7.923000000000000043e-01,-1.669900000000000091e+03,-2.853510000000000218e+03,2.098400000000000176e+01,3.632400000000000073e+00,1.168700000000000072e+00,1.176099999999999909e+03,9.280800000000000161e-01,8.450799999999999201e+00,3.988999999999999768e-01,2.111000000000000210e+00,3.259500000000000064e+00,6.010999999999999677e-01
2.198473643117316093e-02,2.691863714597737545e-01,2.111200000000000188e+00,1.020499999999999963e+00,1.153000000000000025e+00,7.590999999999999970e-01,2.213699999999999818e+03,1.347099999999999909e+03,8.525900000000000034e+00,2.950309999999999945e+03,7.303399999999999892e-01,-1.781849999999999909e+03,-2.949230000000000018e+03,2.101300000000000168e+01,3.535600000000000076e+00,1.170400000000000107e+00,1.168900000000000091e+03,9.198600000000000110e-01,8.112399999999999167e+00,4.008999999999999786e-01,2.107899999999999885e+00,3.221499999999999808e+00,6.018999999999999906e-01
2.227937612458640373e-02,2.705283856263729358e-01,2.343999999999999861e+00,1.048100000000000032e+00,1.235000000000000098e+00,8.082000000000000295e-01,2.235800000000000182e+03,1.434299999999999955e+03,7.679199999999999804e+00,2.909739999999999782e+03,6.679599999999999982e-01,-1.903009999999999991e+03,-3.052670000000000073e+03,2.104400000000000048e+01,3.431599999999999984e+00,1.172299999999999898e+00,1.160900000000000091e+03,9.107899999999999885e-01,7.746000000000000441e+00,4.035000000000000253e-01,2.104499999999999815e+00,3.179899999999999949e+00,6.028000000000000025e-01
2.270551095996272556e-02,2.718703997929721727e-01,2.628800000000000026e+00,1.088500000000000023e+00,1.320999999999999952e+00,8.579999999999999849e-01,2.265000000000000000e+03,1.522700000000000045e+03,6.847299999999999720e+00,2.865139999999999873e+03,6.057800000000000962e-01,-2.033730000000000018e+03,-3.164059999999999945e+03,2.107499999999999929e+01,3.320500000000000007e+00,1.174700000000000077e+00,1.152299999999999955e+03,9.007699999999999596e-01,7.351799999999999891e+00,4.067999999999999949e-01,2.100600000000000023e+00,3.134199999999999875e+00,6.037000000000000144e-01
2.327538713564486841e-02,2.732124139595714096e-01,2.980799999999999894e+00,1.143899999999999917e+00,1.411000000000000032e+00,9.085999999999999632e-01,2.300400000000000091e+03,1.612500000000000000e+03,6.038599999999999746e+00,2.816090000000000146e+03,5.443800000000000860e-01,-2.174469999999999800e+03,-3.283739999999999782e+03,2.110800000000000054e+01,3.203100000000000058e+00,1.177400000000000002e+00,1.142799999999999955e+03,8.897100000000000009e-01,6.930299999999999905e+00,4.112000000000000099e-01,2.096099999999999852e+00,3.084099999999999842e+00,6.047000000000000153e-01
2.400791120012633201e-02,2.745544281261706465e-01,3.422200000000000131e+00,1.217000000000000082e+00,1.504999999999999893e+00,9.600999999999999535e-01,2.341400000000000091e+03,1.703900000000000091e+03,5.259800000000000253e+00,2.761980000000000018e+03,4.842100000000000293e-01,-2.326050000000000182e+03,-3.412300000000000182e+03,2.114099999999999824e+01,3.079800000000000093e+00,1.180700000000000083e+00,1.132500000000000000e+03,8.774600000000000177e-01,6.482099999999999973e+00,4.168999999999999928e-01,2.091099999999999959e+00,3.029100000000000126e+00,6.057000000000000162e-01
2.490335788558525193e-02,2.758964422927698834e-01,3.968300000000000161e+00,1.309500000000000108e+00,1.600999999999999979e+00,1.011400000000000077e+00,2.386300000000000182e+03,1.794799999999999955e+03,4.535899999999999821e+00,2.703710000000000036e+03,4.272300000000000542e-01,-2.485059999999999945e+03,-3.546769999999999982e+03,2.117299999999999827e+01,2.955000000000000071e+00,1.184399999999999897e+00,1.121400000000000091e+03,8.642100000000000337e-01,6.021200000000000330e+00,4.240999999999999770e-01,2.085399999999999920e+00,2.970000000000000195e+00,6.068000000000000060e-01
2.575379765636992210e-02,2.772384564593691203e-01,4.504900000000000126e+00,1.400400000000000089e+00,1.679999999999999938e+00,1.052400000000000002e+00,2.424900000000000091e+03,1.867599999999999909e+03,3.995600000000000041e+00,2.653599999999999909e+03,3.839000000000000190e-01,-2.618380000000000109e+03,-3.659179999999999836e+03,2.119900000000000162e+01,2.854699999999999793e+00,1.187699999999999978e+00,1.111799999999999955e+03,8.527500000000000080e-01,5.644700000000000273e+00,4.313000000000000167e-01,2.080299999999999816e+00,2.919399999999999995e+00,6.077000000000000179e-01
2.653027179060587354e-02,2.785804706259683572e-01,5.014999999999999680e+00,1.486199999999999966e+00,1.745000000000000107e+00,1.085299999999999931e+00,2.457199999999999818e+03,1.925900000000000091e+03,3.589199999999999946e+00,2.611099999999999909e+03,3.507899999999999907e-01,-2.729079999999999927e+03,-3.752269999999999982e+03,2.121799999999999997e+01,2.774799999999999933e+00,1.190600000000000103e+00,1.103700000000000045e+03,8.429900000000000171e-01,5.340600000000000236e+00,4.380000000000000004e-01,2.075899999999999856e+00,2.876599999999999824e+00,6.082999999999999519e-01
2.724926501873043208e-02,2.799224847925675941e-01,5.506199999999999761e+00,1.567800000000000082e+00,1.800999999999999934e+00,1.112700000000000022e+00,2.485000000000000000e+03,1.974599999999999909e+03,3.269000000000000128e+00,2.574000000000000000e+03,3.243400000000000172e-01,-2.823969999999999800e+03,-3.831889999999999873e+03,2.123300000000000054e+01,2.709099999999999842e+00,1.193200000000000038e+00,1.096599999999999909e+03,8.344399999999999595e-01,5.086999999999999744e+00,4.444000000000000172e-01,2.071899999999999853e+00,2.839399999999999924e+00,6.088999999999999968e-01
2.792191981586099325e-02,2.812644989591668310e-01,5.984200000000000408e+00,1.646200000000000108e+00,1.848999999999999977e+00,1.136200000000000099e+00,2.509500000000000000e+03,2.016400000000000091e+03,3.007899999999999796e+00,2.540900000000000091e+03,3.024999999999999911e-01,-2.907320000000000164e+03,-3.901670000000000073e+03,2.124599999999999866e+01,2.653599999999999959e+00,1.195500000000000007e+00,1.090299999999999955e+03,8.267900000000000249e-01,4.870499999999999829e+00,4.505000000000000115e-01,2.068299999999999805e+00,2.806299999999999795e+00,6.094000000000000528e-01
2.855618554714425134e-02,2.826065131257660679e-01,6.451900000000000190e+00,1.721799999999999997e+00,1.893000000000000016e+00,1.156800000000000050e+00,2.531300000000000182e+03,2.052900000000000091e+03,2.789899999999999824e+00,2.510949999999999818e+03,2.840599999999999792e-01,-2.981679999999999836e+03,-3.963820000000000164e+03,2.125700000000000145e+01,2.605900000000000105e+00,1.197599999999999998e+00,1.084500000000000000e+03,8.198499999999999677e-01,4.682699999999999640e+00,4.561999999999999944e-01,2.064999999999999947e+00,2.776299999999999990e+00,6.098000000000000087e-01
2.915796930254807573e-02,2.839485272923653048e-01,6.911400000000000432e+00,1.795099999999999918e+00,1.931999999999999940e+00,1.175100000000000033e+00,2.551000000000000000e+03,2.085400000000000091e+03,2.604400000000000048e+00,2.483559999999999945e+03,2.682100000000000040e-01,-3.048869999999999891e+03,-4.019880000000000109e+03,2.126599999999999824e+01,2.564400000000000013e+00,1.199600000000000000e+00,1.079299999999999955e+03,8.134799999999999809e-01,4.517599999999999838e+00,4.617999999999999883e-01,2.061799999999999855e+00,2.749000000000000110e+00,6.100999999999999757e-01
2.973180271835590763e-02,2.852905414589645416e-01,7.364399999999999835e+00,1.866500000000000048e+00,1.967999999999999972e+00,1.191599999999999993e+00,2.568900000000000091e+03,2.114599999999999909e+03,2.444199999999999928e+00,2.458289999999999964e+03,2.544000000000000150e-01,-3.110190000000000055e+03,-4.070960000000000036e+03,2.127400000000000091e+01,2.527899999999999814e+00,1.201400000000000023e+00,1.074400000000000091e+03,8.075900000000000301e-01,4.371000000000000441e+00,4.671000000000000152e-01,2.058899999999999952e+00,2.723899999999999988e+00,6.104000000000000536e-01
3.028125252413130936e-02,2.866325556255637785e-01,7.812100000000000044e+00,1.936099999999999932e+00,2.000999999999999890e+00,1.206499999999999906e+00,2.585400000000000091e+03,2.141099999999999909e+03,2.304100000000000037e+00,2.434800000000000182e+03,2.422100000000000086e-01,-3.166599999999999909e+03,-4.117880000000000109e+03,2.128099999999999881e+01,2.495400000000000063e+00,1.203000000000000069e+00,1.069799999999999955e+03,8.021099999999999897e-01,4.239700000000000024e+00,4.721000000000000196e-01,2.056099999999999817e+00,2.700499999999999901e+00,6.107000000000000206e-01
3.080918580682000599e-02,2.879745697921629599e-01,8.255200000000000315e+00,2.004199999999999982e+00,2.032000000000000028e+00,1.220199999999999951e+00,2.600599999999999909e+03,2.165400000000000091e+03,2.180400000000000116e+00,2.412849999999999909e+03,2.313600000000000101e-01,-3.218849999999999909e+03,-4.161279999999999745e+03,2.128699999999999903e+01,2.466400000000000148e+00,1.204599999999999893e+00,1.065500000000000000e+03,7.969699999999999562e-01,4.121299999999999741e+00,4.768999999999999906e-01,2.053500000000000103e+00,2.678700000000000081e+00,6.109999999999999876e-01
3.131794828610094672e-02,2.893165839587622523e-01,8.694699999999999207e+00,2.070899999999999963e+00,2.060999999999999943e+00,1.232799999999999896e+00,2.614699999999999818e+03,2.187699999999999818e+03,2.070199999999999818e+00,2.392239999999999782e+03,2.216200000000000392e-01,-3.267510000000000218e+03,-4.201649999999999636e+03,2.129200000000000159e+01,2.440300000000000136e+00,1.205999999999999961e+00,1.061400000000000091e+03,7.921399999999999553e-01,4.014000000000000234e+00,4.815999999999999726e-01,2.051000000000000156e+00,2.658300000000000107e+00,6.111999999999999655e-01
3.180948811697505846e-02,2.906585981253614337e-01,9.131399999999999295e+00,2.136499999999999844e+00,2.088000000000000078e+00,1.244499999999999940e+00,2.627900000000000091e+03,2.208500000000000000e+03,1.971200000000000063e+00,2.372780000000000200e+03,2.128000000000000169e-01,-3.313099999999999909e+03,-4.239439999999999600e+03,2.129700000000000060e+01,2.416599999999999859e+00,1.207300000000000040e+00,1.057500000000000000e+03,7.875600000000000378e-01,3.915900000000000158e+00,4.859999999999999876e-01,2.048599999999999977e+00,2.638999999999999790e+00,6.114000000000000545e-01
3.228544427876810924e-02,2.920006122919606706e-01,9.564799999999999969e+00,2.200899999999999856e+00,2.113999999999999879e+00,1.255300000000000082e+00,2.640300000000000182e+03,2.227699999999999818e+03,1.881899999999999906e+00,2.354380000000000109e+03,2.047800000000000176e-01,-3.355880000000000109e+03,-4.274859999999999673e+03,2.130199999999999960e+01,2.395099999999999785e+00,1.208599999999999897e+00,1.053900000000000091e+03,7.832299999999999818e-01,3.826200000000000045e+00,4.903000000000000136e-01,2.046300000000000008e+00,2.620800000000000018e+00,6.115000000000000435e-01
3.274721119685143622e-02,2.933426264585599075e-01,9.995900000000000674e+00,2.264299999999999979e+00,2.137999999999999901e+00,1.265500000000000069e+00,2.651900000000000091e+03,2.245800000000000182e+03,1.800699999999999967e+00,2.336920000000000073e+03,1.974500000000000144e-01,-3.396250000000000000e+03,-4.308239999999999782e+03,2.130499999999999972e+01,2.375399999999999956e+00,1.209699999999999998e+00,1.050400000000000091e+03,7.791099999999999692e-01,3.743700000000000028e+00,4.944000000000000061e-01,2.044099999999999806e+00,2.603600000000000136e+00,6.117000000000000215e-01
3.319598697063988468e-02,2.946846406251591444e-01,1.042500000000000071e+01,2.326799999999999979e+00,2.161000000000000032e+00,1.275099999999999900e+00,2.662800000000000182e+03,2.262699999999999818e+03,1.726599999999999913e+00,2.320289999999999964e+03,1.907100000000000184e-01,-3.434449999999999818e+03,-4.339800000000000182e+03,2.130900000000000105e+01,2.357400000000000162e+00,1.210800000000000098e+00,1.047000000000000000e+03,7.751799999999999802e-01,3.667499999999999982e+00,4.983000000000000207e-01,2.041999999999999815e+00,2.587099999999999955e+00,6.118000000000000105e-01
3.363281002138323456e-02,2.960266547917583813e-01,1.085299999999999976e+01,2.388399999999999856e+00,2.182999999999999829e+00,1.284100000000000019e+00,2.673199999999999818e+03,2.278699999999999818e+03,1.658600000000000074e+00,2.304420000000000073e+03,1.844900000000000151e-01,-3.470699999999999818e+03,-4.369729999999999563e+03,2.131200000000000117e+01,2.340800000000000214e+00,1.211899999999999977e+00,1.043799999999999955e+03,7.714299999999999491e-01,3.596999999999999975e+00,5.020000000000000018e-01,2.039899999999999824e+00,2.571499999999999897e+00,6.119999999999999885e-01
3.405858738709944405e-02,2.973686689583576181e-01,1.127899999999999991e+01,2.449300000000000033e+00,2.204000000000000181e+00,1.292599999999999971e+00,2.683099999999999909e+03,2.293800000000000182e+03,1.595900000000000096e+00,2.289239999999999782e+03,1.787199999999999900e-01,-3.505199999999999818e+03,-4.398180000000000291e+03,2.131500000000000128e+01,2.325400000000000134e+00,1.212900000000000089e+00,1.040700000000000045e+03,7.678300000000000125e-01,3.531400000000000095e+00,5.056000000000000494e-01,2.037900000000000045e+00,2.556500000000000217e+00,6.120999999999999774e-01
3.447411687998942764e-02,2.987106831249568550e-01,1.170299999999999940e+01,2.509399999999999853e+00,2.224000000000000199e+00,1.300599999999999978e+00,2.692500000000000000e+03,2.308099999999999909e+03,1.538000000000000034e+00,2.274690000000000055e+03,1.733600000000000141e-01,-3.538099999999999909e+03,-4.425300000000000182e+03,2.131800000000000139e+01,2.311199999999999921e+00,1.213799999999999990e+00,1.037700000000000045e+03,7.643799999999999484e-01,3.470299999999999940e+00,5.090999999999999970e-01,2.036000000000000032e+00,2.542199999999999793e+00,6.121999999999999664e-01
3.488010465906414559e-02,3.000526972915560919e-01,1.212700000000000067e+01,2.568799999999999972e+00,2.242999999999999883e+00,1.308300000000000018e+00,2.701400000000000091e+03,2.321699999999999818e+03,1.484299999999999953e+00,2.260719999999999800e+03,1.683499999999999996e-01,-3.569550000000000182e+03,-4.451199999999999818e+03,2.132000000000000028e+01,2.298000000000000043e+00,1.214699999999999891e+00,1.034799999999999955e+03,7.610500000000000043e-01,3.413300000000000001e+00,5.123999999999999666e-01,2.034199999999999786e+00,2.528500000000000192e+00,6.122999999999999554e-01
3.527717932677546658e-02,3.013947114581553288e-01,1.255000000000000071e+01,2.627699999999999925e+00,2.262000000000000011e+00,1.315600000000000103e+00,2.710000000000000000e+03,2.334599999999999909e+03,1.434299999999999908e+00,2.247289999999999964e+03,1.636700000000000099e-01,-3.599659999999999854e+03,-4.475979999999999563e+03,2.132199999999999918e+01,2.285800000000000054e+00,1.215500000000000025e+00,1.032099999999999909e+03,7.578599999999999781e-01,3.359900000000000109e+00,5.155999999999999472e-01,2.032399999999999984e+00,2.515200000000000102e+00,6.124000000000000554e-01
3.566590335481646667e-02,3.027367256247545657e-01,1.297100000000000009e+01,2.685900000000000176e+00,2.279999999999999805e+00,1.322500000000000009e+00,2.718099999999999909e+03,2.346900000000000091e+03,1.387699999999999934e+00,2.234349999999999909e+03,1.592800000000000049e-01,-3.628550000000000182e+03,-4.499739999999999782e+03,2.132400000000000162e+01,2.274300000000000210e+00,1.216299999999999937e+00,1.029400000000000091e+03,7.547700000000000520e-01,3.309699999999999864e+00,5.185999999999999499e-01,2.030600000000000183e+00,2.502499999999999947e+00,6.124000000000000554e-01
3.604678243270652976e-02,3.040787397913538026e-01,1.339199999999999946e+01,2.743599999999999817e+00,2.297000000000000153e+00,1.329199999999999937e+00,2.726000000000000000e+03,2.358699999999999818e+03,1.344000000000000083e+00,2.221869999999999891e+03,1.551600000000000201e-01,-3.656300000000000182e+03,-4.522550000000000182e+03,2.132600000000000051e+01,2.263599999999999834e+00,1.217000000000000082e+00,1.026799999999999955e+03,7.517899999999999583e-01,3.262599999999999945e+00,5.215999999999999526e-01,2.028900000000000148e+00,2.490299999999999958e+00,6.125000000000000444e-01
3.642027318287974214e-02,3.054207539579530395e-01,1.381300000000000061e+01,2.800699999999999967e+00,2.314000000000000057e+00,1.335499999999999909e+00,2.733500000000000000e+03,2.370000000000000000e+03,1.303099999999999925e+00,2.209809999999999945e+03,1.512700000000000156e-01,-3.683010000000000218e+03,-4.544489999999999782e+03,2.132799999999999940e+01,2.253600000000000048e+00,1.217799999999999994e+00,1.024200000000000045e+03,7.489099999999999646e-01,3.218300000000000161e+00,5.243999999999999773e-01,2.027200000000000113e+00,2.478499999999999925e+00,6.126000000000000334e-01
3.678678957814764117e-02,3.067627681245522764e-01,1.423300000000000054e+01,2.857400000000000162e+00,2.330000000000000071e+00,1.341599999999999904e+00,2.740800000000000182e+03,2.380900000000000091e+03,1.264699999999999935e+00,2.198159999999999854e+03,1.475899999999999990e-01,-3.708739999999999782e+03,-4.565609999999999673e+03,2.132900000000000063e+01,2.244200000000000195e+00,1.218399999999999928e+00,1.021799999999999955e+03,7.461200000000000054e-01,3.176400000000000112e+00,5.271000000000000130e-01,2.025599999999999845e+00,2.467000000000000082e+00,6.126000000000000334e-01
3.714670831871909329e-02,3.081047822911514578e-01,1.465199999999999925e+01,2.913499999999999979e+00,2.346000000000000085e+00,1.347499999999999920e+00,2.747699999999999818e+03,2.391300000000000182e+03,1.228499999999999925e+00,2.186880000000000109e+03,1.441199999999999981e-01,-3.733570000000000164e+03,-4.585979999999999563e+03,2.133099999999999952e+01,2.235300000000000065e+00,1.219100000000000072e+00,1.019399999999999977e+03,7.434199999999999697e-01,3.136899999999999800e+00,5.298000000000000487e-01,2.024000000000000021e+00,2.455999999999999961e+00,6.127000000000000224e-01
3.750037336780667058e-02,3.094467964577507502e-01,1.507199999999999918e+01,2.969300000000000050e+00,2.361000000000000210e+00,1.353099999999999969e+00,2.754500000000000000e+03,2.401300000000000182e+03,1.194299999999999917e+00,2.175960000000000036e+03,1.408200000000000007e-01,-3.757539999999999964e+03,-4.605649999999999636e+03,2.133200000000000074e+01,2.226999999999999869e+00,1.219700000000000006e+00,1.017100000000000023e+03,7.408000000000000140e-01,3.099499999999999922e+00,5.322999999999999954e-01,2.022499999999999964e+00,2.445300000000000029e+00,6.127000000000000224e-01
3.784809980136044638e-02,3.107888106243499315e-01,1.549000000000000021e+01,3.024599999999999955e+00,2.375999999999999890e+00,1.358600000000000030e+00,2.761000000000000000e+03,2.410900000000000091e+03,1.161999999999999922e+00,2.165360000000000127e+03,1.376900000000000068e-01,-3.780730000000000018e+03,-4.624649999999999636e+03,2.133399999999999963e+01,2.219199999999999839e+00,1.220299999999999940e+00,1.014799999999999955e+03,7.382499999999999618e-01,3.064000000000000057e+00,5.346999999999999531e-01,2.020999999999999908e+00,2.434899999999999842e+00,6.128000000000000114e-01
3.819017709458696203e-02,3.121308247909491684e-01,1.590900000000000070e+01,3.079499999999999904e+00,2.390000000000000124e+00,1.363799999999999901e+00,2.767199999999999818e+03,2.420199999999999818e+03,1.131399999999999961e+00,2.155079999999999927e+03,1.347200000000000064e-01,-3.803179999999999836e+03,-4.643039999999999964e+03,2.133500000000000085e+01,2.211800000000000210e+00,1.220800000000000107e+00,1.012600000000000023e+03,7.357799999999999896e-01,3.030400000000000205e+00,5.370000000000000329e-01,2.019499999999999851e+00,2.424799999999999844e+00,6.128000000000000114e-01
3.852687194281001481e-02,3.134728389575484053e-01,1.632700000000000173e+01,3.134100000000000108e+00,2.403999999999999915e+00,1.368900000000000006e+00,2.773300000000000182e+03,2.429199999999999818e+03,1.102500000000000036e+00,2.145090000000000146e+03,1.318799999999999972e-01,-3.824929999999999836e+03,-4.660850000000000364e+03,2.133599999999999852e+01,2.204800000000000093e+00,1.221400000000000041e+00,1.010399999999999977e+03,7.333699999999999664e-01,2.998400000000000176e+00,5.393000000000000016e-01,2.018100000000000005e+00,2.415099999999999802e+00,6.128000000000000114e-01
3.885843069485114126e-02,3.148148531241476422e-01,1.674500000000000099e+01,3.188200000000000145e+00,2.418000000000000149e+00,1.373699999999999921e+00,2.779199999999999818e+03,2.437800000000000182e+03,1.074899999999999967e+00,2.135369999999999891e+03,1.291800000000000170e-01,-3.846019999999999982e+03,-4.678119999999999891e+03,2.133699999999999974e+01,2.198100000000000165e+00,1.221899999999999986e+00,1.008299999999999955e+03,7.310299999999999576e-01,2.967900000000000205e+00,5.413999999999999924e-01,2.016700000000000159e+00,2.405600000000000183e+00,6.128000000000000114e-01
3.918508146207013570e-02,3.161568672907468791e-01,1.716300000000000026e+01,3.242100000000000204e+00,2.431000000000000050e+00,1.378500000000000059e+00,2.784900000000000091e+03,2.446199999999999818e+03,1.048699999999999966e+00,2.125920000000000073e+03,1.266000000000000181e-01,-3.866489999999999782e+03,-4.694869999999999891e+03,2.133800000000000097e+01,2.191899999999999959e+00,1.222399999999999931e+00,1.006299999999999955e+03,7.287500000000000089e-01,2.938899999999999846e+00,5.434999999999999831e-01,2.015299999999999869e+00,2.396300000000000097e+00,6.129000000000000004e-01
3.950703595438522647e-02,3.174988814573461160e-01,1.758099999999999952e+01,3.295599999999999863e+00,2.443999999999999950e+00,1.383000000000000007e+00,2.790400000000000091e+03,2.454300000000000182e+03,1.023800000000000043e+00,2.116719999999999800e+03,1.241300000000000181e-01,-3.886380000000000109e+03,-4.711130000000000109e+03,2.133899999999999864e+01,2.185900000000000176e+00,1.222900000000000098e+00,1.004299999999999955e+03,7.265300000000000091e-01,2.911300000000000221e+00,5.454999999999999849e-01,2.013900000000000023e+00,2.387399999999999967e+00,6.129000000000000004e-01
3.982449108526676940e-02,3.188408956239453529e-01,1.799899999999999878e+01,3.348700000000000010e+00,2.456999999999999851e+00,1.387499999999999956e+00,2.795699999999999818e+03,2.462199999999999818e+03,1.000000000000000000e+00,2.107760000000000218e+03,1.217700000000000032e-01,-3.905710000000000036e+03,-4.726939999999999600e+03,2.133999999999999986e+01,2.180299999999999905e+00,1.223300000000000054e+00,1.002299999999999955e+03,7.243600000000000039e-01,2.884900000000000020e+00,5.473999999999999977e-01,2.012599999999999945e+00,2.378600000000000048e+00,6.129000000000000004e-01
4.013763038027126639e-02,3.201829097905445898e-01,1.841700000000000159e+01,3.401600000000000179e+00,2.468999999999999861e+00,1.391799999999999926e+00,2.801000000000000000e+03,2.469800000000000182e+03,9.773500000000000520e-01,2.099019999999999982e+03,1.195100000000000051e-01,-3.924519999999999982e+03,-4.742310000000000400e+03,2.134100000000000108e+01,2.174900000000000055e+00,1.223799999999999999e+00,1.000399999999999977e+03,7.222399999999999931e-01,2.859700000000000131e+00,5.493000000000000105e-01,2.011299999999999866e+00,2.370099999999999874e+00,6.129000000000000004e-01
4.044662521773155495e-02,3.215249239571438267e-01,1.883500000000000085e+01,3.454200000000000159e+00,2.480999999999999872e+00,1.395899999999999919e+00,2.806000000000000000e+03,2.477199999999999818e+03,9.556700000000000195e-01,2.090489999999999782e+03,1.173399999999999999e-01,-3.942829999999999927e+03,-4.757279999999999745e+03,2.134100000000000108e+01,2.169799999999999951e+00,1.224199999999999955e+00,9.985000000000000000e+02,7.201800000000000423e-01,2.835500000000000131e+00,5.511000000000000343e-01,2.009999999999999787e+00,2.361800000000000122e+00,6.129000000000000004e-01
4.075163592541967972e-02,3.228669381237430636e-01,1.925300000000000011e+01,3.506499999999999950e+00,2.492999999999999883e+00,1.399999999999999911e+00,2.810900000000000091e+03,2.484400000000000091e+03,9.349199999999999733e-01,2.082170000000000073e+03,1.152500000000000191e-01,-3.960670000000000073e+03,-4.771840000000000146e+03,2.134199999999999875e+01,2.164899999999999824e+00,1.224599999999999911e+00,9.967000000000000455e+02,7.181600000000000206e-01,2.812399999999999789e+00,5.527999999999999581e-01,2.008799999999999919e+00,2.353699999999999903e+00,6.129000000000000004e-01
4.105281275310532219e-02,3.242089522903423005e-01,1.967099999999999937e+01,3.558499999999999996e+00,2.504000000000000004e+00,1.403899999999999926e+00,2.815699999999999818e+03,2.491400000000000091e+03,9.150500000000000300e-01,2.074050000000000182e+03,1.132500000000000173e-01,-3.978059999999999945e+03,-4.786039999999999964e+03,2.134299999999999997e+01,2.160299999999999887e+00,1.225000000000000089e+00,9.948999999999999773e+02,7.161899999999999933e-01,2.790299999999999780e+00,5.544999999999999929e-01,2.007600000000000051e+00,2.345800000000000107e+00,6.129000000000000004e-01
4.135029673775504622e-02,3.255509664569414818e-01,2.008899999999999864e+01,3.610300000000000065e+00,2.516000000000000014e+00,1.407799999999999940e+00,2.820400000000000091e+03,2.498199999999999818e+03,8.960099999999999731e-01,2.066110000000000127e+03,1.113200000000000023e-01,-3.995019999999999982e+03,-4.799890000000000327e+03,2.134400000000000119e+01,2.155800000000000161e+00,1.225300000000000056e+00,9.931000000000000227e+02,7.142600000000000060e-01,2.769000000000000128e+00,5.561000000000000387e-01,2.006299999999999972e+00,2.338000000000000078e+00,6.129000000000000004e-01
4.164422047551165351e-02,3.268929806235407742e-01,2.050700000000000145e+01,3.661799999999999944e+00,2.527000000000000135e+00,1.411499999999999977e+00,2.824900000000000091e+03,2.504800000000000182e+03,8.777399999999999647e-01,2.058349999999999909e+03,1.094700000000000117e-01,-4.011570000000000164e+03,-4.813390000000000327e+03,2.134400000000000119e+01,2.151600000000000179e+00,1.225700000000000012e+00,9.913999999999999773e+02,7.123699999999999477e-01,2.748600000000000154e+00,5.575999999999999845e-01,2.005199999999999871e+00,2.330499999999999794e+00,6.129000000000000004e-01
4.193470881244303061e-02,3.282349947901399556e-01,2.092599999999999838e+01,3.713000000000000078e+00,2.537999999999999812e+00,1.415100000000000025e+00,2.829400000000000091e+03,2.511300000000000182e+03,8.601900000000000102e-01,2.050769999999999982e+03,1.076799999999999979e-01,-4.027730000000000018e+03,-4.826569999999999709e+03,2.134499999999999886e+01,2.147600000000000176e+00,1.225999999999999979e+00,9.897000000000000455e+02,7.105200000000000404e-01,2.729000000000000092e+00,5.591000000000000414e-01,2.004000000000000004e+00,2.323100000000000165e+00,6.129000000000000004e-01
4.222187946426936289e-02,3.295770089567392480e-01,2.134400000000000119e+01,3.764100000000000001e+00,2.548000000000000043e+00,1.418700000000000072e+00,2.833699999999999818e+03,2.517599999999999909e+03,8.433300000000000241e-01,2.043339999999999918e+03,1.059500000000000164e-01,-4.043519999999999982e+03,-4.839449999999999818e+03,2.134499999999999886e+01,2.143699999999999939e+00,1.226399999999999935e+00,9.880000000000000000e+02,7.087099999999999511e-01,2.710100000000000176e+00,5.605999999999999872e-01,2.002800000000000136e+00,2.315900000000000070e+00,6.129000000000000004e-01
4.250584357379488809e-02,3.309190231233384294e-01,2.176300000000000168e+01,3.814900000000000180e+00,2.559000000000000163e+00,1.422099999999999920e+00,2.837900000000000091e+03,2.523699999999999818e+03,8.271100000000000119e-01,2.036079999999999927e+03,1.042899999999999938e-01,-4.058949999999999818e+03,-4.852029999999999745e+03,2.134600000000000009e+01,2.140000000000000124e+00,1.226699999999999902e+00,9.862999999999999545e+02,7.069400000000000128e-01,2.692000000000000171e+00,5.620000000000000551e-01,2.001700000000000035e+00,2.308800000000000185e+00,6.129000000000000004e-01
