1.131126572895512911e-01,0.000000000000000000e+00,1.000000000000000000e+00,3.750000000000000000e+00,0.000000000000000000e+00,0.000000000000000000e+00,0.000000000000000000e+00,0.000000000000000000e+00,2.068400000000000105e+01,3.247480000000000018e+03,1.591900000000000093e+00,-8.744700000000000273e+02,-2.173820000000000164e+03,2.078000000000000114e+01,4.206400000000000361e+00,1.162199999999999900e+00,1.228799999999999955e+03,1.112200000000000077e+00,1.591779999999999973e+01,2.938999999999999946e-01,2.130500000000000060e+00,5.208999999999999631e+00,4.549000000000000266e-01
1.131126572895512911e-01,1.836491348295152476e-03,1.000304040404040418e+00,3.750000000000000000e+00,1.626262626262626240e-03,1.124242424242424300e-03,6.826363636363636545e+01,1.995959595959595934e+00,2.067789898989899200e+01,3.247407878787878872e+03,1.591466666666666807e+00,-8.746671717171717546e+02,-2.173986161616161553e+03,2.078004040404040609e+01,4.206345454545455276e+00,1.162198989898989732e+00,1.228785858585858477e+03,1.112183838383838497e+00,1.591751717171717218e+01,2.938969696969697121e-01,2.130494949494949442e+00,5.208906060606060429e+00,4.549000000000000266e-01
1.131126572895512911e-01,3.672982696590304953e-03,1.000608080808080835e+00,3.750000000000000000e+00,3.252525252525252479e-03,2.248484848484848600e-03,1.365272727272727309e+02,3.991919191919191867e+00,2.067179797979797939e+01,3.247335757575757725e+03,1.591033333333333522e+00,-8.748643434343434819e+02,-2.174152323232323397e+03,2.078008080808080749e+01,4.206290909090909302e+00,1.162197979797979785e+00,1.228771717171717228e+03,1.112167676767676916e+00,1.591723434343434285e+01,2.938939393939393740e-01,2.130489898989899267e+00,5.208812121212121227e+00,4.549000000000000266e-01
1.131126572895512911e-01,5.509474044885457646e-03,1.000912121212121253e+00,3.750000000000000000e+00,4.878787878787878285e-03,3.372727272727272900e-03,2.047909090909091105e+02,5.987878787878788245e+00,2.066569696969697034e+01,3.247263636363636579e+03,1.590600000000000014e+00,-8.750615151515152093e+02,-2.174318484848484786e+03,2.078012121212121244e+01,4.206236363636364217e+00,1.162196969696969617e+00,1.228757575757575751e+03,1.112151515151515335e+00,1.591695151515151530e+01,2.938909090909090915e-01,2.130484848484848648e+00,5.208718181818181137e+00,4.549000000000000266e-01
1.131126572895512911e-01,7.345965393180609905e-03,1.001216161616161671e+00,3.750000000000000000e+00,6.505050505050504958e-03,4.496969696969697200e-03,2.730545454545454618e+02,7.983838383838383734e+00,2.065959595959596129e+01,3.247191515151514977e+03,1.590166666666666728e+00,-8.752586868686869366e+02,-2.174484646464646630e+03,2.078016161616161739e+01,4.206181818181818244e+00,1.162195959595959449e+00,1.228743434343434274e+03,1.112135353535353532e+00,1.591666868686868597e+01,2.938878787878788090e-01,2.130479797979798029e+00,5.208624242424241935e+00,4.549000000000000266e-01
1.131126572895512911e-01,9.182456741475763032e-03,1.001520202020202088e+00,3.750000000000000000e+00,8.131313131313131631e-03,5.621212121212121500e-03,3.413181818181818130e+02,9.979797979797979224e+00,2.065349494949494868e+01,3.247119393939393831e+03,1.589733333333333443e+00,-8.754558585858586639e+02,-2.174650808080808019e+03,2.078020202020202234e+01,4.206127272727273159e+00,1.162194949494949503e+00,1.228729292929292797e+03,1.112119191919191952e+00,1.591638585858585841e+01,2.938848484848484710e-01,2.130474747474747410e+00,5.208530303030302733e+00,4.549000000000000266e-01
1.131126572895512911e-01,1.101894808977091529e-02,1.001824242424242506e+00,3.750000000000000000e+00,9.757575757575756570e-03,6.745454545454545800e-03,4.095818181818182211e+02,1.197575757575757649e+01,2.064739393939393963e+01,3.247047272727272684e+03,1.589300000000000157e+00,-8.756530303030302775e+02,-2.174816969696969863e+03,2.078024242424242374e+01,4.206072727272727185e+00,1.162193939393939335e+00,1.228715151515151547e+03,1.112103030303030371e+00,1.591610303030303086e+01,2.938818181818181885e-01,2.130469696969697235e+00,5.208436363636363531e+00,4.549000000000000266e-01
1.131126572895512911e-01,1.285543943806606755e-02,1.002128282828282924e+00,3.750000000000000000e+00,1.138383838383838324e-02,7.869696969696970967e-03,4.778454545454545723e+02,1.397171717171717198e+01,2.064129292929293058e+01,3.246975151515151538e+03,1.588866666666666649e+00,-8.758502020202020049e+02,-2.174983131313131253e+03,2.078028282828282869e+01,4.206018181818182100e+00,1.162192929292929167e+00,1.228701010101010070e+03,1.112086868686868790e+00,1.591582020202020153e+01,2.938787878787878505e-01,2.130464646464646616e+00,5.208342424242424329e+00,4.549000000000000266e-01
1.131126572895512911e-01,1.469193078636121981e-02,1.002432323232323341e+00,3.750000000000000000e+00,1.301010101010100992e-02,8.993939393939394400e-03,5.461090909090909236e+02,1.596767676767676747e+01,2.063519191919192153e+01,3.246903030303030391e+03,1.588433333333333364e+00,-8.760473737373737322e+02,-2.175149292929293097e+03,2.078032323232323364e+01,4.205963636363637015e+00,1.162191919191918998e+00,1.228686868686868593e+03,1.112070707070707209e+00,1.591553737373737398e+01,2.938757575757575680e-01,2.130459595959595998e+00,5.208248484848484239e+00,4.549000000000000266e-01
1.131126572895512911e-01,1.652842213465637380e-02,1.002736363636363537e+00,3.750000000000000000e+00,1.463636363636363659e-02,1.011818181818181783e-02,6.143727272727272748e+02,1.796363636363636473e+01,2.062909090909090892e+01,3.246830909090909245e+03,1.588000000000000078e+00,-8.762445454545454595e+02,-2.175315454545454486e+03,2.078036363636363859e+01,4.205909090909091042e+00,1.162190909090909052e+00,1.228672727272727343e+03,1.112054545454545629e+00,1.591525454545454465e+01,2.938727272727272855e-01,2.130454545454545379e+00,5.208154545454545037e+00,4.549000000000000266e-01
1.131126572895512911e-01,1.836491348295152606e-02,1.003040404040403955e+00,3.750000000000000000e+00,1.626262626262626326e-02,1.124242424242424300e-02,6.826363636363636260e+02,1.995959595959595845e+01,2.062298989898989987e+01,3.246758787878788098e+03,1.587566666666666793e+00,-8.764417171717171868e+02,-2.175481616161616330e+03,2.078040404040403999e+01,4.205854545454545956e+00,1.162189898989898884e+00,1.228658585858585866e+03,1.112038383838383826e+00,1.591497171717171710e+01,2.938696969696969474e-01,2.130449494949495204e+00,5.208060606060605835e+00,4.549000000000000266e-01
1.131126572895512911e-01,2.020140483124667832e-02,1.003344444444444372e+00,3.750000000000000000e+00,1.788888888888888820e-02,1.236666666666666817e-02,7.508999999999999773e+02,2.195555555555555571e+01,2.061688888888889082e+01,3.246686666666666497e+03,1.587133333333333507e+00,-8.766388888888889142e+02,-2.175647777777777719e+03,2.078044444444444494e+01,4.205799999999999983e+00,1.162188888888888716e+00,1.228644444444444389e+03,1.112022222222222245e+00,1.591468888888888777e+01,2.938666666666666649e-01,2.130444444444444585e+00,5.207966666666666633e+00,4.549000000000000266e-01
1.131126572895512911e-01,2.203789617954183058e-02,1.003648484848484790e+00,3.750000000000000000e+00,1.951515151515151314e-02,1.349090909090909160e-02,8.191636363636364422e+02,2.395151515151515298e+01,2.061078787878787821e+01,3.246614545454545350e+03,1.586699999999999999e+00,-8.768360606060606415e+02,-2.175813939393939563e+03,2.078048484848484989e+01,4.205745454545454898e+00,1.162187878787878770e+00,1.228630303030302912e+03,1.112006060606060664e+00,1.591440606060606022e+01,2.938636363636363824e-01,2.130439393939393966e+00,5.207872727272726543e+00,4.549000000000000266e-01
1.131126572895512911e-01,2.387438752783698284e-02,1.003952525252525207e+00,3.750000000000000000e+00,2.114141414141414155e-02,1.461515151515151503e-02,8.874272727272727934e+02,2.594747474747474669e+01,2.060468686868686916e+01,3.246542424242424204e+03,1.586266666666666714e+00,-8.770332323232323688e+02,-2.175980101010100952e+03,2.078052525252525484e+01,4.205690909090908924e+00,1.162186868686868602e+00,1.228616161616161662e+03,1.111989898989899084e+00,1.591412323232323267e+01,2.938606060606060444e-01,2.130434343434343347e+00,5.207778787878787341e+00,4.549000000000000266e-01
1.131126572895512911e-01,2.571087887613213510e-02,1.004256565656565625e+00,3.750000000000000000e+00,2.276767676767676649e-02,1.573939393939394193e-02,9.556909090909091447e+02,2.794343434343434396e+01,2.059858585858586011e+01,3.246470303030303057e+03,1.585833333333333428e+00,-8.772304040404040961e+02,-2.176146262626262796e+03,2.078056565656565624e+01,4.205636363636363839e+00,1.162185858585858433e+00,1.228602020202020185e+03,1.111973737373737503e+00,1.591384040404040334e+01,2.938575757575757619e-01,2.130429292929293172e+00,5.207684848484848139e+00,4.549000000000000266e-01
1.131126572895512911e-01,2.754737022442728736e-02,1.004560606060606043e+00,3.750000000000000000e+00,2.439393939393939489e-02,1.686363636363636537e-02,1.023954545454545496e+03,2.993939393939393767e+01,2.059248484848484750e+01,3.246398181818181911e+03,1.585400000000000142e+00,-8.774275757575758234e+02,-2.176312424242424186e+03,2.078060606060606119e+01,4.205581818181818754e+00,1.162184848484848487e+00,1.228587878787878708e+03,1.111957575757575922e+00,1.591355757575757579e+01,2.938545454545454794e-01,2.130424242424242554e+00,5.207590909090908937e+00,4.549000000000000266e-01
1.131126572895512911e-01,2.938386157272243962e-02,1.004864646464646460e+00,3.750000000000000000e+00,2.602020202020201983e-02,1.798787878787878880e-02,1.092218181818181847e+03,3.193535353535353494e+01,2.058638383838383845e+01,3.246326060606060764e+03,1.584966666666666635e+00,-8.776247474747475508e+02,-2.176478585858586030e+03,2.078064646464646614e+01,4.205527272727272781e+00,1.162183838383838319e+00,1.228573737373737458e+03,1.111941414141414119e+00,1.591327474747474646e+01,2.938515151515151413e-01,2.130419191919191935e+00,5.207496969696969735e+00,4.549000000000000266e-01
1.131126572895512911e-01,3.122035292101759188e-02,1.005168686868686878e+00,3.750000000000000000e+00,2.764646464646464477e-02,1.911212121212121223e-02,1.160481818181818198e+03,3.393131313131313220e+01,2.058028282828282940e+01,3.246253939393939618e+03,1.584533333333333349e+00,-8.778219191919191644e+02,-2.176644747474747419e+03,2.078068686868687109e+01,4.205472727272727695e+00,1.162182828282828151e+00,1.228559595959595981e+03,1.111925252525252539e+00,1.591299191919191891e+01,2.938484848484848588e-01,2.130414141414141316e+00,5.207403030303029645e+00,4.549000000000000266e-01
1.131126572895512911e-01,3.305684426931274761e-02,1.005472727272727296e+00,3.750000000000000000e+00,2.927272727272727318e-02,2.023636363636363567e-02,1.228745454545454550e+03,3.592727272727272947e+01,2.057418181818182035e+01,3.246181818181818016e+03,1.584100000000000064e+00,-8.780190909090908917e+02,-2.176810909090909263e+03,2.078072727272727249e+01,4.205418181818181722e+00,1.162181818181817983e+00,1.228545454545454504e+03,1.111909090909090958e+00,1.591270909090909136e+01,2.938454545454545208e-01,2.130409090909091141e+00,5.207309090909090443e+00,4.549000000000000266e-01
1.131126572895512911e-01,3.489333561760789987e-02,1.005776767676767713e+00,3.750000000000000000e+00,3.089898989898989812e-02,2.136060606060606257e-02,1.297009090909090901e+03,3.792323232323231963e+01,2.056808080808080774e+01,3.246109696969696870e+03,1.583666666666666778e+00,-8.782162626262626191e+02,-2.176977070707070652e+03,2.078076767676767744e+01,4.205363636363636637e+00,1.162180808080808037e+00,1.228531313131313027e+03,1.111892929292929377e+00,1.591242626262626203e+01,2.938424242424242383e-01,2.130404040404040522e+00,5.207215151515151241e+00,4.549000000000000266e-01
1.131126572895512911e-01,3.672982696590305213e-02,1.006080808080808131e+00,3.750000000000000000e+00,3.252525252525252653e-02,2.248484848484848600e-02,1.365272727272727252e+03,3.991919191919191690e+01,2.056197979797979869e+01,3.246037575757575723e+03,1.583233333333333492e+00,-8.784134343434343464e+02,-2.177143232323232496e+03,2.078080808080808239e+01,4.205309090909091552e+00,1.162179797979797868e+00,1.228517171717171777e+03,1.111876767676767797e+00,1.591214343434343448e+01,2.938393939393939558e-01,2.130398989898989903e+00,5.207121212121212039e+00,4.549000000000000266e-01
1.131126572895512911e-01,3.856631831419820439e-02,1.006384848484848549e+00,3.750000000000000000e+00,3.415151515151514799e-02,2.360909090909090943e-02,1.433536363636363603e+03,4.191515151515151416e+01,2.055587878787878964e+01,3.245965454545454577e+03,1.582799999999999985e+00,-8.786106060606060737e+02,-2.177309393939393885e+03,2.078084848484848379e+01,4.205254545454545578e+00,1.162178787878787700e+00,1.228503030303030300e+03,1.111860606060606216e+00,1.591186060606060515e+01,2.938363636363636178e-01,2.130393939393939284e+00,5.207027272727272837e+00,4.549000000000000266e-01
1.131126572895512911e-01,4.040280966249335665e-02,1.006688888888888966e+00,3.750000000000000000e+00,3.577777777777777640e-02,2.473333333333333633e-02,1.501799999999999955e+03,4.391111111111111143e+01,2.054977777777777703e+01,3.245893333333333430e+03,1.582366666666666699e+00,-8.788077777777778010e+02,-2.177475555555555729e+03,2.078088888888888874e+01,4.205200000000000493e+00,1.162177777777777754e+00,1.228488888888888823e+03,1.111844444444444413e+00,1.591157777777777760e+01,2.938333333333333353e-01,2.130388888888889110e+00,5.206933333333332747e+00,4.549000000000000266e-01
1.131126572895512911e-01,4.223930101078850891e-02,1.006992929292929384e+00,3.750000000000000000e+00,3.740404040404040481e-02,2.585757575757575977e-02,1.570063636363636306e+03,4.590707070707070869e+01,2.054367676767676798e+01,3.245821212121212284e+03,1.581933333333333414e+00,-8.790049494949495283e+02,-2.177641717171717119e+03,2.078092929292929369e+01,4.205145454545454520e+00,1.162176767676767586e+00,1.228474747474747574e+03,1.111828282828282832e+00,1.591129494949494827e+01,2.938303030303030527e-01,2.130383838383838491e+00,5.206839393939393545e+00,4.549000000000000266e-01
1.131126572895512911e-01,4.407579235908366116e-02,1.007296969696969802e+00,3.750000000000000000e+00,3.903030303030302628e-02,2.698181818181818320e-02,1.638327272727272884e+03,4.790303030303030596e+01,2.053757575757575893e+01,3.245749090909091137e+03,1.581500000000000128e+00,-8.792021212121212557e+02,-2.177807878787878963e+03,2.078096969696969865e+01,4.205090909090909435e+00,1.162175757575757418e+00,1.228460606060606096e+03,1.111812121212121252e+00,1.591101212121212072e+01,2.938272727272727147e-01,2.130378787878787872e+00,5.206745454545454344e+00,4.549000000000000266e-01
1.131126572895512911e-01,4.591228370737881342e-02,1.007601010101009997e+00,3.750000000000000000e+00,4.065656565656565469e-02,2.810606060606060663e-02,1.706590909090909236e+03,4.989898989898989612e+01,2.053147474747474632e+01,3.245676969696969536e+03,1.581066666666666620e+00,-8.793992929292929830e+02,-2.177974040404040352e+03,2.078101010101010004e+01,4.205036363636363461e+00,1.162174747474747472e+00,1.228446464646464619e+03,1.111795959595959671e+00,1.591072929292929317e+01,2.938242424242424322e-01,2.130373737373737253e+00,5.206651515151515142e+00,4.549000000000000266e-01
1.131126572895512911e-01,4.774877505567396568e-02,1.007905050505050415e+00,3.750000000000000000e+00,4.228282828282828310e-02,2.923030303030303007e-02,1.774854545454545587e+03,5.189494949494949338e+01,2.052537373737373727e+01,3.245604848484848389e+03,1.580633333333333335e+00,-8.795964646464647103e+02,-2.178140202020202196e+03,2.078105050505050500e+01,4.204981818181818376e+00,1.162173737373737303e+00,1.228432323232323142e+03,1.111779797979798090e+00,1.591044646464646384e+01,2.938212121212121497e-01,2.130368686868687078e+00,5.206557575757575052e+00,4.549000000000000266e-01
1.131126572895512911e-01,4.958526640396911794e-02,1.008209090909090833e+00,3.750000000000000000e+00,4.390909090909091150e-02,3.035454545454545697e-02,1.843118181818181938e+03,5.389090909090909065e+01,2.051927272727272822e+01,3.245532727272727243e+03,1.580200000000000049e+00,-8.797936363636364376e+02,-2.178306363636363585e+03,2.078109090909090995e+01,4.204927272727273291e+00,1.162172727272727135e+00,1.228418181818181893e+03,1.111763636363636509e+00,1.591016363636363629e+01,2.938181818181818117e-01,2.130363636363636459e+00,5.206463636363635850e+00,4.549000000000000266e-01
1.131126572895512911e-01,5.142175775226427020e-02,1.008513131313131250e+00,3.750000000000000000e+00,4.553535353535353297e-02,3.147878787878788387e-02,1.911381818181818289e+03,5.588686868686868792e+01,2.051317171717171917e+01,3.245460606060606096e+03,1.579766666666666763e+00,-8.799908080808080513e+02,-2.178472525252525429e+03,2.078113131313131490e+01,4.204872727272727317e+00,1.162171717171716967e+00,1.228404040404040416e+03,1.111747474747474707e+00,1.590988080808080696e+01,2.938151515151515292e-01,2.130358585858585840e+00,5.206369696969696648e+00,4.549000000000000266e-01
1.131126572895512911e-01,5.325824910055942246e-02,1.008817171717171668e+00,3.750000000000000000e+00,4.716161616161616138e-02,3.260303030303030730e-02,1.979645454545454641e+03,5.788282828282828518e+01,2.050707070707070656e+01,3.245388484848484950e+03,1.579333333333333478e+00,-8.801879797979797786e+02,-2.178638686868686818e+03,2.078117171717171630e+01,4.204818181818182232e+00,1.162170707070707021e+00,1.228389898989898938e+03,1.111731313131313126e+00,1.590959797979797941e+01,2.938121212121211911e-01,2.130353535353535221e+00,5.206275757575757446e+00,4.549000000000000266e-01
1.131126572895512911e-01,5.509474044885457472e-02,1.009121212121212086e+00,3.750000000000000000e+00,4.878787878787878979e-02,3.372727272727273073e-02,2.047909090909090992e+03,5.987878787878787534e+01,2.050096969696969751e+01,3.245316363636363803e+03,1.578899999999999970e+00,-8.803851515151515059e+02,-2.178804848484848662e+03,2.078121212121212125e+01,4.204763636363636259e+00,1.162169696969696853e+00,1.228375757575757461e+03,1.111715151515151545e+00,1.590931515151515185e+01,2.938090909090909086e-01,2.130348484848485047e+00,5.206181818181818244e+00,4.549000000000000266e-01
1.131126572895512911e-01,5.693123179714972698e-02,1.009425252525252503e+00,3.750000000000000000e+00,5.041414141414141126e-02,3.485151515151515417e-02,2.116172727272727116e+03,6.187474747474747261e+01,2.049486868686868846e+01,3.245244242424242657e+03,1.578466666666666685e+00,-8.805823232323232332e+02,-2.178971010101010052e+03,2.078125252525252620e+01,4.204709090909091174e+00,1.162168686868686684e+00,1.228361616161616212e+03,1.111698989898989964e+00,1.590903232323232253e+01,2.938060606060606261e-01,2.130343434343434428e+00,5.206087878787878154e+00,4.549000000000000266e-01
1.131126572895512911e-01,5.876772314544487924e-02,1.009729292929292921e+00,3.750000000000000000e+00,5.204040404040403967e-02,3.597575757575757760e-02,2.184436363636363694e+03,6.387070707070706987e+01,2.048876767676767585e+01,3.245172121212121056e+03,1.578033333333333399e+00,-8.807794949494949606e+02,-2.179137171717171896e+03,2.078129292929293115e+01,4.204654545454545200e+00,1.162167676767676738e+00,1.228347474747474735e+03,1.111682828282828384e+00,1.590874949494949497e+01,2.938030303030302881e-01,2.130338383838383809e+00,5.205993939393938952e+00,4.549000000000000266e-01
1.131126572895512911e-01,6.060421449374003150e-02,1.010033333333333339e+00,3.750000000000000000e+00,5.366666666666666807e-02,3.710000000000000103e-02,2.252700000000000273e+03,6.586666666666666003e+01,2.048266666666666680e+01,3.245099999999999909e+03,1.577600000000000113e+00,-8.809766666666666879e+02,-2.179303333333333285e+03,2.078133333333333255e+01,4.204600000000000115e+00,1.162166666666666570e+00,1.228333333333333258e+03,1.111666666666666803e+00,1.590846666666666565e+01,2.938000000000000056e-01,2.130333333333333190e+00,5.205899999999999750e+00,4.549000000000000266e-01
1.131126572895512911e-01,6.244070584203518376e-02,1.010337373737373756e+00,3.750000000000000000e+00,5.529292929292928954e-02,3.822424242424242447e-02,2.320963636363636397e+03,6.786262626262626441e+01,2.047656565656565775e+01,3.245027878787878763e+03,1.577166666666666606e+00,-8.811738383838384152e+02,-2.179469494949495129e+03,2.078137373737373750e+01,4.204545454545455030e+00,1.162165656565656402e+00,1.228319191919192008e+03,1.111650505050505222e+00,1.590818383838383809e+01,2.937969696969697231e-01,2.130328282828283015e+00,5.205806060606060548e+00,4.549000000000000266e-01
1.131126572895512911e-01,6.427719719033034296e-02,1.010641414141414174e+00,3.750000000000000000e+00,5.691919191919191795e-02,3.934848484848484790e-02,2.389227272727272975e+03,6.985858585858585457e+01,2.047046464646464514e+01,3.244955757575757616e+03,1.576733333333333320e+00,-8.813710101010101425e+02,-2.179635656565656518e+03,2.078141414141414245e+01,4.204490909090909057e+00,1.162164646464646456e+00,1.228305050505050531e+03,1.111634343434343419e+00,1.590790101010101054e+01,2.937939393939393851e-01,2.130323232323232396e+00,5.205712121212121346e+00,4.549000000000000266e-01
1.131126572895512911e-01,6.611368853862549522e-02,1.010945454545454592e+00,3.750000000000000000e+00,5.854545454545454636e-02,4.047272727272727133e-02,2.457490909090909099e+03,7.185454545454545894e+01,2.046436363636363609e+01,3.244883636363636469e+03,1.576300000000000034e+00,-8.815681818181818699e+02,-2.179801818181818362e+03,2.078145454545454740e+01,4.204436363636363971e+00,1.162163636363636288e+00,1.228290909090909054e+03,1.111618181818181839e+00,1.590761818181818121e+01,2.937909090909091026e-01,2.130318181818181777e+00,5.205618181818181256e+00,4.549000000000000266e-01
1.131126572895512911e-01,6.795017988692064748e-02,1.011249494949495009e+00,3.750000000000000000e+00,6.017171717171716783e-02,4.159696969696970170e-02,2.525754545454545678e+03,7.385050505050504910e+01,2.045826262626262704e+01,3.244811515151515323e+03,1.575866666666666749e+00,-8.817653535353535972e+02,-2.179967979797979751e+03,2.078149494949494880e+01,4.204381818181817998e+00,1.162162626262626119e+00,1.228276767676767577e+03,1.111602020202020258e+00,1.590733535353535366e+01,2.937878787878788200e-01,2.130313131313131159e+00,5.205524242424242054e+00,4.549000000000000266e-01
1.131126572895512911e-01,6.978667123521579974e-02,1.011553535353535427e+00,3.750000000000000000e+00,6.179797979797979623e-02,4.272121212121212513e-02,2.594018181818181802e+03,7.584646464646463926e+01,2.045216161616161443e+01,3.244739393939394176e+03,1.575433333333333463e+00,-8.819625252525253245e+02,-2.180134141414141595e+03,2.078153535353535375e+01,4.204327272727272913e+00,1.162161616161616173e+00,1.228262626262626327e+03,1.111585858585858677e+00,1.590705252525252433e+01,2.937848484848484820e-01,2.130308080808080984e+00,5.205430303030302852e+00,4.549000000000000266e-01
1.131126572895512911e-01,7.162316258351095200e-02,1.011857575757575844e+00,3.750000000000000000e+00,6.342424242424242464e-02,4.384545454545454857e-02,2.662281818181818380e+03,7.784242424242424363e+01,2.044606060606060538e+01,3.244667272727272575e+03,1.574999999999999956e+00,-8.821596969696969381e+02,-2.180300303030302985e+03,2.078157575757575870e+01,4.204272727272726939e+00,1.162160606060606005e+00,1.228248484848484850e+03,1.111569696969697096e+00,1.590676969696969678e+01,2.937818181818181995e-01,2.130303030303030365e+00,5.205336363636363650e+00,4.549000000000000266e-01
1.131126572895512911e-01,7.345965393180610425e-02,1.012161616161616262e+00,3.750000000000000000e+00,6.505050505050505305e-02,4.496969696969697200e-02,2.730545454545454504e+03,7.983838383838383379e+01,2.043995959595959633e+01,3.244595151515151429e+03,1.574566666666666670e+00,-8.823568686868686655e+02,-2.180466464646464829e+03,2.078161616161616010e+01,4.204218181818181854e+00,1.162159595959595837e+00,1.228234343434343373e+03,1.111553535353535516e+00,1.590648686868686745e+01,2.937787878787878615e-01,2.130297979797979746e+00,5.205242424242424448e+00,4.549000000000000266e-01
1.131126572895512911e-01,7.529614528010125651e-02,1.012465656565656680e+00,3.750000000000000000e+00,6.667676767676768146e-02,4.609393939393939543e-02,2.798809090909091083e+03,8.183434343434343816e+01,2.043385858585858728e+01,3.244523030303030282e+03,1.574133333333333384e+00,-8.825540404040403928e+02,-2.180632626262626218e+03,2.078165656565656505e+01,4.204163636363636769e+00,1.162158585858585669e+00,1.228220202020202123e+03,1.111537373737373713e+00,1.590620404040403990e+01,2.937757575757575790e-01,2.130292929292929127e+00,5.205148484848484358e+00,4.549000000000000266e-01
1.131126572895512911e-01,7.713263662839640877e-02,1.012769696969696875e+00,3.750000000000000000e+00,6.830303030303029599e-02,4.721818181818181887e-02,2.867072727272727207e+03,8.383030303030302832e+01,2.042775757575757467e+01,3.244450909090909136e+03,1.573700000000000099e+00,-8.827512121212121201e+02,-2.180798787878788062e+03,2.078169696969697000e+01,4.204109090909090796e+00,1.162157575757575723e+00,1.228206060606060646e+03,1.111521212121212132e+00,1.590592121212121235e+01,2.937727272727272965e-01,2.130287878787878952e+00,5.205054545454545156e+00,4.549000000000000266e-01
1.131126572895512911e-01,7.896912797669156103e-02,1.013073737373737293e+00,3.750000000000000000e+00,6.992929292929292440e-02,4.834242424242424230e-02,2.935336363636363785e+03,8.582626262626261848e+01,2.042165656565656562e+01,3.244378787878787989e+03,1.573266666666666591e+00,-8.829483838383838474e+02,-2.180964949494949451e+03,2.078173737373737495e+01,4.204054545454545710e+00,1.162156565656565554e+00,1.228191919191919169e+03,1.111505050505050551e+00,1.590563838383838302e+01,2.937696969696969584e-01,2.130282828282828333e+00,5.204960606060605954e+00,4.549000000000000266e-01
1.131126572895512911e-01,8.080561932498671329e-02,1.013377777777777711e+00,3.750000000000000000e+00,7.155555555555555280e-02,4.946666666666667267e-02,3.003599999999999909e+03,8.782222222222222285e+01,2.041555555555555657e+01,3.244306666666666843e+03,1.572833333333333306e+00,-8.831455555555555748e+02,-2.181131111111111295e+03,2.078177777777777635e+01,4.203999999999999737e+00,1.162155555555555386e+00,1.228177777777777692e+03,1.111488888888888971e+00,1.590535555555555547e+01,2.937666666666666759e-01,2.130277777777777715e+00,5.204866666666666752e+00,4.549000000000000266e-01
1.131126572895512911e-01,8.264211067328186555e-02,1.013681818181818128e+00,3.750000000000000000e+00,7.318181818181818121e-02,5.059090909090909610e-02,3.071863636363636488e+03,8.981818181818181301e+01,2.040945454545454396e+01,3.244234545454545696e+03,1.572400000000000020e+00,-8.833427272727273021e+02,-2.181297272727272684e+03,2.078181818181818130e+01,4.203945454545454652e+00,1.162154545454545440e+00,1.228163636363636442e+03,1.111472727272727390e+00,1.590507272727272614e+01,2.937636363636363934e-01,2.130272727272727096e+00,5.204772727272726662e+00,4.549000000000000266e-01
1.131126572895512911e-01,8.447860202157701781e-02,1.013985858585858546e+00,3.750000000000000000e+00,7.480808080808080962e-02,5.171515151515151953e-02,3.140127272727272612e+03,9.181414141414141739e+01,2.040335353535353491e+01,3.244162424242424095e+03,1.571966666666666734e+00,-8.835398989898990294e+02,-2.181463434343434528e+03,2.078185858585858625e+01,4.203890909090908679e+00,1.162153535353535272e+00,1.228149494949494965e+03,1.111456565656565809e+00,1.590478989898989859e+01,2.937606060606060554e-01,2.130267676767676921e+00,5.204678787878787460e+00,4.549000000000000266e-01
1.131126572895512911e-01,8.631509336987217007e-02,1.014289898989898964e+00,3.750000000000000000e+00,7.643434343434343803e-02,5.283939393939394297e-02,3.208390909090909190e+03,9.381010101010100755e+01,2.039725252525252586e+01,3.244090303030302948e+03,1.571533333333333449e+00,-8.837370707070707567e+02,-2.181629595959595918e+03,2.078189898989899120e+01,4.203836363636363593e+00,1.162152525252525104e+00,1.228135353535353488e+03,1.111440404040404006e+00,1.590450707070707104e+01,2.937575757575757729e-01,2.130262626262626302e+00,5.204584848484848258e+00,4.549000000000000266e-01
1.131126572895512911e-01,8.815158471816732233e-02,1.014593939393939381e+00,3.750000000000000000e+00,7.806060606060605256e-02,5.396363636363636640e-02,3.276654545454545769e+03,9.580606060606061192e+01,2.039115151515151325e+01,3.244018181818181802e+03,1.571099999999999941e+00,-8.839342424242424840e+02,-2.181795757575757762e+03,2.078193939393939260e+01,4.203781818181818508e+00,1.162151515151515158e+00,1.228121212121212238e+03,1.111424242424242426e+00,1.590422424242424171e+01,2.937545454545454904e-01,2.130257575757575683e+00,5.204490909090909057e+00,4.549000000000000266e-01
1.131126572895512911e-01,8.998807606646247459e-02,1.014897979797979799e+00,3.750000000000000000e+00,7.968686868686868097e-02,5.508787878787878983e-02,3.344918181818181893e+03,9.780202020202020208e+01,2.038505050505050420e+01,3.243946060606060655e+03,1.570666666666666655e+00,-8.841314141414142114e+02,-2.181961919191919151e+03,2.078197979797979755e+01,4.203727272727272535e+00,1.162150505050504989e+00,1.228107070707070761e+03,1.111408080808080845e+00,1.590394141414141416e+01,2.937515151515151524e-01,2.130252525252525064e+00,5.204396969696969855e+00,4.549000000000000266e-01
1.131126572895512911e-01,9.182456741475762685e-02,1.015202020202020217e+00,3.750000000000000000e+00,8.131313131313130937e-02,5.621212121212121327e-02,3.413181818181818471e+03,9.979797979797979224e+01,2.037894949494949515e+01,3.243873939393939509e+03,1.570233333333333370e+00,-8.843285858585858250e+02,-2.182128080808080995e+03,2.078202020202020250e+01,4.203672727272727450e+00,1.162149494949494821e+00,1.228092929292929284e+03,1.111391919191919264e+00,1.590365858585858483e+01,2.937484848484848698e-01,2.130247474747474890e+00,5.204303030303029765e+00,4.549000000000000266e-01
1.131126572895512911e-01,9.366105876305277911e-02,1.015506060606060634e+00,3.750000000000000000e+00,8.293939393939393778e-02,5.733636363636363670e-02,3.481445454545454595e+03,1.017939393939393966e+02,2.037284848484848609e+01,3.243801818181818362e+03,1.569800000000000084e+00,-8.845257575757575523e+02,-2.182294242424242384e+03,2.078206060606060745e+01,4.203618181818181476e+00,1.162148484848484653e+00,1.228078787878787807e+03,1.111375757575757683e+00,1.590337575757575728e+01,2.937454545454545318e-01,2.130242424242424271e+00,5.204209090909090563e+00,4.549000000000000266e-01
1.131126572895512911e-01,9.549755011134793137e-02,1.015810101010101052e+00,3.750000000000000000e+00,8.456565656565656619e-02,5.846060606060606013e-02,3.549709090909091174e+03,1.037898989898989868e+02,2.036674747474747349e+01,3.243729696969697216e+03,1.569366666666666577e+00,-8.847229292929292797e+02,-2.182460404040404228e+03,2.078210101010100885e+01,4.203563636363636391e+00,1.162147474747474707e+00,1.228064646464646557e+03,1.111359595959596103e+00,1.590309292929292795e+01,2.937424242424242493e-01,2.130237373737373652e+00,5.204115151515151361e+00,4.549000000000000266e-01
1.131126572895512911e-01,9.733404145964308363e-02,1.016114141414141470e+00,3.750000000000000000e+00,8.619191919191919460e-02,5.958484848484849050e-02,3.617972727272727298e+03,1.057858585858585911e+02,2.036064646464646444e+01,3.243657575757576069e+03,1.568933333333333291e+00,-8.849201010101010070e+02,-2.182626565656565617e+03,2.078214141414141380e+01,4.203509090909091306e+00,1.162146464646464539e+00,1.228050505050505080e+03,1.111343434343434300e+00,1.590281010101010040e+01,2.937393939393939668e-01,2.130232323232323033e+00,5.204021212121212159e+00,4.549000000000000266e-01
1.131126572895512911e-01,9.917053280793823589e-02,1.016418181818181887e+00,3.750000000000000000e+00,8.781818181818182301e-02,6.070909090909091393e-02,3.686236363636363876e+03,1.077818181818181813e+02,2.035454545454545539e+01,3.243585454545454468e+03,1.568500000000000005e+00,-8.851172727272727343e+02,-2.182792727272727461e+03,2.078218181818181876e+01,4.203454545454545332e+00,1.162145454545454371e+00,1.228036363636363603e+03,1.111327272727272719e+00,1.590252727272727284e+01,2.937363636363636288e-01,2.130227272727272858e+00,5.203927272727272957e+00,4.549000000000000266e-01
1.131126572895512911e-01,1.010070241562333881e-01,1.016722222222222305e+00,3.750000000000000000e+00,8.944444444444443754e-02,6.183333333333333737e-02,3.754500000000000000e+03,1.097777777777777715e+02,2.034844444444444278e+01,3.243513333333333321e+03,1.568066666666666720e+00,-8.853144444444444616e+02,-2.182958888888888850e+03,2.078222222222222371e+01,4.203400000000000247e+00,1.162144444444444424e+00,1.228022222222222354e+03,1.111311111111111138e+00,1.590224444444444352e+01,2.937333333333333463e-01,2.130222222222222239e+00,5.203833333333332867e+00,4.549000000000000266e-01
1.131126572895512911e-01,1.028435155045285404e-01,1.017026262626262723e+00,3.750000000000000000e+00,9.107070707070706594e-02,6.295757575757576774e-02,3.822763636363636579e+03,1.117737373737373758e+02,2.034234343434343373e+01,3.243441212121212175e+03,1.567633333333333434e+00,-8.855116161616161889e+02,-2.183125050505050694e+03,2.078226262626262510e+01,4.203345454545454274e+00,1.162143434343434256e+00,1.228008080808080877e+03,1.111294949494949558e+00,1.590196161616161596e+01,2.937303030303030638e-01,2.130217171717171620e+00,5.203739393939393665e+00,4.549000000000000266e-01
1.131126572895512911e-01,1.046800068528236927e-01,1.017330303030303140e+00,3.750000000000000000e+00,9.269696969696969435e-02,6.408181818181818423e-02,3.891027272727272702e+03,1.137696969696969660e+02,2.033624242424242468e+01,3.243369090909091028e+03,1.567199999999999926e+00,-8.857087878787879163e+02,-2.183291212121212084e+03,2.078230303030303006e+01,4.203290909090909189e+00,1.162142424242424088e+00,1.227993939393939399e+03,1.111278787878787977e+00,1.590167878787878664e+01,2.937272727272727257e-01,2.130212121212121001e+00,5.203645454545454463e+00,4.549000000000000266e-01
1.131126572895512911e-01,1.065164982011188449e-01,1.017634343434343336e+00,3.750000000000000000e+00,9.432323232323232276e-02,6.520606060606061460e-02,3.959290909090909281e+03,1.157656565656565704e+02,2.033014141414141207e+01,3.243296969696969882e+03,1.566766666666666641e+00,-8.859059595959596436e+02,-2.183457373737373928e+03,2.078234343434343501e+01,4.203236363636363215e+00,1.162141414141414142e+00,1.227979797979797922e+03,1.111262626262626396e+00,1.590139595959595908e+01,2.937242424242424432e-01,2.130207070707070827e+00,5.203551515151515261e+00,4.549000000000000266e-01
1.131126572895512911e-01,1.083529895494139972e-01,1.017938383838383753e+00,3.750000000000000000e+00,9.594949494949495117e-02,6.633030303030303110e-02,4.027554545454545405e+03,1.177616161616161605e+02,2.032404040404040302e+01,3.243224848484848735e+03,1.566333333333333355e+00,-8.861031313131313709e+02,-2.183623535353535317e+03,2.078238383838383996e+01,4.203181818181818130e+00,1.162140404040403974e+00,1.227965656565656673e+03,1.111246464646464593e+00,1.590111313131313153e+01,2.937212121212121607e-01,2.130202020202020208e+00,5.203457575757575171e+00,4.549000000000000266e-01
1.131126572895512911e-01,1.101894808977091494e-01,1.018242424242424171e+00,3.750000000000000000e+00,9.757575757575757958e-02,6.745454545454546147e-02,4.095818181818181984e+03,1.197575757575757507e+02,2.031793939393939397e+01,3.243152727272727589e+03,1.565900000000000070e+00,-8.863003030303030982e+02,-2.183789696969697161e+03,2.078242424242424136e+01,4.203127272727273045e+00,1.162139393939393806e+00,1.227951515151515196e+03,1.111230303030303013e+00,1.590083030303030220e+01,2.937181818181818227e-01,2.130196969696969589e+00,5.203363636363635969e+00,4.549000000000000266e-01
1.131126572895512911e-01,1.120259722460043017e-01,1.018546464646464589e+00,3.750000000000000000e+00,9.920202020202019411e-02,6.857878787878787796e-02,4.164081818181818562e+03,1.217535353535353551e+02,2.031183838383838491e+01,3.243080606060605987e+03,1.565466666666666562e+00,-8.864974747474747119e+02,-2.183955858585858550e+03,2.078246464646464631e+01,4.203072727272727072e+00,1.162138383838383637e+00,1.227937373737373719e+03,1.111214141414141432e+00,1.590054747474747465e+01,2.937151515151515402e-01,2.130191919191918970e+00,5.203269696969696767e+00,4.549000000000000266e-01
1.131126572895512911e-01,1.138624635942994540e-01,1.018850505050505006e+00,3.750000000000000000e+00,1.008282828282828225e-01,6.970303030303030833e-02,4.232345454545454231e+03,1.237494949494949452e+02,2.030573737373737231e+01,3.243008484848484841e+03,1.565033333333333276e+00,-8.866946464646464392e+02,-2.184122020202020394e+03,2.078250505050505126e+01,4.203018181818181986e+00,1.162137373737373691e+00,1.227923232323232469e+03,1.111197979797979851e+00,1.590026464646464532e+01,2.937121212121212022e-01,2.130186868686868795e+00,5.203175757575757565e+00,4.549000000000000266e-01
1.131126572895512911e-01,1.156989549425946062e-01,1.019154545454545424e+00,3.750000000000000000e+00,1.024545454545454509e-01,7.082727272727272483e-02,4.300609090909090810e+03,1.257454545454545496e+02,2.029963636363636326e+01,3.242936363636363694e+03,1.564599999999999991e+00,-8.868918181818181665e+02,-2.184288181818181783e+03,2.078254545454545266e+01,4.202963636363636013e+00,1.162136363636363523e+00,1.227909090909090992e+03,1.111181818181818270e+00,1.589998181818181777e+01,2.937090909090909197e-01,2.130181818181818176e+00,5.203081818181818363e+00,4.549000000000000266e-01
1.131126572895512911e-01,1.175354462908897585e-01,1.019458585858585842e+00,3.750000000000000000e+00,1.040808080808080793e-01,7.195151515151515520e-02,4.368872727272727388e+03,1.277414141414141397e+02,2.029353535353535420e+01,3.242864242424242548e+03,1.564166666666666705e+00,-8.870889898989898938e+02,-2.184454343434343627e+03,2.078258585858585761e+01,4.202909090909090928e+00,1.162135353535353355e+00,1.227894949494949515e+03,1.111165656565656690e+00,1.589969898989898844e+01,2.937060606060606371e-01,2.130176767676767557e+00,5.202987878787878273e+00,4.549000000000000266e-01
1.131126572895512911e-01,1.193719376391849107e-01,1.019762626262626259e+00,3.750000000000000000e+00,1.057070707070707077e-01,7.307575757575758557e-02,4.437136363636363967e+03,1.297373737373737299e+02,2.028743434343434160e+01,3.242792121212121401e+03,1.563733333333333420e+00,-8.872861616161616212e+02,-2.184620505050505017e+03,2.078262626262626256e+01,4.202854545454544954e+00,1.162134343434343409e+00,1.227880808080808038e+03,1.111149494949494887e+00,1.589941616161616089e+01,2.937030303030302991e-01,2.130171717171716939e+00,5.202893939393939071e+00,4.549000000000000266e-01
1.131126572895512911e-01,1.212084289874800630e-01,1.020066666666666677e+00,3.750000000000000000e+00,1.073333333333333361e-01,7.420000000000000207e-02,4.505400000000000546e+03,1.317333333333333201e+02,2.028133333333333255e+01,3.242720000000000255e+03,1.563299999999999912e+00,-8.874833333333333485e+02,-2.184786666666666861e+03,2.078266666666666751e+01,4.202799999999999869e+00,1.162133333333333240e+00,1.227866666666666788e+03,1.111133333333333306e+00,1.589913333333333334e+01,2.937000000000000166e-01,2.130166666666666764e+00,5.202799999999999869e+00,4.549000000000000266e-01
1.131126572895512911e-01,1.230449203357752153e-01,1.020370707070707095e+00,3.750000000000000000e+00,1.089595959595959646e-01,7.532424242424243244e-02,4.573663636363636215e+03,1.337292929292929387e+02,2.027523232323232349e+01,3.242647878787879108e+03,1.562866666666666626e+00,-8.876805050505050758e+02,-2.184952828282828250e+03,2.078270707070706891e+01,4.202745454545454784e+00,1.162132323232323072e+00,1.227852525252525311e+03,1.111117171717171725e+00,1.589885050505050401e+01,2.936969696969697341e-01,2.130161616161616145e+00,5.202706060606060667e+00,4.549000000000000266e-01
1.131126572895512911e-01,1.248814116840703675e-01,1.020674747474747512e+00,3.750000000000000000e+00,1.105858585858585791e-01,7.644848484848484893e-02,4.641927272727272793e+03,1.357252525252525288e+02,2.026913131313131089e+01,3.242575757575757507e+03,1.562433333333333341e+00,-8.878776767676768031e+02,-2.185118989898990094e+03,2.078274747474747386e+01,4.202690909090908811e+00,1.162131313131313126e+00,1.227838383838383834e+03,1.111101010101010145e+00,1.589856767676767646e+01,2.936939393939393961e-01,2.130156565656565526e+00,5.202612121212121465e+00,4.549000000000000266e-01
1.131126572895512911e-01,1.267179030323655198e-01,1.020978787878787930e+00,3.750000000000000000e+00,1.122121212121212075e-01,7.757272727272727930e-02,4.710190909090909372e+03,1.377212121212121190e+02,2.026303030303030184e+01,3.242503636363636360e+03,1.562000000000000055e+00,-8.880748484848485305e+02,-2.185285151515151483e+03,2.078278787878787881e+01,4.202636363636363726e+00,1.162130303030302958e+00,1.227824242424242584e+03,1.111084848484848564e+00,1.589828484848484713e+01,2.936909090909091136e-01,2.130151515151514907e+00,5.202518181818181375e+00,4.549000000000000266e-01
1.131126572895512911e-01,1.285543943806606859e-01,1.021282828282828348e+00,3.750000000000000000e+00,1.138383838383838359e-01,7.869696969696969580e-02,4.778454545454545951e+03,1.397171717171717091e+02,2.025692929292929279e+01,3.242431515151515214e+03,1.561566666666666547e+00,-8.882720202020202578e+02,-2.185451313131313327e+03,2.078282828282828376e+01,4.202581818181817752e+00,1.162129292929292790e+00,1.227810101010101107e+03,1.111068686868686983e+00,1.589800202020201958e+01,2.936878787878788311e-01,2.130146464646464732e+00,5.202424242424242173e+00,4.549000000000000266e-01
1.131126572895512911e-01,1.303908857289558243e-01,1.021586868686868765e+00,3.750000000000000000e+00,1.154646464646464643e-01,7.982121212121212617e-02,4.846718181818181620e+03,1.417131313131312993e+02,2.025082828282828018e+01,3.242359393939394067e+03,1.561133333333333262e+00,-8.884691919191919851e+02,-2.185617474747474716e+03,2.078286868686868516e+01,4.202527272727272667e+00,1.162128282828282844e+00,1.227795959595959630e+03,1.111052525252525403e+00,1.589771919191919203e+01,2.936848484848484930e-01,2.130141414141414113e+00,5.202330303030302971e+00,4.549000000000000266e-01
1.131126572895512911e-01,1.322273770772509904e-01,1.021890909090909183e+00,3.750000000000000000e+00,1.170909090909090927e-01,8.094545454545454266e-02,4.914981818181818198e+03,1.437090909090909179e+02,2.024472727272727113e+01,3.242287272727272921e+03,1.560699999999999976e+00,-8.886663636363635987e+02,-2.185783636363636560e+03,2.078290909090909011e+01,4.202472727272726694e+00,1.162127272727272675e+00,1.227781818181818153e+03,1.111036363636363600e+00,1.589743636363636270e+01,2.936818181818182105e-01,2.130136363636363495e+00,5.202236363636363770e+00,4.549000000000000266e-01
1.131126572895512911e-01,1.340638684255461288e-01,1.022194949494949601e+00,3.750000000000000000e+00,1.187171717171717211e-01,8.206969696969697303e-02,4.983245454545454777e+03,1.457050505050505080e+02,2.023862626262626208e+01,3.242215151515151774e+03,1.560266666666666691e+00,-8.888635353535353261e+02,-2.185949797979797950e+03,2.078294949494949506e+01,4.202418181818181608e+00,1.162126262626262507e+00,1.227767676767676903e+03,1.111020202020202019e+00,1.589715353535353515e+01,2.936787878787878725e-01,2.130131313131312876e+00,5.202142424242424568e+00,4.549000000000000266e-01
1.131126572895512911e-01,1.359003597738412950e-01,1.022498989898990018e+00,3.750000000000000000e+00,1.203434343434343357e-01,8.319393939393940340e-02,5.051509090909091356e+03,1.477010101010100982e+02,2.023252525252525302e+01,3.242143030303030628e+03,1.559833333333333405e+00,-8.890607070707070534e+02,-2.186115959595959794e+03,2.078298989898990001e+01,4.202363636363636523e+00,1.162125252525252339e+00,1.227753535353535426e+03,1.111004040404040438e+00,1.589687070707070582e+01,2.936757575757575900e-01,2.130126262626262701e+00,5.202048484848484478e+00,4.549000000000000266e-01
1.131126572895512911e-01,1.377368511221364333e-01,1.022803030303030214e+00,3.750000000000000000e+00,1.219696969696969641e-01,8.431818181818181990e-02,5.119772727272727025e+03,1.496969696969696884e+02,2.022642424242424042e+01,3.242070909090909026e+03,1.559399999999999897e+00,-8.892578787878787807e+02,-2.186282121212121183e+03,2.078303030303030141e+01,4.202309090909090550e+00,1.162124242424242393e+00,1.227739393939393949e+03,1.110987878787878858e+00,1.589658787878787827e+01,2.936727272727273075e-01,2.130121212121212082e+00,5.201954545454545276e+00,4.549000000000000266e-01
1.131126572895512911e-01,1.395733424704315995e-01,1.023107070707070632e+00,3.750000000000000000e+00,1.235959595959595925e-01,8.544242424242425027e-02,5.188036363636363603e+03,1.516929292929292785e+02,2.022032323232323137e+01,3.241998787878787880e+03,1.558966666666666612e+00,-8.894550505050505080e+02,-2.186448282828283027e+03,2.078307070707070636e+01,4.202254545454545465e+00,1.162123232323232225e+00,1.227725252525252472e+03,1.110971717171717277e+00,1.589630505050505072e+01,2.936696969696969695e-01,2.130116161616161463e+00,5.201860606060606074e+00,4.549000000000000266e-01
1.131126572895512911e-01,1.414098338187267379e-01,1.023411111111111049e+00,3.750000000000000000e+00,1.252222222222222070e-01,8.656666666666666676e-02,5.256300000000000182e+03,1.536888888888888971e+02,2.021422222222222231e+01,3.241926666666666733e+03,1.558533333333333326e+00,-8.896522222222222354e+02,-2.186614444444444416e+03,2.078311111111111131e+01,4.202199999999999491e+00,1.162122222222222057e+00,1.227711111111111222e+03,1.110955555555555696e+00,1.589602222222222139e+01,2.936666666666666869e-01,2.130111111111110844e+00,5.201766666666666872e+00,4.549000000000000266e-01
1.131126572895512911e-01,1.432463251670219040e-01,1.023715151515151467e+00,3.750000000000000000e+00,1.268484848484848493e-01,8.769090909090909713e-02,5.324563636363636761e+03,1.556848484848484873e+02,2.020812121212120971e+01,3.241854545454545587e+03,1.558100000000000041e+00,-8.898493939393939627e+02,-2.186780606060606260e+03,2.078315151515151626e+01,4.202145454545454406e+00,1.162121212121212110e+00,1.227696969696969745e+03,1.110939393939393893e+00,1.589573939393939384e+01,2.936636363636364044e-01,2.130106060606060669e+00,5.201672727272726782e+00,4.549000000000000266e-01
1.131126572895512911e-01,1.450828165153170424e-01,1.024019191919191885e+00,3.750000000000000000e+00,1.284747474747474638e-01,8.881515151515151363e-02,5.392827272727272430e+03,1.576808080808080774e+02,2.020202020202020066e+01,3.241782424242424440e+03,1.557666666666666533e+00,-8.900465656565656900e+02,-2.186946767676767649e+03,2.078319191919191766e+01,4.202090909090908433e+00,1.162120202020201942e+00,1.227682828282828268e+03,1.110923232323232313e+00,1.589545656565656451e+01,2.936606060606060664e-01,2.130101010101010051e+00,5.201578787878787580e+00,4.549000000000000266e-01
1.131126572895512911e-01,1.469193078636122085e-01,1.024323232323232302e+00,3.750000000000000000e+00,1.301010101010101061e-01,8.993939393939394400e-02,5.461090909090909008e+03,1.596767676767676676e+02,2.019591919191919160e+01,3.241710303030303294e+03,1.557233333333333247e+00,-8.902437373737374173e+02,-2.187112929292929493e+03,2.078323232323232261e+01,4.202036363636363347e+00,1.162119191919191774e+00,1.227668686868687018e+03,1.110907070707070732e+00,1.589517373737373696e+01,2.936575757575757839e-01,2.130095959595959432e+00,5.201484848484848378e+00,4.549000000000000266e-01
1.131126572895512911e-01,1.487557992119073469e-01,1.024627272727272720e+00,3.750000000000000000e+00,1.317272727272727206e-01,9.106363636363637437e-02,5.529354545454545587e+03,1.616727272727272577e+02,2.018981818181817900e+01,3.241638181818182147e+03,1.556799999999999962e+00,-8.904409090909091447e+02,-2.187279090909090883e+03,2.078327272727272756e+01,4.201981818181818262e+00,1.162118181818181828e+00,1.227654545454545541e+03,1.110890909090909151e+00,1.589489090909090763e+01,2.936545454545455014e-01,2.130090909090908813e+00,5.201390909090909176e+00,4.549000000000000266e-01
1.131126572895512911e-01,1.505922905602025130e-01,1.024931313131313138e+00,3.750000000000000000e+00,1.333535353535353629e-01,9.218787878787879086e-02,5.597618181818182165e+03,1.636686868686868763e+02,2.018371717171716995e+01,3.241566060606060546e+03,1.556366666666666676e+00,-8.906380808080808720e+02,-2.187445252525252727e+03,2.078331313131312896e+01,4.201927272727272289e+00,1.162117171717171660e+00,1.227640404040404064e+03,1.110874747474747570e+00,1.589460808080808008e+01,2.936515151515151634e-01,2.130085858585858638e+00,5.201296969696969974e+00,4.549000000000000266e-01
1.131126572895512911e-01,1.524287819084976514e-01,1.025235353535353555e+00,3.750000000000000000e+00,1.349797979797979774e-01,9.331212121212122124e-02,5.665881818181818744e+03,1.656646464646464665e+02,2.017761616161616089e+01,3.241493939393939399e+03,1.555933333333333390e+00,-8.908352525252524856e+02,-2.187611414141414116e+03,2.078335353535353391e+01,4.201872727272727204e+00,1.162116161616161492e+00,1.227626262626262587e+03,1.110858585858585990e+00,1.589432525252525252e+01,2.936484848484848809e-01,2.130080808080808019e+00,5.201203030303029884e+00,4.549000000000000266e-01
1.131126572895512911e-01,1.542652732567928175e-01,1.025539393939393973e+00,3.750000000000000000e+00,1.366060606060605920e-01,9.443636363636363773e-02,5.734145454545454413e+03,1.676606060606060566e+02,2.017151515151515184e+01,3.241421818181818253e+03,1.555499999999999883e+00,-8.910324242424242129e+02,-2.187777575757575960e+03,2.078339393939393887e+01,4.201818181818181230e+00,1.162115151515151323e+00,1.227612121212121338e+03,1.110842424242424187e+00,1.589404242424242319e+01,2.936454545454545428e-01,2.130075757575757400e+00,5.201109090909090682e+00,4.549000000000000266e-01
1.131126572895512911e-01,1.561017646050879559e-01,1.025843434343434390e+00,3.750000000000000000e+00,1.382323232323232343e-01,9.556060606060606810e-02,5.802409090909090992e+03,1.696565656565656468e+02,2.016541414141413924e+01,3.241349696969697106e+03,1.555066666666666597e+00,-8.912295959595959403e+02,-2.187943737373737349e+03,2.078343434343434382e+01,4.201763636363636145e+00,1.162114141414141377e+00,1.227597979797979860e+03,1.110826262626262606e+00,1.589375959595959564e+01,2.936424242424242603e-01,2.130070707070706781e+00,5.201015151515151480e+00,4.549000000000000266e-01
1.131126572895512911e-01,1.579382559533831221e-01,1.026147474747474808e+00,3.750000000000000000e+00,1.398585858585858488e-01,9.668484848484848460e-02,5.870672727272727570e+03,1.716525252525252370e+02,2.015931313131313019e+01,3.241277575757575960e+03,1.554633333333333312e+00,-8.914267676767676676e+02,-2.188109898989899193e+03,2.078347474747474521e+01,4.201709090909091060e+00,1.162113131313131209e+00,1.227583838383838383e+03,1.110810101010101025e+00,1.589347676767676631e+01,2.936393939393939778e-01,2.130065656565656607e+00,5.200921212121212278e+00,4.549000000000000266e-01
1.131126572895512911e-01,1.597747473016782604e-01,1.026451515151515226e+00,3.750000000000000000e+00,1.414848484848484911e-01,9.780909090909091497e-02,5.938936363636364149e+03,1.736484848484848555e+02,2.015321212121212113e+01,3.241205454545454813e+03,1.554200000000000026e+00,-8.916239393939393949e+02,-2.188276060606060582e+03,2.078351515151515017e+01,4.201654545454545087e+00,1.162112121212121041e+00,1.227569696969697134e+03,1.110793939393939445e+00,1.589319393939393876e+01,2.936363636363636398e-01,2.130060606060605988e+00,5.200827272727273076e+00,4.549000000000000266e-01
1.131126572895512911e-01,1.616112386499734266e-01,1.026755555555555643e+00,3.750000000000000000e+00,1.431111111111111056e-01,9.893333333333334534e-02,6.007199999999999818e+03,1.756444444444444457e+02,2.014711111111110853e+01,3.241133333333333667e+03,1.553766666666666518e+00,-8.918211111111111222e+02,-2.188442222222222426e+03,2.078355555555555512e+01,4.201600000000000001e+00,1.162111111111111095e+00,1.227555555555555657e+03,1.110777777777777864e+00,1.589291111111111121e+01,2.936333333333333573e-01,2.130055555555555369e+00,5.200733333333332986e+00,4.549000000000000266e-01
1.131126572895512911e-01,1.634477299982685650e-01,1.027059595959596061e+00,3.750000000000000000e+00,1.447373737373737479e-01,1.000575757575757618e-01,6.075463636363636397e+03,1.776404040404040359e+02,2.014101010101009948e+01,3.241061212121212066e+03,1.553333333333333233e+00,-8.920182828282828496e+02,-2.188608383838383816e+03,2.078359595959596007e+01,4.201545454545454028e+00,1.162110101010100927e+00,1.227541414141414180e+03,1.110761616161616283e+00,1.589262828282828188e+01,2.936303030303030748e-01,2.130050505050504750e+00,5.200639393939393784e+00,4.549000000000000266e-01
1.131126572895512911e-01,1.652842213465637311e-01,1.027363636363636479e+00,3.750000000000000000e+00,1.463636363636363624e-01,1.011818181818181922e-01,6.143727272727272975e+03,1.796363636363636260e+02,2.013490909090909042e+01,3.240989090909090919e+03,1.552899999999999947e+00,-8.922154545454545769e+02,-2.188774545454545660e+03,2.078363636363636147e+01,4.201490909090908943e+00,1.162109090909090758e+00,1.227527272727272702e+03,1.110745454545454480e+00,1.589234545454545433e+01,2.936272727272727368e-01,2.130045454545454575e+00,5.200545454545454582e+00,4.549000000000000266e-01
1.131126572895512911e-01,1.671207126948588695e-01,1.027667676767676674e+00,3.750000000000000000e+00,1.479898989898989770e-01,1.023060606060606087e-01,6.211990909090909554e+03,1.816323232323232162e+02,2.012880808080807782e+01,3.240916969696969772e+03,1.552466666666666661e+00,-8.924126262626263042e+02,-2.188940707070707049e+03,2.078367676767676642e+01,4.201436363636362969e+00,1.162108080808080812e+00,1.227513131313131453e+03,1.110729292929292900e+00,1.589206262626262500e+01,2.936242424242424542e-01,2.130040404040403956e+00,5.200451515151515380e+00,4.549000000000000266e-01
1.131126572895512911e-01,1.689572040431540356e-01,1.027971717171717092e+00,3.750000000000000000e+00,1.496161616161616192e-01,1.034303030303030391e-01,6.280254545454545223e+03,1.836282828282828348e+02,2.012270707070706877e+01,3.240844848484848626e+03,1.552033333333333376e+00,-8.926097979797980315e+02,-2.189106868686868893e+03,2.078371717171717137e+01,4.201381818181817884e+00,1.162107070707070644e+00,1.227498989898989976e+03,1.110713131313131319e+00,1.589177979797979745e+01,2.936212121212121717e-01,2.130035353535353337e+00,5.200357575757575290e+00,4.549000000000000266e-01
1.131126572895512911e-01,1.707936953914491740e-01,1.028275757575757510e+00,3.750000000000000000e+00,1.512424242424242338e-01,1.045545454545454556e-01,6.348518181818181802e+03,1.856242424242424249e+02,2.011660606060605971e+01,3.240772727272727479e+03,1.551599999999999868e+00,-8.928069696969697588e+02,-2.189273030303030282e+03,2.078375757575757632e+01,4.201327272727272799e+00,1.162106060606060476e+00,1.227484848484848499e+03,1.110696969696969738e+00,1.589149696969696812e+01,2.936181818181818337e-01,2.130030303030302719e+00,5.200263636363636088e+00,4.549000000000000266e-01
1.131126572895512911e-01,1.726301867397443401e-01,1.028579797979797927e+00,3.750000000000000000e+00,1.528686868686868761e-01,1.056787878787878859e-01,6.416781818181818380e+03,1.876202020202020151e+02,2.011050505050505066e+01,3.240700606060606333e+03,1.551166666666666583e+00,-8.930041414141413725e+02,-2.189439191919192126e+03,2.078379797979797772e+01,4.201272727272726826e+00,1.162105050505050308e+00,1.227470707070707249e+03,1.110680808080808157e+00,1.589121414141414057e+01,2.936151515151515512e-01,2.130025252525252544e+00,5.200169696969696886e+00,4.549000000000000266e-01
1.131126572895512911e-01,1.744666780880394785e-01,1.028883838383838345e+00,3.750000000000000000e+00,1.544949494949494906e-01,1.068030303030303024e-01,6.485045454545454959e+03,1.896161616161616053e+02,2.010440404040403806e+01,3.240628484848485186e+03,1.550733333333333297e+00,-8.932013131313130998e+02,-2.189605353535353515e+03,2.078383838383838267e+01,4.201218181818181741e+00,1.162104040404040362e+00,1.227456565656565772e+03,1.110664646464646577e+00,1.589093131313131302e+01,2.936121212121212132e-01,2.130020202020201925e+00,5.200075757575757684e+00,4.549000000000000266e-01
1.131126572895512911e-01,1.763031694363346447e-01,1.029187878787878763e+00,3.750000000000000000e+00,1.561212121212121051e-01,1.079272727272727328e-01,6.553309090909091537e+03,1.916121212121212238e+02,2.009830303030302900e+01,3.240556363636363585e+03,1.550300000000000011e+00,-8.933984848484848271e+02,-2.189771515151515359e+03,2.078387878787878762e+01,4.201163636363635767e+00,1.162103030303030193e+00,1.227442424242424295e+03,1.110648484848484774e+00,1.589064848484848369e+01,2.936090909090909307e-01,2.130015151515151306e+00,5.199981818181818483e+00,4.549000000000000266e-01
1.131126572895512911e-01,1.781396607846297830e-01,1.029491919191919180e+00,3.750000000000000000e+00,1.577474747474747474e-01,1.090515151515151632e-01,6.621572727272727207e+03,1.936080808080808140e+02,2.009220202020201995e+01,3.240484242424242439e+03,1.549866666666666504e+00,-8.935956565656565544e+02,-2.189937676767676749e+03,2.078391919191919257e+01,4.201109090909090682e+00,1.162102020202020025e+00,1.227428282828282818e+03,1.110632323232323193e+00,1.589036565656565614e+01,2.936060606060606482e-01,2.130010101010100687e+00,5.199887878787878392e+00,4.549000000000000266e-01
1.131126572895512911e-01,1.799761521329249492e-01,1.029795959595959598e+00,3.750000000000000000e+00,1.593737373737373619e-01,1.101757575757575797e-01,6.689836363636363785e+03,1.956040404040404042e+02,2.008610101010100735e+01,3.240412121212121292e+03,1.549433333333333218e+00,-8.937928282828282818e+02,-2.190103838383838593e+03,2.078395959595959397e+01,4.201054545454544709e+00,1.162101010101010079e+00,1.227414141414141568e+03,1.110616161616161612e+00,1.589008282828282681e+01,2.936030303030303101e-01,2.130005050505050512e+00,5.199793939393939191e+00,4.549000000000000266e-01
1.131126572895512911e-01,1.818126434812200876e-01,1.030100000000000016e+00,3.750000000000000000e+00,1.610000000000000042e-01,1.112999999999999962e-01,6.758100000000000364e+03,1.975999999999999943e+02,2.007999999999999829e+01,3.240340000000000146e+03,1.548999999999999932e+00,-8.939900000000000091e+02,-2.190269999999999982e+03,2.078399999999999892e+01,4.200999999999999623e+00,1.162099999999999911e+00,1.227400000000000091e+03,1.110600000000000032e+00,1.588979999999999926e+01,2.936000000000000276e-01,2.129999999999999893e+00,5.199699999999999989e+00,4.549000000000000266e-01
1.130593357458371112e-01,1.858171631041585781e-01,1.030100000000000016e+00,3.746500000000000163e+00,1.610000000000000042e-01,1.113999999999999990e-01,6.751899999999999636e+03,1.978000000000000114e+02,2.007900000000000063e+01,3.240329999999999927e+03,1.548999999999999932e+00,-8.940199999999999818e+02,-2.190300000000000182e+03,2.078399999999999892e+01,4.200899999999999856e+00,1.162099999999999911e+00,1.227400000000000091e+03,1.110600000000000032e+00,1.588959999999999972e+01,2.936000000000000276e-01,2.129999999999999893e+00,5.199699999999999989e+00,4.549000000000000266e-01
1.128992575278505023e-01,1.898216827270970686e-01,1.030200000000000005e+00,3.735899999999999999e+00,1.620000000000000051e-01,1.116999999999999937e-01,6.733399999999999636e+03,1.984000000000000057e+02,2.007700000000000173e+01,3.240300000000000182e+03,1.548899999999999944e+00,-8.941399999999999864e+02,-2.190400000000000091e+03,2.078399999999999892e+01,4.200800000000000090e+00,1.162099999999999911e+00,1.227400000000000091e+03,1.110500000000000043e+00,1.588920000000000066e+01,2.936000000000000276e-01,2.129999999999999893e+00,5.199699999999999989e+00,4.549000000000000266e-01
1.126320806617846365e-01,1.938262023500355591e-01,1.030399999999999983e+00,3.718199999999999950e+00,1.620000000000000051e-01,1.121999999999999942e-01,6.702500000000000000e+03,1.993000000000000114e+02,2.007400000000000162e+01,3.240239999999999782e+03,1.548699999999999966e+00,-8.943300000000000409e+02,-2.190559999999999945e+03,2.078399999999999892e+01,4.200700000000000323e+00,1.162199999999999900e+00,1.227400000000000091e+03,1.110500000000000043e+00,1.588850000000000051e+01,2.936000000000000276e-01,2.129999999999999893e+00,5.199600000000000222e+00,4.549000000000000266e-01
1.122572311166770559e-01,1.978307219729740496e-01,1.030599999999999961e+00,3.693499999999999783e+00,1.640000000000000069e-01,1.130000000000000032e-01,6.659300000000000182e+03,2.006999999999999886e+02,2.007000000000000028e+01,3.240150000000000091e+03,1.548399999999999999e+00,-8.946100000000000136e+02,-2.190800000000000182e+03,2.078399999999999892e+01,4.200499999999999901e+00,1.162199999999999900e+00,1.227299999999999955e+03,1.110500000000000043e+00,1.588739999999999952e+01,2.936000000000000276e-01,2.129999999999999893e+00,5.199499999999999567e+00,4.549000000000000266e-01
1.117738965848162208e-01,2.018352415959125401e-01,1.030899999999999928e+00,3.661799999999999944e+00,1.650000000000000078e-01,1.140000000000000041e-01,6.603800000000000182e+03,2.025000000000000000e+02,2.006400000000000006e+01,3.240050000000000182e+03,1.548000000000000043e+00,-8.949700000000000273e+02,-2.191110000000000127e+03,2.078399999999999892e+01,4.200199999999999712e+00,1.162199999999999900e+00,1.227299999999999955e+03,1.110500000000000043e+00,1.588599999999999923e+01,2.936000000000000276e-01,2.129999999999999893e+00,5.199300000000000033e+00,4.549000000000000266e-01
1.111810175539239692e-01,2.058397612188510306e-01,1.031300000000000106e+00,3.623000000000000220e+00,1.670000000000000095e-01,1.152999999999999997e-01,6.536100000000000364e+03,2.046999999999999886e+02,2.005699999999999861e+01,3.239909999999999854e+03,1.547500000000000098e+00,-8.954199999999999591e+02,-2.191500000000000000e+03,2.078399999999999892e+01,4.199799999999999756e+00,1.162199999999999900e+00,1.227299999999999955e+03,1.110500000000000043e+00,1.588429999999999964e+01,2.936000000000000276e-01,2.129999999999999893e+00,5.199099999999999611e+00,4.549000000000000266e-01
1.104772754385651840e-01,2.098442808417895211e-01,1.031700000000000061e+00,3.577300000000000146e+00,1.690000000000000113e-01,1.168000000000000010e-01,6.456199999999999818e+03,2.074000000000000057e+02,2.004899999999999949e+01,3.239739999999999782e+03,1.546999999999999931e+00,-8.959700000000000273e+02,-2.191980000000000018e+03,2.078500000000000014e+01,4.199399999999999800e+00,1.162199999999999900e+00,1.227299999999999955e+03,1.110400000000000054e+00,1.588209999999999944e+01,2.936000000000000276e-01,2.129999999999999893e+00,5.198900000000000077e+00,4.549000000000000266e-01
1.096610774534220317e-01,2.138488004647279839e-01,1.032200000000000006e+00,3.524599999999999955e+00,1.719999999999999862e-01,1.185999999999999971e-01,6.364199999999999818e+03,2.105999999999999943e+02,2.003800000000000026e+01,3.239539999999999964e+03,1.546300000000000008e+00,-8.966399999999999864e+02,-2.192550000000000182e+03,2.078500000000000014e+01,4.198800000000000310e+00,1.162199999999999900e+00,1.227200000000000045e+03,1.110400000000000054e+00,1.587959999999999994e+01,2.936000000000000276e-01,2.129999999999999893e+00,5.198599999999999888e+00,4.549000000000000266e-01
1.087305378106180748e-01,2.178533200876665021e-01,1.032899999999999929e+00,3.465100000000000069e+00,1.749999999999999889e-01,1.207000000000000017e-01,6.260300000000000182e+03,2.143000000000000114e+02,2.002599999999999980e+01,3.239300000000000182e+03,1.545500000000000096e+00,-8.974299999999999500e+02,-2.193230000000000018e+03,2.078500000000000014e+01,4.198199999999999932e+00,1.162199999999999900e+00,1.227200000000000045e+03,1.110300000000000065e+00,1.587650000000000006e+01,2.936000000000000276e-01,2.129999999999999893e+00,5.198299999999999699e+00,4.549000000000000266e-01
1.076834547013954396e-01,2.218578397106049649e-01,1.033600000000000074e+00,3.398699999999999832e+00,1.779999999999999916e-01,1.231000000000000011e-01,6.144500000000000000e+03,2.185999999999999943e+02,2.001200000000000045e+01,3.239010000000000218e+03,1.544499999999999984e+00,-8.983700000000000045e+02,-2.194039999999999964e+03,2.078500000000000014e+01,4.197499999999999787e+00,1.162199999999999900e+00,1.227099999999999909e+03,1.110200000000000076e+00,1.587289999999999957e+01,2.936000000000000276e-01,2.129900000000000126e+00,5.197799999999999976e+00,4.549000000000000266e-01
1.065172823715675871e-01,2.258623593335434554e-01,1.034499999999999975e+00,3.325400000000000134e+00,1.819999999999999951e-01,1.259000000000000119e-01,6.016899999999999636e+03,2.235999999999999943e+02,1.999500000000000099e+01,3.238679999999999836e+03,1.543400000000000105e+00,-8.994700000000000273e+02,-2.194989999999999782e+03,2.078600000000000136e+01,4.196600000000000108e+00,1.162199999999999900e+00,1.227000000000000000e+03,1.110200000000000076e+00,1.586870000000000047e+01,2.936000000000000276e-01,2.129900000000000126e+00,5.197400000000000020e+00,4.550000000000000155e-01
1.052290974101755400e-01,2.298668789564819459e-01,1.035500000000000087e+00,3.245499999999999829e+00,1.869999999999999996e-01,1.290999999999999925e-01,5.877699999999999818e+03,2.293000000000000114e+02,1.997500000000000142e+01,3.238289999999999964e+03,1.542100000000000026e+00,-9.007599999999999909e+02,-2.196099999999999909e+03,2.078600000000000136e+01,4.195500000000000007e+00,1.162199999999999900e+00,1.227000000000000000e+03,1.110100000000000087e+00,1.586369999999999969e+01,2.936000000000000276e-01,2.129900000000000126e+00,5.196799999999999642e+00,4.550000000000000155e-01
1.038155581279220502e-01,2.338713985794204364e-01,1.036699999999999955e+00,3.158900000000000041e+00,1.920000000000000040e-01,1.328000000000000014e-01,5.727100000000000364e+03,2.359000000000000057e+02,1.995100000000000051e+01,3.237829999999999927e+03,1.540499999999999980e+00,-9.022799999999999727e+02,-2.197400000000000091e+03,2.078600000000000136e+01,4.194300000000000139e+00,1.162199999999999900e+00,1.226900000000000091e+03,1.110000000000000098e+00,1.585790000000000077e+01,2.936000000000000276e-01,2.129900000000000126e+00,5.196200000000000152e+00,4.550000000000000155e-01
1.022728555872626094e-01,2.378759182023589269e-01,1.038200000000000012e+00,3.065700000000000092e+00,1.980000000000000093e-01,1.370000000000000107e-01,5.565199999999999818e+03,2.433000000000000114e+02,1.992399999999999949e+01,3.237289999999999964e+03,1.538699999999999957e+00,-9.040700000000000500e+02,-2.198940000000000055e+03,2.078699999999999903e+01,4.192899999999999849e+00,1.162199999999999900e+00,1.226799999999999955e+03,1.109799999999999898e+00,1.585100000000000087e+01,2.936000000000000276e-01,2.129799999999999915e+00,5.195400000000000240e+00,4.550000000000000155e-01
1.005966544328939366e-01,2.418804378252974174e-01,1.039900000000000047e+00,2.966000000000000192e+00,2.049999999999999878e-01,1.418000000000000094e-01,5.392399999999999636e+03,2.518000000000000114e+02,1.989099999999999824e+01,3.236650000000000091e+03,1.536499999999999977e+00,-9.061799999999999500e+02,-2.200760000000000218e+03,2.078800000000000026e+01,4.191200000000000259e+00,1.162199999999999900e+00,1.226599999999999909e+03,1.109699999999999909e+00,1.584280000000000044e+01,2.936000000000000276e-01,2.129799999999999915e+00,5.194499999999999673e+00,4.550000000000000155e-01
9.878202112197347062e-02,2.458849574482359079e-01,1.041900000000000048e+00,2.859999999999999876e+00,2.129999999999999949e-01,1.472999999999999865e-01,5.208600000000000364e+03,2.616000000000000227e+02,1.985300000000000153e+01,3.235889999999999873e+03,1.534000000000000030e+00,-9.086900000000000546e+02,-2.202920000000000073e+03,2.078800000000000026e+01,4.189199999999999591e+00,1.162300000000000111e+00,1.226500000000000000e+03,1.109499999999999931e+00,1.583319999999999972e+01,2.936000000000000276e-01,2.129700000000000149e+00,5.193399999999999572e+00,4.550000000000000155e-01
9.682333641313391193e-02,2.498894770711743984e-01,1.044300000000000006e+00,2.747700000000000031e+00,2.230000000000000038e-01,1.535999999999999865e-01,5.014600000000000364e+03,2.728999999999999773e+02,1.980699999999999861e+01,3.234980000000000018e+03,1.530899999999999928e+00,-9.116900000000000546e+02,-2.205500000000000000e+03,2.078900000000000148e+01,4.186799999999999855e+00,1.162300000000000111e+00,1.226299999999999955e+03,1.109299999999999953e+00,1.582160000000000011e+01,2.934999999999999831e-01,2.129700000000000149e+00,5.192099999999999937e+00,4.550000000000000155e-01
9.471418796217172253e-02,2.538939966941128890e-01,1.047199999999999909e+00,2.629300000000000193e+00,2.330000000000000127e-01,1.608999999999999875e-01,4.810500000000000000e+03,2.858000000000000114e+02,1.975100000000000122e+01,3.233880000000000109e+03,1.527199999999999891e+00,-9.153200000000000500e+02,-2.208619999999999891e+03,2.078999999999999915e+01,4.183900000000000396e+00,1.162300000000000111e+00,1.226099999999999909e+03,1.108999999999999986e+00,1.580760000000000076e+01,2.934999999999999831e-01,2.129599999999999937e+00,5.190500000000000114e+00,4.550000000000000155e-01
9.244723747082191079e-02,2.578985163170514072e-01,1.050799999999999956e+00,2.504900000000000126e+00,2.449999999999999956e-01,1.693999999999999950e-01,4.596899999999999636e+03,3.008999999999999773e+02,1.968400000000000105e+01,3.232539999999999964e+03,1.522699999999999942e+00,-9.197400000000000091e+02,-2.212420000000000073e+03,2.079200000000000159e+01,4.180399999999999672e+00,1.162300000000000111e+00,1.225799999999999955e+03,1.108700000000000019e+00,1.579049999999999976e+01,2.934999999999999831e-01,2.129500000000000171e+00,5.188600000000000101e+00,4.550000000000000155e-01
9.001405486202594675e-02,2.619030359399898700e-01,1.055299999999999905e+00,2.374800000000000022e+00,2.600000000000000089e-01,1.794000000000000039e-01,4.374199999999999818e+03,3.186000000000000227e+02,1.960099999999999909e+01,3.230880000000000109e+03,1.517200000000000104e+00,-9.252000000000000455e+02,-2.217130000000000109e+03,2.079299999999999926e+01,4.176000000000000156e+00,1.162400000000000100e+00,1.225400000000000091e+03,1.108300000000000063e+00,1.576939999999999920e+01,2.934999999999999831e-01,2.129399999999999959e+00,5.186200000000000365e+00,4.550000000000000155e-01
8.740490912981026261e-02,2.659075555629283327e-01,1.060899999999999954e+00,2.239100000000000090e+00,2.770000000000000240e-01,1.910999999999999921e-01,4.143100000000000364e+03,3.393999999999999773e+02,1.949699999999999989e+01,3.228789999999999964e+03,1.510299999999999976e+00,-9.320599999999999454e+02,-2.223030000000000200e+03,2.079500000000000171e+01,4.170499999999999652e+00,1.162400000000000100e+00,1.225000000000000000e+03,1.107799999999999896e+00,1.574290000000000056e+01,2.934999999999999831e-01,2.129199999999999982e+00,5.183200000000000252e+00,4.551000000000000045e-01
8.462906273977650884e-02,2.699120751858668510e-01,1.068100000000000049e+00,2.099200000000000177e+00,2.969999999999999862e-01,2.049999999999999878e-01,3.906099999999999909e+03,3.641000000000000227e+02,1.936599999999999966e+01,3.226150000000000091e+03,1.501500000000000057e+00,-9.407599999999999909e+02,-2.230510000000000218e+03,2.079799999999999827e+01,4.163499999999999979e+00,1.162500000000000089e+00,1.224500000000000000e+03,1.107199999999999962e+00,1.570909999999999940e+01,2.933999999999999941e-01,2.129000000000000004e+00,5.179400000000000226e+00,4.551000000000000045e-01
8.182506791288626791e-02,2.739165948088053137e-01,1.076899999999999968e+00,1.962399999999999922e+00,3.210000000000000075e-01,2.209000000000000130e-01,3.676199999999999818e+03,3.923000000000000114e+02,1.920700000000000074e+01,3.222909999999999854e+03,1.490899999999999892e+00,-9.514199999999999591e+02,-2.239670000000000073e+03,2.080099999999999838e+01,4.154899999999999594e+00,1.162600000000000078e+00,1.223799999999999955e+03,1.106400000000000050e+00,1.566779999999999973e+01,2.933999999999999941e-01,2.128800000000000026e+00,5.174800000000000288e+00,4.551000000000000045e-01
7.902107308599604085e-02,2.779211144317438320e-01,1.087900000000000089e+00,1.830200000000000049e+00,3.469999999999999751e-01,2.389000000000000012e-01,3.456000000000000000e+03,4.243000000000000114e+02,1.901300000000000168e+01,3.218929999999999836e+03,1.477899999999999991e+00,-9.644900000000000091e+02,-2.250920000000000073e+03,2.080499999999999972e+01,4.144400000000000084e+00,1.162700000000000067e+00,1.223000000000000000e+03,1.105399999999999938e+00,1.561700000000000088e+01,2.933999999999999941e-01,2.128499999999999837e+00,5.169100000000000250e+00,4.551999999999999935e-01
7.621707825910579992e-02,2.819256340546822948e-01,1.101799999999999891e+00,1.702599999999999891e+00,3.770000000000000018e-01,2.595999999999999974e-01,3.246000000000000000e+03,4.611000000000000227e+02,1.877299999999999969e+01,3.213960000000000036e+03,1.461899999999999977e+00,-9.807799999999999727e+02,-2.264929999999999836e+03,2.080900000000000105e+01,4.131300000000000416e+00,1.162800000000000056e+00,1.222000000000000000e+03,1.104200000000000070e+00,1.555359999999999943e+01,2.933000000000000052e-01,2.128200000000000092e+00,5.161999999999999922e+00,4.552999999999999825e-01
7.342797063397810131e-02,2.859301536776208130e-01,1.119599999999999929e+00,1.580300000000000038e+00,4.129999999999999782e-01,2.836000000000000187e-01,3.047400000000000091e+03,5.036999999999999886e+02,1.847500000000000142e+01,3.207679999999999836e+03,1.441899999999999959e+00,-1.001330000000000041e+03,-2.282599999999999909e+03,2.081500000000000128e+01,4.114600000000000257e+00,1.162900000000000045e+00,1.220700000000000045e+03,1.102700000000000014e+00,1.547330000000000005e+01,2.932000000000000162e-01,2.127699999999999925e+00,5.153100000000000236e+00,4.552999999999999825e-01
7.087764377503889823e-02,2.899346733005592758e-01,1.140800000000000036e+00,1.472399999999999931e+00,4.510000000000000120e-01,3.094000000000000083e-01,2.875300000000000182e+03,5.493999999999999773e+02,1.813100000000000023e+01,3.200309999999999945e+03,1.418800000000000061e+00,-1.025400000000000091e+03,-2.303300000000000182e+03,2.082199999999999918e+01,4.095100000000000406e+00,1.163100000000000023e+00,1.219200000000000045e+03,1.100999999999999979e+00,1.537889999999999979e+01,2.932000000000000162e-01,2.127200000000000202e+00,5.142599999999999838e+00,4.554000000000000270e-01
6.861795314687413327e-02,2.939391929234977940e-01,1.165499999999999980e+00,1.379999999999999893e+00,4.899999999999999911e-01,3.361999999999999988e-01,2.730900000000000091e+03,5.971000000000000227e+02,1.774599999999999866e+01,3.191909999999999854e+03,1.392900000000000027e+00,-1.052730000000000018e+03,-2.326789999999999964e+03,2.082999999999999829e+01,4.072899999999999743e+00,1.163399999999999990e+00,1.217500000000000000e+03,1.098999999999999977e+00,1.527139999999999986e+01,2.931000000000000272e-01,2.126599999999999824e+00,5.130700000000000038e+00,4.555000000000000160e-01
6.662408188231346007e-02,2.979437125464362568e-01,1.194199999999999928e+00,1.300999999999999934e+00,5.320000000000000284e-01,3.640999999999999792e-01,2.610099999999999909e+03,6.467000000000000455e+02,1.732100000000000151e+01,3.182420000000000073e+03,1.364200000000000079e+00,-1.083569999999999936e+03,-2.353300000000000182e+03,2.083899999999999864e+01,4.047799999999999621e+00,1.163599999999999968e+00,1.215500000000000000e+03,1.096700000000000008e+00,1.514949999999999974e+01,2.929999999999999827e-01,2.125900000000000123e+00,5.117200000000000415e+00,4.556000000000000050e-01
6.487643424805199233e-02,3.019482321693747195e-01,1.227300000000000058e+00,1.233600000000000030e+00,5.749999999999999556e-01,3.931000000000000050e-01,2.509800000000000182e+03,6.982000000000000455e+02,1.685399999999999920e+01,3.171710000000000036e+03,1.332500000000000018e+00,-1.118220000000000027e+03,-2.383079999999999927e+03,2.084900000000000020e+01,4.019400000000000084e+00,1.163899999999999935e+00,1.213299999999999955e+03,1.094100000000000072e+00,1.501190000000000069e+01,2.929999999999999827e-01,2.125199999999999978e+00,5.102000000000000313e+00,4.556999999999999940e-01
6.335939293351679213e-02,3.059527517923132378e-01,1.265500000000000069e+00,1.176600000000000090e+00,6.209999999999999964e-01,4.232000000000000206e-01,2.427199999999999818e+03,7.516000000000000227e+02,1.634499999999999886e+01,3.159699999999999818e+03,1.297800000000000065e+00,-1.156920000000000073e+03,-2.416320000000000164e+03,2.085999999999999943e+01,3.987600000000000033e+00,1.164299999999999891e+00,1.210900000000000091e+03,1.091199999999999948e+00,1.485740000000000016e+01,2.928999999999999937e-01,2.124299999999999855e+00,5.084999999999999964e+00,4.559000000000000274e-01
6.206045788946901176e-02,3.099572714152517561e-01,1.309500000000000108e+00,1.128900000000000015e+00,6.680000000000000382e-01,4.542999999999999816e-01,2.360300000000000182e+03,8.067999999999999545e+02,1.579499999999999993e+01,3.146309999999999945e+03,1.260299999999999976e+00,-1.199890000000000100e+03,-2.453219999999999800e+03,2.087199999999999989e+01,3.952199999999999935e+00,1.164700000000000069e+00,1.208200000000000045e+03,1.088000000000000078e+00,1.468490000000000073e+01,2.928000000000000047e-01,2.123299999999999965e+00,5.066099999999999604e+00,4.560000000000000164e-01
6.096963633686118544e-02,3.139617910381902188e-01,1.360100000000000087e+00,1.089499999999999913e+00,7.169999999999999707e-01,4.862000000000000210e-01,2.307199999999999818e+03,8.635000000000000000e+02,1.520800000000000018e+01,3.131460000000000036e+03,1.219899999999999984e+00,-1.247309999999999945e+03,-2.493929999999999836e+03,2.088599999999999923e+01,3.912999999999999812e+00,1.165100000000000025e+00,1.205200000000000045e+03,1.084500000000000020e+00,1.449339999999999939e+01,2.928000000000000047e-01,2.122199999999999864e+00,5.045200000000000351e+00,4.561999999999999944e-01
6.007900407693614331e-02,3.179663106611286816e-01,1.418400000000000105e+00,1.057900000000000063e+00,7.670000000000000151e-01,5.191000000000000059e-01,2.266099999999999909e+03,9.218999999999999773e+02,1.458300000000000018e+01,3.115050000000000182e+03,1.176800000000000068e+00,-1.299450000000000045e+03,-2.538659999999999854e+03,2.089999999999999858e+01,3.869699999999999918e+00,1.165699999999999958e+00,1.201900000000000091e+03,1.080500000000000016e+00,1.428139999999999965e+01,2.928000000000000047e-01,2.120999999999999996e+00,5.022199999999999775e+00,4.562999999999999834e-01
5.938238762526219794e-02,3.219708302840671998e-01,1.485300000000000065e+00,1.033500000000000085e+00,8.189999999999999503e-01,5.527999999999999581e-01,2.235699999999999818e+03,9.817000000000000455e+02,1.392600000000000016e+01,3.097000000000000000e+03,1.131199999999999983e+00,-1.356380000000000109e+03,-2.587489999999999782e+03,2.091600000000000037e+01,3.822400000000000020e+00,1.166299999999999892e+00,1.198299999999999955e+03,1.076200000000000045e+00,1.404840000000000089e+01,2.928000000000000047e-01,2.119600000000000151e+00,4.996900000000000119e+00,4.565000000000000169e-01
5.887513451856259128e-02,3.259753499070057181e-01,1.562100000000000044e+00,1.016000000000000014e+00,8.729999999999999982e-01,5.872000000000000552e-01,2.214900000000000091e+03,1.042799999999999955e+03,1.324099999999999966e+01,3.077269999999999982e+03,1.083299999999999930e+00,-1.418200000000000045e+03,-2.640480000000000018e+03,2.093299999999999983e+01,3.770799999999999930e+00,1.167000000000000037e+00,1.194299999999999955e+03,1.071499999999999897e+00,1.379359999999999964e+01,2.928999999999999937e-01,2.118100000000000094e+00,4.969400000000000261e+00,4.566999999999999948e-01
5.855395039147941183e-02,3.299798695299441809e-01,1.649899999999999922e+00,1.004899999999999904e+00,9.280000000000000471e-01,6.220999999999999863e-01,2.202500000000000000e+03,1.104799999999999955e+03,1.253599999999999959e+01,3.055849999999999909e+03,1.033700000000000063e+00,-1.484809999999999945e+03,-2.697539999999999964e+03,2.095100000000000051e+01,3.715100000000000069e+00,1.167799999999999949e+00,1.190099999999999909e+03,1.066300000000000026e+00,1.351709999999999923e+01,2.931000000000000272e-01,2.116400000000000059e+00,4.939600000000000435e+00,4.568999999999999728e-01
5.841678882000699013e-02,3.339843891528826436e-01,1.750699999999999923e+00,1.000199999999999978e+00,9.849999999999999867e-01,6.575999999999999623e-01,2.197400000000000091e+03,1.167900000000000091e+03,1.181499999999999950e+01,3.032610000000000127e+03,9.825800000000000090e-01,-1.556410000000000082e+03,-2.758829999999999927e+03,2.096999999999999886e+01,3.655199999999999783e+00,1.168700000000000072e+00,1.185500000000000000e+03,1.060699999999999976e+00,1.321780000000000044e+01,2.933000000000000052e-01,2.114599999999999813e+00,4.907399999999999984e+00,4.571000000000000063e-01
5.841112505702654445e-02,3.349806061096841647e-01,1.778899999999999926e+00,1.000000000000000000e+00,1.000000000000000000e+00,6.667999999999999483e-01,2.197199999999999818e+03,1.184200000000000045e+03,1.162700000000000067e+01,3.026340000000000146e+03,9.692300000000000360e-01,-1.575619999999999891e+03,-2.775260000000000218e+03,2.097500000000000142e+01,3.639100000000000001e+00,1.169000000000000039e+00,1.184200000000000045e+03,1.059199999999999919e+00,1.313719999999999999e+01,2.933999999999999941e-01,2.114100000000000090e+00,4.898799999999999599e+00,4.571000000000000063e-01
5.852194256509462428e-02,3.379889087758211619e-01,1.912500000000000089e+00,1.003800000000000026e+00,1.064999999999999947e+00,7.066999999999999948e-01,2.200900000000000091e+03,1.255000000000000000e+03,1.081499999999999950e+01,2.997940000000000055e+03,9.110400000000000720e-01,-1.662029999999999973e+03,-2.849150000000000091e+03,2.099699999999999989e+01,3.566800000000000193e+00,1.170199999999999907e+00,1.178599999999999909e+03,1.052400000000000002e+00,1.277280000000000015e+01,2.938999999999999946e-01,2.111800000000000122e+00,4.859700000000000131e+00,4.572999999999999843e-01
5.901701227618857265e-02,3.419934283987596801e-01,2.125500000000000167e+00,1.020899999999999919e+00,1.153999999999999915e+00,7.603999999999999648e-01,2.216099999999999909e+03,1.350500000000000000e+03,9.731299999999999173e+00,2.956460000000000036e+03,8.324899999999999523e-01,-1.786430000000000064e+03,-2.955369999999999891e+03,2.102899999999999991e+01,3.463200000000000056e+00,1.172099999999999920e+00,1.170500000000000000e+03,1.042399999999999993e+00,1.224399999999999977e+01,2.948000000000000065e-01,2.108400000000000052e+00,4.802900000000000169e+00,4.576000000000000068e-01
5.992342089076701378e-02,3.459979480216981429e-01,2.389600000000000168e+00,1.052499999999999991e+00,1.245999999999999996e+00,8.151000000000000467e-01,2.241199999999999818e+03,1.447500000000000000e+03,8.656100000000000350e+00,2.910369999999999891e+03,7.534100000000000241e-01,-1.922119999999999891e+03,-3.071030000000000200e+03,2.106200000000000117e+01,3.351100000000000190e+00,1.174299999999999899e+00,1.161500000000000000e+03,1.031300000000000106e+00,1.166319999999999979e+01,2.963000000000000078e-01,2.104499999999999815e+00,4.740300000000000402e+00,4.577999999999999847e-01
6.127056993079365438e-02,3.500024676446366056e-01,2.721000000000000085e+00,1.100300000000000056e+00,1.342999999999999972e+00,8.706000000000000405e-01,2.275000000000000000e+03,1.546299999999999955e+03,7.601700000000000124e+00,2.859099999999999909e+03,6.746100000000000430e-01,-2.069909999999999854e+03,-3.196739999999999782e+03,2.109600000000000009e+01,3.230900000000000105e+00,1.177000000000000046e+00,1.151599999999999909e+03,1.018899999999999917e+00,1.102800000000000047e+01,2.984999999999999876e-01,2.100000000000000089e+00,4.671299999999999564e+00,4.580000000000000182e-01
6.310764307038425891e-02,3.540069872675750684e-01,3.141700000000000159e+00,1.167300000000000004e+00,1.443000000000000060e+00,9.272000000000000242e-01,2.316199999999999818e+03,1.646599999999999909e+03,6.583700000000000330e+00,2.802139999999999873e+03,5.971400000000000041e-01,-2.230179999999999836e+03,-3.332730000000000018e+03,2.113100000000000023e+01,3.103400000000000158e+00,1.180199999999999916e+00,1.140700000000000045e+03,1.005100000000000104e+00,1.033980000000000032e+01,3.017000000000000237e-01,2.094800000000000217e+00,4.595299999999999940e+00,4.581999999999999962e-01
6.551446678036984550e-02,3.580115068905135867e-01,3.686599999999999877e+00,1.258000000000000007e+00,1.550000000000000044e+00,9.848999999999999977e-01,2.364199999999999818e+03,1.749200000000000045e+03,5.610699999999999577e+00,2.738539999999999964e+03,5.215800000000000436e-01,-2.404360000000000127e+03,-3.480070000000000164e+03,2.116700000000000159e+01,2.969599999999999795e+00,1.184099999999999930e+00,1.128599999999999909e+03,9.896899999999999586e-01,9.597699999999999676e+00,3.062000000000000277e-01,2.088699999999999779e+00,4.511300000000000310e+00,4.581999999999999962e-01
6.822203597819265219e-02,3.620160265134521049e-01,4.316300000000000026e+00,1.364100000000000090e+00,1.649999999999999911e+00,1.037500000000000089e+00,2.412099999999999909e+03,1.842500000000000000e+03,4.792099999999999582e+00,2.675579999999999927e+03,4.566399999999999904e-01,-2.571929999999999836e+03,-3.621349999999999909e+03,2.119800000000000040e+01,2.846600000000000019e+00,1.188099999999999934e+00,1.116599999999999909e+03,9.743699999999999584e-01,8.895699999999999719e+00,3.118000000000000216e-01,2.082500000000000018e+00,4.428899999999999615e+00,4.581999999999999962e-01
7.073376531762036457e-02,3.660205461363905677e-01,4.927399999999999558e+00,1.466399999999999926e+00,1.731000000000000094e+00,1.078699999999999992e+00,2.452000000000000000e+03,1.915700000000000045e+03,4.197799999999999976e+00,2.622550000000000182e+03,4.085499999999999687e-01,-2.709420000000000073e+03,-3.736900000000000091e+03,2.122200000000000131e+01,2.750700000000000145e+00,1.191599999999999993e+00,1.106500000000000000e+03,9.614300000000000068e-01,8.333199999999999719e+00,3.174000000000000155e-01,2.077100000000000168e+00,4.360199999999999854e+00,4.580000000000000182e-01
7.308339267507067694e-02,3.700250657593290304e-01,5.526699999999999946e+00,1.565499999999999892e+00,1.800000000000000044e+00,1.112500000000000044e+00,2.486199999999999818e+03,1.975799999999999955e+03,3.742599999999999927e+00,2.576500000000000000e+03,3.710800000000000209e-01,-2.826269999999999982e+03,-3.834840000000000146e+03,2.123999999999999844e+01,2.673200000000000021e+00,1.194800000000000084e+00,1.097700000000000045e+03,9.501600000000000046e-01,7.868000000000000327e+00,3.227999999999999758e-01,2.072200000000000042e+00,4.300900000000000389e+00,4.577999999999999847e-01
7.529876077371047693e-02,3.740295853822675487e-01,6.119500000000000384e+00,1.661799999999999944e+00,1.860000000000000098e+00,1.141199999999999992e+00,2.516099999999999909e+03,2.026700000000000045e+03,3.380100000000000104e+00,2.535579999999999927e+03,3.407800000000000273e-01,-2.928170000000000073e+03,-3.920019999999999982e+03,2.125499999999999901e+01,2.608800000000000008e+00,1.197599999999999998e+00,1.089900000000000091e+03,9.401199999999999557e-01,7.474000000000000199e+00,3.281999999999999917e-01,2.067699999999999871e+00,4.248499999999999943e+00,4.575000000000000178e-01
7.740055135804788100e-02,3.780341050052060670e-01,6.708000000000000185e+00,1.755900000000000016e+00,1.913000000000000034e+00,1.165999999999999925e+00,2.542500000000000000e+03,2.070800000000000182e+03,3.083499999999999908e+00,2.498679999999999836e+03,3.156600000000000517e-01,-3.018559999999999945e+03,-3.995420000000000073e+03,2.126699999999999946e+01,2.554399999999999782e+00,1.200099999999999945e+00,1.082700000000000045e+03,9.310500000000000442e-01,7.135200000000000209e+00,3.332999999999999852e-01,2.063499999999999890e+00,4.201600000000000001e+00,4.572999999999999843e-01
7.940462566270373168e-02,3.820386246281445297e-01,7.293999999999999595e+00,1.848000000000000087e+00,1.959999999999999964e+00,1.187899999999999956e+00,2.566300000000000182e+03,2.109699999999999818e+03,2.835799999999999876e+00,2.465039999999999964e+03,2.943999999999999950e-01,-3.099809999999999945e+03,-4.063059999999999945e+03,2.127799999999999869e+01,2.507800000000000029e+00,1.202399999999999913e+00,1.076200000000000045e+03,9.227699999999999791e-01,6.840099999999999625e+00,3.382999999999999896e-01,2.059600000000000097e+00,4.158900000000000041e+00,4.570000000000000173e-01
8.132346456013180014e-02,3.860431442510829925e-01,7.878700000000000259e+00,1.938399999999999901e+00,2.004000000000000004e+00,1.207400000000000029e+00,2.587699999999999818e+03,2.144400000000000091e+03,2.625399999999999956e+00,2.434099999999999909e+03,2.761299999999999866e-01,-3.173599999999999909e+03,-4.124369999999999891e+03,2.128600000000000136e+01,2.467499999999999805e+00,1.204499999999999904e+00,1.070200000000000045e+03,9.151299999999999990e-01,6.580599999999999561e+00,3.431000000000000161e-01,2.056000000000000050e+00,4.119799999999999685e+00,4.566999999999999948e-01
8.316709864383342588e-02,3.900476638740215107e-01,8.462699999999999889e+00,2.027299999999999880e+00,2.044000000000000039e+00,1.225000000000000089e+00,2.607400000000000091e+03,2.175599999999999909e+03,2.444199999999999928e+00,2.405440000000000055e+03,2.602300000000000169e-01,-3.241170000000000073e+03,-4.180420000000000073e+03,2.129400000000000048e+01,2.432100000000000151e+00,1.206499999999999906e+00,1.064500000000000000e+03,9.080399999999999583e-01,6.350500000000000256e+00,3.477999999999999980e-01,2.052599999999999980e+00,4.083800000000000097e+00,4.563999999999999724e-01
8.494373306860869555e-02,3.940521834969600290e-01,9.047200000000000131e+00,2.114799999999999791e+00,2.080999999999999961e+00,1.241100000000000092e+00,2.625400000000000091e+03,2.204099999999999909e+03,2.286300000000000221e+00,2.378710000000000036e+03,2.462200000000000222e-01,-3.303550000000000182e+03,-4.232090000000000146e+03,2.130000000000000071e+01,2.400999999999999801e+00,1.208199999999999941e+00,1.059200000000000045e+03,9.014100000000000446e-01,6.144999999999999574e+00,3.522000000000000131e-01,2.049300000000000122e+00,4.050200000000000244e+00,4.561000000000000054e-01
8.666018132942678032e-02,3.980567031198984917e-01,9.631399999999999295e+00,2.201099999999999834e+00,2.116000000000000103e+00,1.255700000000000038e+00,2.642099999999999909e+03,2.230199999999999818e+03,2.147600000000000176e+00,2.353719999999999800e+03,2.338000000000000078e-01,-3.361329999999999927e+03,-4.279880000000000109e+03,2.130499999999999972e+01,2.373299999999999965e+00,1.209899999999999975e+00,1.054200000000000045e+03,8.952099999999999502e-01,5.960700000000000109e+00,3.563999999999999946e-01,2.046199999999999797e+00,4.018900000000000361e+00,4.557999999999999829e-01
8.832217487392234057e-02,4.020612227428369545e-01,1.021599999999999930e+01,2.286399999999999988e+00,2.148000000000000131e+00,1.269300000000000095e+00,2.657500000000000000e+03,2.254199999999999818e+03,2.024599999999999955e+00,2.330230000000000018e+03,2.226900000000000268e-01,-3.415210000000000036e+03,-4.324390000000000327e+03,2.130999999999999872e+01,2.348599999999999799e+00,1.211400000000000032e+00,1.049500000000000000e+03,8.893600000000000394e-01,5.794299999999999784e+00,3.604999999999999871e-01,2.043200000000000127e+00,3.989599999999999813e+00,4.555000000000000160e-01
8.993458940868739870e-02,4.060657423657754173e-01,1.080199999999999960e+01,2.370600000000000041e+00,2.178999999999999826e+00,1.281800000000000050e+00,2.672000000000000000e+03,2.276500000000000000e+03,1.914800000000000058e+00,2.308059999999999945e+03,2.126799999999999802e-01,-3.465670000000000073e+03,-4.366010000000000218e+03,2.131400000000000006e+01,2.326499999999999790e+00,1.212800000000000100e+00,1.045000000000000000e+03,8.838300000000000045e-01,5.643500000000000405e+00,3.644000000000000017e-01,2.040399999999999991e+00,3.962000000000000188e+00,4.551999999999999935e-01
9.150161375987432566e-02,4.100702619887139355e-01,1.138899999999999935e+01,2.454000000000000181e+00,2.206999999999999851e+00,1.293500000000000094e+00,2.685500000000000000e+03,2.297199999999999818e+03,1.816100000000000048e+00,2.287070000000000164e+03,2.036000000000000032e-01,-3.513090000000000146e+03,-4.405100000000000364e+03,2.131800000000000139e+01,2.306500000000000217e+00,1.214099999999999957e+00,1.040700000000000045e+03,8.786000000000000476e-01,5.506199999999999761e+00,3.679999999999999938e-01,2.037599999999999856e+00,3.935900000000000176e+00,4.549000000000000266e-01
9.302687816491415906e-02,4.140747816116524538e-01,1.197799999999999976e+01,2.536399999999999988e+00,2.234999999999999876e+00,1.304400000000000004e+00,2.698300000000000182e+03,2.316599999999999909e+03,1.726900000000000102e+00,2.267150000000000091e+03,1.953300000000000036e-01,-3.557829999999999927e+03,-4.441920000000000073e+03,2.132100000000000151e+01,2.288400000000000212e+00,1.215300000000000047e+00,1.036599999999999909e+03,8.736199999999999521e-01,5.380700000000000038e+00,3.715999999999999859e-01,2.035000000000000142e+00,3.911200000000000010e+00,4.545000000000000151e-01
9.451355330783220432e-02,4.180793012345909165e-01,1.256700000000000017e+01,2.618199999999999861e+00,2.261000000000000121e+00,1.314699999999999980e+00,2.710199999999999818e+03,2.334800000000000182e+03,1.645899999999999919e+00,2.248210000000000036e+03,1.877600000000000102e-01,-3.600110000000000127e+03,-4.476699999999999818e+03,2.132400000000000162e+01,2.271999999999999797e+00,1.216399999999999926e+00,1.032599999999999909e+03,8.688700000000000312e-01,5.265699999999999825e+00,3.749000000000000110e-01,2.032500000000000195e+00,3.887700000000000156e+00,4.541999999999999926e-01
9.596442786152470372e-02,4.220838208575293793e-01,1.315900000000000070e+01,2.699199999999999822e+00,2.286000000000000032e+00,1.324300000000000033e+00,2.721599999999999909e+03,2.351900000000000091e+03,1.571900000000000075e+00,2.230119999999999891e+03,1.808000000000000163e-01,-3.640280000000000200e+03,-4.509699999999999818e+03,2.132700000000000173e+01,2.257000000000000117e+00,1.217500000000000027e+00,1.028799999999999955e+03,8.643399999999999972e-01,5.159799999999999720e+00,3.780999999999999917e-01,2.029999999999999805e+00,3.865299999999999958e+00,4.539000000000000257e-01
9.738196997719196502e-02,4.260883404804678976e-01,1.375200000000000067e+01,2.779500000000000082e+00,2.310000000000000053e+00,1.333399999999999919e+00,2.732400000000000091e+03,2.368099999999999909e+03,1.504099999999999993e+00,2.212849999999999909e+03,1.743700000000000250e-01,-3.678440000000000055e+03,-4.541039999999999964e+03,2.132900000000000063e+01,2.243300000000000072e+00,1.218499999999999917e+00,1.025200000000000045e+03,8.599999999999999867e-01,5.062100000000000044e+00,3.810999999999999943e-01,2.027600000000000069e+00,3.843999999999999861e+00,4.536000000000000032e-01
9.876837660499787619e-02,4.300928601034064158e-01,1.434600000000000009e+01,2.859199999999999964e+00,2.333000000000000185e+00,1.342000000000000082e+00,2.742599999999999909e+03,2.383400000000000091e+03,1.441799999999999971e+00,2.196320000000000164e+03,1.684200000000000141e-01,-3.714800000000000182e+03,-4.570869999999999891e+03,2.133200000000000074e+01,2.230700000000000127e+00,1.219400000000000039e+00,1.021700000000000045e+03,8.558400000000000452e-01,4.971899999999999764e+00,3.840000000000000080e-01,2.025300000000000100e+00,3.823599999999999888e+00,4.532999999999999807e-01
1.001256134659429808e-01,4.340973797263448786e-01,1.494200000000000017e+01,2.938299999999999912e+00,2.354999999999999982e+00,1.350200000000000067e+00,2.752300000000000182e+03,2.397900000000000091e+03,1.384300000000000086e+00,2.180460000000000036e+03,1.629000000000000170e-01,-3.749519999999999982e+03,-4.599329999999999927e+03,2.133399999999999963e+01,2.219100000000000072e+00,1.220299999999999940e+00,1.018299999999999955e+03,8.518400000000000416e-01,4.888200000000000323e+00,3.866999999999999882e-01,2.023099999999999898e+00,3.804100000000000037e+00,4.530000000000000138e-01
1.014554477537023408e-01,4.381018993492833413e-01,1.553999999999999915e+01,3.016900000000000137e+00,2.375999999999999890e+00,1.358000000000000096e+00,2.761599999999999909e+03,2.411800000000000182e+03,1.331099999999999950e+00,2.165230000000000018e+03,1.577399999999999913e-01,-3.782739999999999782e+03,-4.626539999999999964e+03,2.133500000000000085e+01,2.208499999999999908e+00,1.221100000000000074e+00,1.015100000000000023e+03,8.479999999999999760e-01,4.810399999999999565e+00,3.892999999999999794e-01,2.020999999999999908e+00,3.785400000000000098e+00,4.526999999999999913e-01
1.027594751200383294e-01,4.421064189722218041e-01,1.613899999999999935e+01,3.094899999999999984e+00,2.395999999999999908e+00,1.365399999999999947e+00,2.770500000000000000e+03,2.424900000000000091e+03,1.281600000000000072e+00,2.150579999999999927e+03,1.529300000000000104e-01,-3.814570000000000164e+03,-4.652600000000000364e+03,2.133699999999999974e+01,2.198599999999999888e+00,1.221799999999999997e+00,1.011899999999999977e+03,8.443000000000000504e-01,4.737899999999999778e+00,3.917999999999999816e-01,2.018899999999999917e+00,3.767399999999999860e+00,4.524000000000000243e-01
1.040391421196386612e-01,4.461109385951603779e-01,1.673999999999999844e+01,3.172499999999999876e+00,2.415999999999999925e+00,1.372500000000000053e+00,2.779000000000000000e+03,2.437500000000000000e+03,1.235600000000000032e+00,2.136480000000000018e+03,1.484199999999999964e-01,-3.845110000000000127e+03,-4.677590000000000146e+03,2.133800000000000097e+01,2.189400000000000013e+00,1.222599999999999909e+00,1.008799999999999955e+03,8.407400000000000428e-01,4.670300000000000118e+00,3.941000000000000059e-01,2.016799999999999926e+00,3.750100000000000211e+00,4.521999999999999909e-01
1.052957650146444657e-01,4.501154582180988406e-01,1.734299999999999997e+01,3.249600000000000044e+00,2.435000000000000053e+00,1.379199999999999982e+00,2.787199999999999818e+03,2.449500000000000000e+03,1.192600000000000104e+00,2.122880000000000109e+03,1.441900000000000126e-01,-3.874469999999999800e+03,-4.701600000000000364e+03,2.133999999999999986e+01,2.181000000000000050e+00,1.223200000000000065e+00,1.005899999999999977e+03,8.372899999999999787e-01,4.607099999999999973e+00,3.963999999999999746e-01,2.014800000000000146e+00,3.733400000000000052e+00,4.519000000000000239e-01
1.065305456354946473e-01,4.541199778410373034e-01,1.794800000000000040e+01,3.326299999999999812e+00,2.454000000000000181e+00,1.385699999999999932e+00,2.795000000000000000e+03,2.461000000000000000e+03,1.152500000000000080e+00,2.109750000000000000e+03,1.402100000000000013e-01,-3.902730000000000018e+03,-4.724689999999999600e+03,2.134100000000000108e+01,2.173099999999999810e+00,1.223899999999999988e+00,1.003000000000000000e+03,8.339699999999999891e-01,4.547900000000000276e+00,3.985000000000000209e-01,2.012900000000000134e+00,3.717299999999999827e+00,4.516000000000000014e-01
1.077445848424360975e-01,4.581244974639757661e-01,1.855399999999999849e+01,3.402499999999999858e+00,2.471999999999999975e+00,1.391899999999999915e+00,2.802500000000000000e+03,2.472000000000000000e+03,1.114800000000000013e+00,2.097059999999999945e+03,1.364500000000000157e-01,-3.929949999999999818e+03,-4.746930000000000291e+03,2.134199999999999875e+01,2.165700000000000180e+00,1.224499999999999922e+00,1.000200000000000045e+03,8.307499999999999885e-01,4.492300000000000182e+00,4.005000000000000226e-01,2.011000000000000121e+00,3.701799999999999979e+00,4.512999999999999790e-01
1.089388940169450093e-01,4.621290170869143399e-01,1.916199999999999903e+01,3.478400000000000158e+00,2.488999999999999879e+00,1.397899999999999920e+00,2.809800000000000182e+03,2.482599999999999909e+03,1.079399999999999915e+00,2.084789999999999964e+03,1.329100000000000004e-01,-3.956219999999999800e+03,-4.768380000000000109e+03,2.134299999999999997e+01,2.158799999999999830e+00,1.225100000000000078e+00,9.975000000000000000e+02,8.276299999999999768e-01,4.440000000000000391e+00,4.023999999999999799e-01,2.009199999999999875e+00,3.686799999999999855e+00,4.510000000000000120e-01
1.101144049243961698e-01,4.661335367098528026e-01,1.977199999999999847e+01,3.553799999999999848e+00,2.505999999999999783e+00,1.403599999999999959e+00,2.816800000000000182e+03,2.492800000000000182e+03,1.046100000000000030e+00,2.072900000000000091e+03,1.295500000000000262e-01,-3.981590000000000146e+03,-4.789079999999999927e+03,2.134400000000000119e+01,2.152400000000000091e+00,1.225600000000000023e+00,9.947999999999999545e+02,8.246099999999999541e-01,4.390799999999999592e+00,4.042000000000000037e-01,2.007400000000000073e+00,3.672299999999999898e+00,4.506999999999999895e-01
1.112719782215473019e-01,4.701380563327912654e-01,2.038299999999999912e+01,3.628899999999999793e+00,2.521999999999999797e+00,1.409200000000000008e+00,2.823500000000000000e+03,2.502699999999999818e+03,1.014799999999999924e+00,2.061389999999999873e+03,1.263700000000000101e-01,-4.006110000000000127e+03,-4.809090000000000146e+03,2.134499999999999886e+01,2.146399999999999864e+00,1.226099999999999968e+00,9.922000000000000455e+02,8.216700000000000115e-01,4.344500000000000028e+00,4.060000000000000275e-01,2.005599999999999827e+00,3.658300000000000107e+00,4.505000000000000115e-01
1.124124108297123448e-01,4.741425759557297281e-01,2.099699999999999989e+01,3.703699999999999992e+00,2.537999999999999812e+00,1.414500000000000091e+00,2.830000000000000000e+03,2.512099999999999909e+03,9.851199999999999957e-01,2.050219999999999800e+03,1.233600000000000113e-01,-4.029849999999999909e+03,-4.828449999999999818e+03,2.134600000000000009e+01,2.140800000000000036e+00,1.226599999999999913e+00,9.897000000000000455e+02,8.188299999999999468e-01,4.300699999999999967e+00,4.076000000000000179e-01,2.003899999999999793e+00,3.644699999999999829e+00,4.501999999999999891e-01
1.135364423531689260e-01,4.781470955786683019e-01,2.161199999999999832e+01,3.778200000000000003e+00,2.553999999999999826e+00,1.419599999999999973e+00,2.836300000000000182e+03,2.521300000000000182e+03,9.570899999999999963e-01,2.039380000000000109e+03,1.204900000000000138e-01,-4.052840000000000146e+03,-4.847189999999999600e+03,2.134600000000000009e+01,2.135499999999999954e+00,1.227100000000000080e+00,9.872999999999999545e+02,8.160600000000000076e-01,4.259299999999999642e+00,4.092000000000000082e-01,2.002200000000000202e+00,3.631499999999999950e+00,4.499000000000000221e-01
1.146447606896962568e-01,4.821516152016067647e-01,2.222800000000000153e+01,3.852300000000000058e+00,2.568999999999999950e+00,1.424600000000000088e+00,2.842400000000000091e+03,2.530099999999999909e+03,9.305400000000000338e-01,2.028849999999999909e+03,1.177600000000000036e-01,-4.075130000000000109e+03,-4.865350000000000364e+03,2.134700000000000131e+01,2.130500000000000060e+00,1.227500000000000036e+00,9.848999999999999773e+02,8.133700000000000374e-01,4.220100000000000406e+00,4.106000000000000205e-01,2.000599999999999934e+00,3.618599999999999817e+00,4.496999999999999886e-01
1.157380069541547318e-01,4.861561348245452274e-01,2.284700000000000131e+01,3.926099999999999923e+00,2.584000000000000075e+00,1.429400000000000004e+00,2.848300000000000182e+03,2.538599999999999909e+03,9.053499999999999881e-01,2.018609999999999900e+03,1.151500000000000024e-01,-4.096760000000000218e+03,-4.882970000000000255e+03,2.134799999999999898e+01,2.125799999999999912e+00,1.227899999999999991e+00,9.825000000000000000e+02,8.107499999999999707e-01,4.182900000000000063e+00,4.119999999999999774e-01,1.999000000000000110e+00,3.606199999999999850e+00,4.494000000000000217e-01
1.168167798151955872e-01,4.901606544474836902e-01,2.346699999999999875e+01,3.999600000000000044e+00,2.597999999999999865e+00,1.434099999999999930e+00,2.854000000000000000e+03,2.546900000000000091e+03,8.814300000000000468e-01,2.008650000000000091e+03,1.126700000000000063e-01,-4.117760000000000218e+03,-4.900069999999999709e+03,2.134799999999999898e+01,2.121399999999999952e+00,1.228299999999999947e+00,9.802999999999999545e+02,8.082099999999999840e-01,4.147599999999999731e+00,4.133999999999999897e-01,1.997400000000000064e+00,3.594100000000000072e+00,4.491999999999999882e-01
1.178816393283992070e-01,4.941651740704222640e-01,2.408800000000000097e+01,4.072899999999999743e+00,2.612000000000000099e+00,1.438600000000000101e+00,2.859599999999999909e+03,2.554900000000000091e+03,8.586799999999999988e-01,1.998960000000000036e+03,1.103000000000000091e-01,-4.138170000000000073e+03,-4.916680000000000291e+03,2.134900000000000020e+01,2.117199999999999971e+00,1.228699999999999903e+00,9.780000000000000000e+02,8.057199999999999918e-01,4.114099999999999646e+00,4.146000000000000241e-01,1.995800000000000018e+00,3.582300000000000040e+00,4.489000000000000212e-01
1.189331103355189267e-01,4.981696936933607267e-01,2.471199999999999974e+01,4.145900000000000141e+00,2.625999999999999890e+00,1.442900000000000071e+00,2.865000000000000000e+03,2.562599999999999909e+03,8.370199999999999863e-01,1.989519999999999982e+03,1.080300000000000149e-01,-4.158010000000000218e+03,-4.932829999999999927e+03,2.134900000000000020e+01,2.113300000000000178e+00,1.229000000000000092e+00,9.757999999999999545e+02,8.033000000000000140e-01,4.082200000000000273e+00,4.158999999999999919e-01,1.994299999999999962e+00,3.570899999999999963e+00,4.485999999999999988e-01
1.199716854883843692e-01,5.021742133162991895e-01,2.533699999999999974e+01,4.218600000000000350e+00,2.640000000000000124e+00,1.447200000000000042e+00,2.870199999999999818e+03,2.570199999999999818e+03,8.163700000000000401e-01,1.980319999999999936e+03,1.058600000000000096e-01,-4.177319999999999709e+03,-4.948529999999999745e+03,2.135000000000000142e+01,2.109599999999999920e+00,1.229400000000000048e+00,9.737000000000000455e+02,8.009399999999999853e-01,4.051800000000000068e+00,4.169999999999999818e-01,1.992899999999999894e+00,3.559800000000000075e+00,4.484000000000000208e-01
1.209978279469234308e-01,5.061787329392376522e-01,2.596399999999999864e+01,4.291100000000000136e+00,2.653000000000000025e+00,1.451300000000000034e+00,2.875300000000000182e+03,2.577500000000000000e+03,7.966699999999999893e-01,1.971339999999999918e+03,1.037700000000000150e-01,-4.196119999999999891e+03,-4.963819999999999709e+03,2.135000000000000142e+01,2.106100000000000083e+00,1.229700000000000015e+00,9.716000000000000227e+02,7.986400000000000166e-01,4.022899999999999920e+00,4.181000000000000272e-01,1.991400000000000059e+00,3.548900000000000166e+00,4.480999999999999983e-01
1.220119737932101600e-01,5.101832525621761150e-01,2.659199999999999875e+01,4.363299999999999734e+00,2.665999999999999925e+00,1.455300000000000038e+00,2.880300000000000182e+03,2.584599999999999909e+03,7.778399999999999759e-01,1.962589999999999918e+03,1.017700000000000132e-01,-4.214439999999999600e+03,-4.978720000000000255e+03,2.135099999999999909e+01,2.102700000000000014e+00,1.229999999999999982e+00,9.696000000000000227e+02,7.963900000000000423e-01,3.995299999999999851e+00,4.190999999999999726e-01,1.989999999999999991e+00,3.538300000000000001e+00,4.479000000000000203e-01
1.230145341972471579e-01,5.141877721851146887e-01,2.722200000000000131e+01,4.435299999999999798e+00,2.677999999999999936e+00,1.459200000000000053e+00,2.885099999999999909e+03,2.591500000000000000e+03,7.598399999999999599e-01,1.954049999999999955e+03,9.985600000000000032e-02,-4.232289999999999964e+03,-4.993229999999999563e+03,2.135099999999999909e+01,2.099600000000000133e+00,1.230299999999999949e+00,9.676000000000000227e+02,7.941899999999999515e-01,3.968900000000000095e+00,4.200999999999999734e-01,1.988599999999999923e+00,3.528000000000000025e+00,4.476999999999999869e-01
1.240058973649893204e-01,5.181922918080531515e-01,2.785300000000000153e+01,4.507100000000000328e+00,2.690999999999999837e+00,1.462900000000000089e+00,2.889800000000000182e+03,2.598199999999999818e+03,7.426099999999999923e-01,1.945710000000000036e+03,9.801200000000000190e-02,-4.249710000000000036e+03,-5.007390000000000327e+03,2.135200000000000031e+01,2.096600000000000019e+00,1.230599999999999916e+00,9.656000000000000227e+02,7.920399999999999663e-01,3.943599999999999994e+00,4.210999999999999743e-01,1.987200000000000077e+00,3.517900000000000027e+00,4.474000000000000199e-01
1.249864302947866490e-01,5.221968114309916142e-01,2.848699999999999832e+01,4.578599999999999781e+00,2.702999999999999847e+00,1.466599999999999904e+00,2.894400000000000091e+03,2.604699999999999818e+03,7.261100000000000332e-01,1.937559999999999945e+03,9.623799999999999022e-02,-4.266699999999999818e+03,-5.021199999999999818e+03,2.135200000000000031e+01,2.093700000000000117e+00,1.230900000000000105e+00,9.637000000000000455e+02,7.899399999999999755e-01,3.919500000000000206e+00,4.219999999999999862e-01,1.985800000000000010e+00,3.508100000000000218e+00,4.471999999999999864e-01
1.259564803647825471e-01,5.262013310539300770e-01,2.912099999999999866e+01,4.650000000000000355e+00,2.714999999999999858e+00,1.470199999999999951e+00,2.898800000000000182e+03,2.611099999999999909e+03,7.102800000000000225e-01,1.929589999999999918e+03,9.453000000000000291e-02,-4.283300000000000182e+03,-5.034670000000000073e+03,2.135200000000000031e+01,2.091000000000000192e+00,1.231100000000000083e+00,9.617999999999999545e+02,7.878899999999999793e-01,3.896399999999999864e+00,4.228000000000000091e-01,1.984499999999999931e+00,3.498499999999999943e+00,4.469000000000000195e-01
1.269163767707374435e-01,5.302058506768686508e-01,2.975799999999999912e+01,4.721099999999999852e+00,2.725999999999999979e+00,1.473700000000000010e+00,2.903199999999999818e+03,2.617300000000000182e+03,6.950899999999999856e-01,1.921799999999999955e+03,9.288500000000000922e-02,-4.299510000000000218e+03,-5.047840000000000146e+03,2.135300000000000153e+01,2.088400000000000034e+00,1.231400000000000050e+00,9.598999999999999773e+02,7.858800000000000230e-01,3.874200000000000088e+00,4.235999999999999766e-01,1.983200000000000074e+00,3.489100000000000090e+00,4.466999999999999860e-01
1.278664318311509562e-01,5.342103702998071135e-01,3.039600000000000080e+01,4.792099999999999582e+00,2.737999999999999989e+00,1.477100000000000080e+00,2.907400000000000091e+03,2.623300000000000182e+03,6.804999999999999938e-01,1.914180000000000064e+03,9.129899999999999127e-02,-4.315350000000000364e+03,-5.060699999999999818e+03,2.135300000000000153e+01,2.085999999999999854e+00,1.231600000000000028e+00,9.581000000000000227e+02,7.839099999999999957e-01,3.852899999999999991e+00,4.243999999999999995e-01,1.981899999999999995e+00,3.479900000000000215e+00,4.465000000000000080e-01
1.288069421743515408e-01,5.382148899227455763e-01,3.103500000000000014e+01,4.862800000000000011e+00,2.749000000000000110e+00,1.480399999999999938e+00,2.911599999999999909e+03,2.629199999999999818e+03,6.664799999999999613e-01,1.906720000000000027e+03,8.976900000000000157e-02,-4.330829999999999927e+03,-5.073279999999999745e+03,2.135300000000000153e+01,2.083600000000000119e+00,1.231800000000000006e+00,9.562999999999999545e+02,7.819800000000000084e-01,3.832500000000000018e+00,4.250999999999999779e-01,1.980699999999999905e+00,3.470899999999999874e+00,4.461999999999999855e-01
1.297381898203441852e-01,5.422194095456840390e-01,3.167599999999999838e+01,4.933399999999999785e+00,2.759999999999999787e+00,1.483700000000000019e+00,2.915599999999999909e+03,2.635000000000000000e+03,6.529899999999999594e-01,1.899420000000000073e+03,8.829100000000000836e-02,-4.345979999999999563e+03,-5.085569999999999709e+03,2.135300000000000153e+01,2.081399999999999917e+00,1.232099999999999973e+00,9.546000000000000227e+02,7.800899999999999501e-01,3.812899999999999956e+00,4.258000000000000118e-01,1.979400000000000048e+00,3.462099999999999955e+00,4.460000000000000075e-01
1.306604431685997048e-01,5.462239291686226128e-01,3.231799999999999784e+01,5.003800000000000026e+00,2.770999999999999908e+00,1.486799999999999899e+00,2.919599999999999909e+03,2.640599999999999909e+03,6.400099999999999678e-01,1.892269999999999982e+03,8.686400000000001065e-02,-4.360810000000000400e+03,-5.097600000000000364e+03,2.135399999999999920e+01,2.079299999999999926e+00,1.232299999999999951e+00,9.528999999999999773e+02,7.782400000000000428e-01,3.794000000000000039e+00,4.264999999999999902e-01,1.978199999999999958e+00,3.453500000000000014e+00,4.457999999999999741e-01
1.315739579015918759e-01,5.502284487915610756e-01,3.296300000000000097e+01,5.073999999999999844e+00,2.782000000000000028e+00,1.489900000000000002e+00,2.923500000000000000e+03,2.646099999999999909e+03,6.275100000000000122e-01,1.885259999999999991e+03,8.548400000000000443e-02,-4.375319999999999709e+03,-5.109380000000000109e+03,2.135399999999999920e+01,2.077300000000000146e+00,1.232499999999999929e+00,9.512000000000000455e+02,7.764299999999999535e-01,3.775799999999999823e+00,4.272000000000000242e-01,1.977000000000000091e+00,3.445100000000000051e+00,4.455999999999999961e-01
1.324789778127024031e-01,5.542329684144995383e-01,3.360799999999999699e+01,5.144000000000000128e+00,2.791999999999999815e+00,1.492899999999999894e+00,2.927300000000000182e+03,2.651400000000000091e+03,6.154500000000000526e-01,1.878390000000000100e+03,8.414999999999998870e-02,-4.389529999999999745e+03,-5.120909999999999854e+03,2.135399999999999920e+01,2.075299999999999923e+00,1.232699999999999907e+00,9.495000000000000000e+02,7.746499999999999497e-01,3.758300000000000196e+00,4.278000000000000136e-01,1.975800000000000001e+00,3.436900000000000066e+00,4.452999999999999736e-01
1.333757355660899757e-01,5.582374880374380011e-01,3.425500000000000256e+01,5.213899999999999757e+00,2.802999999999999936e+00,1.495900000000000007e+00,2.931000000000000000e+03,2.656699999999999818e+03,6.038299999999999779e-01,1.871660000000000082e+03,8.285800000000000110e-02,-4.403449999999999818e+03,-5.132199999999999818e+03,2.135399999999999920e+01,2.073500000000000121e+00,1.232799999999999896e+00,9.478999999999999773e+02,7.729000000000000314e-01,3.741499999999999826e+00,4.283000000000000140e-01,1.974599999999999911e+00,3.428799999999999848e+00,4.450999999999999956e-01
1.342644533952360442e-01,5.622420076603765748e-01,3.490400000000000347e+01,5.283599999999999852e+00,2.813000000000000167e+00,1.498799999999999910e+00,2.934599999999999909e+03,2.661800000000000182e+03,5.926099999999999701e-01,1.865059999999999945e+03,8.160699999999999898e-02,-4.417090000000000146e+03,-5.143270000000000437e+03,2.135399999999999920e+01,2.071699999999999875e+00,1.233000000000000096e+00,9.462999999999999545e+02,7.711900000000000421e-01,3.725200000000000067e+00,4.289000000000000035e-01,1.973500000000000032e+00,3.420900000000000052e+00,4.449000000000000177e-01
1.351453437461078710e-01,5.662465272833150376e-01,3.555400000000000205e+01,5.353200000000000180e+00,2.822999999999999954e+00,1.501600000000000046e+00,2.938199999999999818e+03,2.666800000000000182e+03,5.817799999999999638e-01,1.858579999999999927e+03,8.039500000000000812e-02,-4.430470000000000255e+03,-5.154109999999999673e+03,2.135500000000000043e+01,2.069999999999999840e+00,1.233200000000000074e+00,9.447000000000000455e+02,7.695100000000000273e-01,3.709600000000000009e+00,4.294000000000000039e-01,1.972299999999999942e+00,3.413100000000000023e+00,4.446999999999999842e-01
1.360186098702144131e-01,5.702510469062535003e-01,3.620499999999999829e+01,5.422600000000000087e+00,2.833000000000000185e+00,1.504399999999999959e+00,2.941699999999999818e+03,2.671699999999999818e+03,5.713099999999999845e-01,1.852220000000000027e+03,7.921999999999999875e-02,-4.443590000000000146e+03,-5.164750000000000000e+03,2.135500000000000043e+01,2.068400000000000016e+00,1.233400000000000052e+00,9.431000000000000227e+02,7.678500000000000325e-01,3.694399999999999906e+00,4.299000000000000044e-01,1.971200000000000063e+00,3.405499999999999972e+00,4.445000000000000062e-01
1.368844463722441729e-01,5.742555665291919631e-01,3.685799999999999699e+01,5.491799999999999571e+00,2.842999999999999972e+00,1.507100000000000106e+00,2.945099999999999909e+03,2.676599999999999909e+03,5.611899999999999666e-01,1.845980000000000018e+03,7.808099999999999763e-02,-4.456449999999999818e+03,-5.175180000000000291e+03,2.135500000000000043e+01,2.066800000000000193e+00,1.233500000000000041e+00,9.416000000000000227e+02,7.662299999999999667e-01,3.679800000000000182e+00,4.304000000000000048e-01,1.970099999999999962e+00,3.398099999999999898e+00,4.441999999999999837e-01
1.377430397164657871e-01,5.782600861521304259e-01,3.751200000000000045e+01,5.560900000000000176e+00,2.851999999999999869e+00,1.509700000000000042e+00,2.948400000000000091e+03,2.681300000000000182e+03,5.514000000000000012e-01,1.839849999999999909e+03,7.697500000000000175e-02,-4.469079999999999927e+03,-5.185420000000000073e+03,2.135500000000000043e+01,2.065399999999999903e+00,1.233700000000000019e+00,9.401000000000000227e+02,7.646399999999999864e-01,3.665599999999999969e+00,4.308000000000000163e-01,1.969000000000000083e+00,3.390699999999999825e+00,4.440000000000000058e-01
