1.101257193631244996e-01,0.000000000000000000e+00,1.000000000000000000e+00,3.500000000000000000e+00,0.000000000000000000e+00,0.000000000000000000e+00,0.000000000000000000e+00,0.000000000000000000e+00,2.068400000000000105e+01,3.022369999999999891e+03,1.620100000000000096e+00,-9.079600000000000364e+02,-2.184699999999999818e+03,1.968199999999999861e+01,3.226900000000000102e+00,1.189699999999999980e+00,1.232500000000000000e+03,1.075599999999999890e+00,1.246129999999999960e+01,2.785000000000000253e-01,2.169000000000000039e+00,5.557299999999999685e+00,4.198000000000000065e-01
1.101257193631244996e-01,2.090569027487672316e-03,1.000357575757575779e+00,3.500000000000000000e+00,1.737373737373737329e-03,1.229292929292929385e-03,6.272121212121211897e+01,2.144444444444444375e+00,2.067685858585858583e+01,3.022282020202020249e+03,1.619587878787878799e+00,-9.081874747474747664e+02,-2.184888585858585884e+03,1.968203030303030232e+01,3.226828282828282823e+00,1.189702020202020094e+00,1.232481818181818198e+03,1.075578787878787690e+00,1.246078787878787786e+01,2.785000000000000253e-01,2.168992929292929528e+00,5.557172727272726931e+00,4.198000000000000065e-01
1.101257193631244996e-01,4.181138054975344631e-03,1.000715151515151558e+00,3.500000000000000000e+00,3.474747474747474658e-03,2.458585858585858770e-03,1.254424242424242379e+02,4.288888888888888751e+00,2.066971717171717415e+01,3.022194040404040152e+03,1.619075757575757724e+00,-9.084149494949494965e+02,-2.185077171717171495e+03,1.968206060606060603e+01,3.226756565656565545e+00,1.189704040404040430e+00,1.232463636363636397e+03,1.075557575757575712e+00,1.246027575757575789e+01,2.785000000000000253e-01,2.168985858585858573e+00,5.557045454545454177e+00,4.198000000000000065e-01
1.101257193631244996e-01,6.271707082463016947e-03,1.001072727272727336e+00,3.500000000000000000e+00,5.212121212121212203e-03,3.687878787878788155e-03,1.881636363636363569e+02,6.433333333333333570e+00,2.066257575757575893e+01,3.022106060606060510e+03,1.618563636363636427e+00,-9.086424242424242266e+02,-2.185265757575757561e+03,1.968209090909090619e+01,3.226684848484848711e+00,1.189706060606060545e+00,1.232445454545454595e+03,1.075536363636363513e+00,1.245976363636363615e+01,2.785000000000000253e-01,2.168978787878788062e+00,5.556918181818181424e+00,4.198000000000000065e-01
1.101257193631244996e-01,8.362276109950689262e-03,1.001430303030303115e+00,3.500000000000000000e+00,6.949494949494949315e-03,4.917171717171717540e-03,2.508848484848484759e+02,8.577777777777777501e+00,2.065543434343434370e+01,3.022018080808080867e+03,1.618051515151515130e+00,-9.088698989898990703e+02,-2.185454343434343173e+03,1.968212121212120991e+01,3.226613131313131433e+00,1.189708080808080881e+00,1.232427272727272793e+03,1.075515151515151313e+00,1.245925151515151441e+01,2.785000000000000253e-01,2.168971717171717106e+00,5.556790909090908670e+00,4.198000000000000065e-01
1.101257193631244996e-01,1.045284513743836158e-02,1.001787878787878894e+00,3.500000000000000000e+00,8.686868686868687295e-03,6.146464646464646492e-03,3.136060606060606233e+02,1.072222222222222143e+01,2.064829292929293203e+01,3.021930101010100771e+03,1.617539393939394055e+00,-9.090973737373738004e+02,-2.185642929292929239e+03,1.968215151515151362e+01,3.226541414141414155e+00,1.189710101010100995e+00,1.232409090909090992e+03,1.075493939393939336e+00,1.245873939393939445e+01,2.785000000000000253e-01,2.168964646464646595e+00,5.556663636363635916e+00,4.198000000000000065e-01
1.101257193631244996e-01,1.254341416492603389e-02,1.002145454545454450e+00,3.500000000000000000e+00,1.042424242424242441e-02,7.375757575757576311e-03,3.763272727272727138e+02,1.286666666666666714e+01,2.064115151515151680e+01,3.021842121212121128e+03,1.617027272727272758e+00,-9.093248484848485305e+02,-2.185831515151514850e+03,1.968218181818181733e+01,3.226469696969696876e+00,1.189712121212121110e+00,1.232390909090909190e+03,1.075472727272727136e+00,1.245822727272727271e+01,2.785000000000000253e-01,2.168957575757575640e+00,5.556536363636363163e+00,4.198000000000000065e-01
1.101257193631244996e-01,1.463398319241370621e-02,1.002503030303030229e+00,3.500000000000000000e+00,1.216161616161616152e-02,8.605050505050506129e-03,4.390484848484848044e+02,1.501111111111111107e+01,2.063401010101010158e+01,3.021754141414141486e+03,1.616515151515151683e+00,-9.095523232323232605e+02,-2.186020101010100916e+03,1.968221212121212105e+01,3.226397979797980042e+00,1.189714141414141446e+00,1.232372727272727388e+03,1.075451515151514936e+00,1.245771515151515096e+01,2.785000000000000253e-01,2.168950505050505129e+00,5.556409090909090409e+00,4.198000000000000065e-01
1.101257193631244996e-01,1.672455221990137852e-02,1.002860606060606008e+00,3.500000000000000000e+00,1.389898989898989863e-02,9.834343434343435081e-03,5.017696969696969518e+02,1.715555555555555500e+01,2.062686868686868635e+01,3.021666161616161389e+03,1.616003030303030386e+00,-9.097797979797979906e+02,-2.186208686868686527e+03,1.968224242424242121e+01,3.226326262626262764e+00,1.189716161616161560e+00,1.232354545454545359e+03,1.075430303030302959e+00,1.245720303030302922e+01,2.785000000000000253e-01,2.168943434343434173e+00,5.556281818181817655e+00,4.198000000000000065e-01
1.101257193631244996e-01,1.881512124738905084e-02,1.003218181818181787e+00,3.500000000000000000e+00,1.563636363636363574e-02,1.106363636363636403e-02,5.644909090909090992e+02,1.930000000000000071e+01,2.061972727272727468e+01,3.021578181818181747e+03,1.615490909090909089e+00,-9.100072727272727207e+02,-2.186397272727272593e+03,1.968227272727272492e+01,3.226254545454545486e+00,1.189718181818181897e+00,1.232336363636363558e+03,1.075409090909090759e+00,1.245669090909090926e+01,2.785000000000000253e-01,2.168936363636363662e+00,5.556154545454544902e+00,4.198000000000000065e-01
1.101257193631244996e-01,2.090569027487672316e-02,1.003575757575757565e+00,3.500000000000000000e+00,1.737373737373737459e-02,1.229292929292929298e-02,6.272121212121212466e+02,2.144444444444444287e+01,2.061258585858585946e+01,3.021490202020202105e+03,1.614978787878788014e+00,-9.102347474747475644e+02,-2.186585858585858205e+03,1.968230303030302863e+01,3.226182828282828208e+00,1.189720202020202011e+00,1.232318181818181756e+03,1.075387878787878781e+00,1.245617878787878752e+01,2.785000000000000253e-01,2.168929292929293151e+00,5.556027272727272148e+00,4.198000000000000065e-01
1.101257193631244996e-01,2.299625930236439547e-02,1.003933333333333344e+00,3.500000000000000000e+00,1.911111111111110997e-02,1.352222222222222367e-02,6.899333333333332803e+02,2.358888888888888857e+01,2.060544444444444423e+01,3.021402222222222008e+03,1.614466666666666717e+00,-9.104622222222222945e+02,-2.186774444444444271e+03,1.968233333333333235e+01,3.226111111111111374e+00,1.189722222222222126e+00,1.232299999999999955e+03,1.075366666666666582e+00,1.245566666666666578e+01,2.785000000000000253e-01,2.168922222222222196e+00,5.555899999999999395e+00,4.198000000000000065e-01
1.101257193631244996e-01,2.508682832985206779e-02,1.004290909090909123e+00,3.500000000000000000e+00,2.084848484848484881e-02,1.475151515151515262e-02,7.526545454545454277e+02,2.573333333333333428e+01,2.059830303030303256e+01,3.021314242424242366e+03,1.613954545454545420e+00,-9.106896969696970245e+02,-2.186963030303030337e+03,1.968236363636363606e+01,3.226039393939394095e+00,1.189724242424242462e+00,1.232281818181818153e+03,1.075345454545454382e+00,1.245515454545454581e+01,2.785000000000000253e-01,2.168915151515151685e+00,5.555772727272726641e+00,4.198000000000000065e-01
1.101257193631244996e-01,2.717739735733974010e-02,1.004648484848484902e+00,3.500000000000000000e+00,2.258585858585858419e-02,1.598080808080808157e-02,8.153757575757575751e+02,2.787777777777777644e+01,2.059116161616161733e+01,3.021226262626262724e+03,1.613442424242424345e+00,-9.109171717171717546e+02,-2.187151616161615948e+03,1.968239393939393977e+01,3.225967676767676817e+00,1.189726262626262576e+00,1.232263636363636351e+03,1.075324242424242405e+00,1.245464242424242407e+01,2.785000000000000253e-01,2.168908080808080729e+00,5.555645454545453887e+00,4.198000000000000065e-01
1.101257193631244996e-01,2.926796638482741242e-02,1.005006060606060680e+00,3.500000000000000000e+00,2.432323232323232304e-02,1.721010101010101226e-02,8.780969696969696088e+02,3.002222222222222214e+01,2.058402020202020211e+01,3.021138282828282627e+03,1.612930303030303048e+00,-9.111446464646464847e+02,-2.187340202020202014e+03,1.968242424242423994e+01,3.225895959595959539e+00,1.189728282828282913e+00,1.232245454545454550e+03,1.075303030303030205e+00,1.245413030303030233e+01,2.785000000000000253e-01,2.168901010101010218e+00,5.555518181818181134e+00,4.198000000000000065e-01
1.101257193631244996e-01,3.135853541231508473e-02,1.005363636363636459e+00,3.500000000000000000e+00,2.606060606060605842e-02,1.843939393939393948e-02,9.408181818181817562e+02,3.216666666666666430e+01,2.057687878787879043e+01,3.021050303030302985e+03,1.612418181818181973e+00,-9.113721212121212147e+02,-2.187528787878787625e+03,1.968245454545454365e+01,3.225824242424242705e+00,1.189730303030303027e+00,1.232227272727272748e+03,1.075281818181818005e+00,1.245361818181818236e+01,2.785000000000000253e-01,2.168893939393939263e+00,5.555390909090908380e+00,4.198000000000000065e-01
1.101257193631244996e-01,3.344910443980275705e-02,1.005721212121212238e+00,3.500000000000000000e+00,2.779797979797979726e-02,1.966868686868687016e-02,1.003539393939393904e+03,3.431111111111111001e+01,2.056973737373737521e+01,3.020962323232323342e+03,1.611906060606060676e+00,-9.115995959595959448e+02,-2.187717373737373691e+03,1.968248484848484736e+01,3.225752525252525427e+00,1.189732323232323141e+00,1.232209090909090946e+03,1.075260606060606028e+00,1.245310606060606062e+01,2.785000000000000253e-01,2.168886868686868752e+00,5.555263636363635626e+00,4.198000000000000065e-01
1.101257193631244996e-01,3.553967346729042937e-02,1.006078787878787795e+00,3.500000000000000000e+00,2.953535353535353611e-02,2.089797979797980085e-02,1.066260606060606051e+03,3.645555555555555571e+01,2.056259595959595998e+01,3.020874343434343245e+03,1.611393939393939378e+00,-9.118270707070707886e+02,-2.187905959595959303e+03,1.968251515151515108e+01,3.225680808080808148e+00,1.189734343434343478e+00,1.232190909090909145e+03,1.075239393939393828e+00,1.245259393939393888e+01,2.785000000000000253e-01,2.168879797979797797e+00,5.555136363636363761e+00,4.198000000000000065e-01
1.101257193631244996e-01,3.763024249477810168e-02,1.006436363636363573e+00,3.500000000000000000e+00,3.127272727272727149e-02,2.212727272727272806e-02,1.128981818181818198e+03,3.860000000000000142e+01,2.055545454545454476e+01,3.020786363636363603e+03,1.610881818181818304e+00,-9.120545454545455186e+02,-2.188094545454545369e+03,1.968254545454545479e+01,3.225609090909090870e+00,1.189736363636363592e+00,1.232172727272727343e+03,1.075218181818181629e+00,1.245208181818181714e+01,2.785000000000000253e-01,2.168872727272727285e+00,5.555009090909091007e+00,4.198000000000000065e-01
1.101257193631244996e-01,3.972081152226577400e-02,1.006793939393939352e+00,3.500000000000000000e+00,3.301010101010101033e-02,2.335656565656565875e-02,1.191703030303030346e+03,4.074444444444444002e+01,2.054831313131313308e+01,3.020698383838383506e+03,1.610369696969697006e+00,-9.122820202020202487e+02,-2.188283131313130980e+03,1.968257575757575495e+01,3.225537373737374036e+00,1.189738383838383706e+00,1.232154545454545541e+03,1.075196969696969651e+00,1.245156969696969718e+01,2.785000000000000253e-01,2.168865656565656774e+00,5.554881818181818254e+00,4.198000000000000065e-01
1.101257193631244996e-01,4.181138054975344631e-02,1.007151515151515131e+00,3.500000000000000000e+00,3.474747474747474918e-02,2.458585858585858597e-02,1.254424242424242493e+03,4.288888888888888573e+01,2.054117171717171786e+01,3.020610404040403864e+03,1.609857575757575709e+00,-9.125094949494949788e+02,-2.188471717171717046e+03,1.968260606060605866e+01,3.225465656565656758e+00,1.189740404040404043e+00,1.232136363636363740e+03,1.075175757575757451e+00,1.245105757575757544e+01,2.785000000000000253e-01,2.168858585858585819e+00,5.554754545454545500e+00,4.198000000000000065e-01
1.101257193631244996e-01,4.390194957724111863e-02,1.007509090909090910e+00,3.500000000000000000e+00,3.648484848484848109e-02,2.581515151515151665e-02,1.317145454545454413e+03,4.503333333333333144e+01,2.053403030303030263e+01,3.020522424242424222e+03,1.609345454545454634e+00,-9.127369696969697088e+02,-2.188660303030302657e+03,1.968263636363636238e+01,3.225393939393939480e+00,1.189742424242424157e+00,1.232118181818181938e+03,1.075154545454545252e+00,1.245054545454545369e+01,2.785000000000000253e-01,2.168851515151515308e+00,5.554627272727272747e+00,4.198000000000000065e-01
1.101257193631244996e-01,4.599251860472879094e-02,1.007866666666666688e+00,3.500000000000000000e+00,3.822222222222221993e-02,2.704444444444444734e-02,1.379866666666666561e+03,4.717777777777777715e+01,2.052688888888889096e+01,3.020434444444444125e+03,1.608833333333333337e+00,-9.129644444444444389e+02,-2.188848888888888723e+03,1.968266666666666609e+01,3.225322222222222202e+00,1.189744444444444493e+00,1.232099999999999909e+03,1.075133333333333274e+00,1.245003333333333373e+01,2.785000000000000253e-01,2.168844444444444353e+00,5.554499999999999993e+00,4.198000000000000065e-01
1.101257193631244996e-01,4.808308763221646326e-02,1.008224242424242467e+00,3.500000000000000000e+00,3.995959595959595878e-02,2.827373737373737456e-02,1.442587878787878708e+03,4.932222222222222285e+01,2.051974747474747574e+01,3.020346464646464483e+03,1.608321212121212263e+00,-9.131919191919191690e+02,-2.189037474747474789e+03,1.968269696969696980e+01,3.225250505050505367e+00,1.189746464646464608e+00,1.232081818181818107e+03,1.075112121212121075e+00,1.244952121212121199e+01,2.785000000000000253e-01,2.168837373737373841e+00,5.554372727272727239e+00,4.198000000000000065e-01
1.101257193631244996e-01,5.017365665970413557e-02,1.008581818181818246e+00,3.500000000000000000e+00,4.169696969696969763e-02,2.950303030303030524e-02,1.505309090909090855e+03,5.146666666666666856e+01,2.051260606060606051e+01,3.020258484848484841e+03,1.607809090909090965e+00,-9.134193939393940127e+02,-2.189226060606060400e+03,1.968272727272726996e+01,3.225178787878788089e+00,1.189748484848484722e+00,1.232063636363636306e+03,1.075090909090908875e+00,1.244900909090909025e+01,2.785000000000000253e-01,2.168830303030302886e+00,5.554245454545454486e+00,4.198000000000000065e-01
1.101257193631244996e-01,5.226422568719180789e-02,1.008939393939394025e+00,3.500000000000000000e+00,4.343434343434343647e-02,3.073232323232323593e-02,1.568030303030303003e+03,5.361111111111110716e+01,2.050546464646464884e+01,3.020170505050504744e+03,1.607296969696969668e+00,-9.136468686868687428e+02,-2.189414646464646466e+03,1.968275757575757368e+01,3.225107070707070811e+00,1.189750505050505058e+00,1.232045454545454504e+03,1.075069696969696897e+00,1.244849696969697028e+01,2.785000000000000253e-01,2.168823232323232375e+00,5.554118181818181732e+00,4.198000000000000065e-01
1.101257193631244996e-01,5.435479471467948021e-02,1.009296969696969803e+00,3.500000000000000000e+00,4.517171717171716838e-02,3.196161616161616315e-02,1.630751515151515150e+03,5.575555555555555287e+01,2.049832323232323361e+01,3.020082525252525102e+03,1.606784848484848593e+00,-9.138743434343434728e+02,-2.189603232323232078e+03,1.968278787878787739e+01,3.225035353535353533e+00,1.189752525252525173e+00,1.232027272727272702e+03,1.075048484848484698e+00,1.244798484848484854e+01,2.785000000000000253e-01,2.168816161616161420e+00,5.553990909090908978e+00,4.198000000000000065e-01
1.101257193631244996e-01,5.644536374216715252e-02,1.009654545454545582e+00,3.500000000000000000e+00,4.690909090909090723e-02,3.319090909090909036e-02,1.693472727272727298e+03,5.789999999999999858e+01,2.049118181818181839e+01,3.019994545454545460e+03,1.606272727272727296e+00,-9.141018181818182029e+02,-2.189791818181818144e+03,1.968281818181818110e+01,3.224963636363636699e+00,1.189754545454545509e+00,1.232009090909090901e+03,1.075027272727272720e+00,1.244747272727272680e+01,2.785000000000000253e-01,2.168809090909090909e+00,5.553863636363636225e+00,4.198000000000000065e-01
1.101257193631244996e-01,5.853593276965482484e-02,1.010012121212121139e+00,3.500000000000000000e+00,4.864646464646464608e-02,3.442020202020202452e-02,1.756193939393939218e+03,6.004444444444444429e+01,2.048404040404040316e+01,3.019906565656565363e+03,1.605760606060605999e+00,-9.143292929292929330e+02,-2.189980404040403755e+03,1.968284848484848482e+01,3.224891919191919420e+00,1.189756565656565623e+00,1.231990909090909099e+03,1.075006060606060521e+00,1.244696060606060506e+01,2.785000000000000253e-01,2.168802020202020397e+00,5.553736363636363471e+00,4.198000000000000065e-01
1.101257193631244996e-01,6.062650179714249715e-02,1.010369696969696918e+00,3.500000000000000000e+00,5.038383838383838492e-02,3.564949494949495173e-02,1.818915151515151365e+03,6.218888888888888999e+01,2.047689898989899149e+01,3.019818585858585720e+03,1.605248484848484924e+00,-9.145567676767676630e+02,-2.190168989898989821e+03,1.968287878787878498e+01,3.224820202020202142e+00,1.189758585858585738e+00,1.231972727272727298e+03,1.074984848484848321e+00,1.244644848484848509e+01,2.785000000000000253e-01,2.168794949494949442e+00,5.553609090909090718e+00,4.198000000000000065e-01
1.101257193631244996e-01,6.271707082463016947e-02,1.010727272727272696e+00,3.500000000000000000e+00,5.212121212121211683e-02,3.687878787878787895e-02,1.881636363636363512e+03,6.433333333333332860e+01,2.046975757575757626e+01,3.019730606060606078e+03,1.604736363636363627e+00,-9.147842424242425068e+02,-2.190357575757575432e+03,1.968290909090908869e+01,3.224748484848484864e+00,1.189760606060606074e+00,1.231954545454545496e+03,1.074963636363636343e+00,1.244593636363636335e+01,2.785000000000000253e-01,2.168787878787878931e+00,5.553481818181817964e+00,4.198000000000000065e-01
1.101257193631244996e-01,6.480763985211784872e-02,1.011084848484848475e+00,3.500000000000000000e+00,5.385858585858585568e-02,3.810808080808081311e-02,1.944357575757575660e+03,6.647777777777777430e+01,2.046261616161616104e+01,3.019642626262625981e+03,1.604224242424242552e+00,-9.150117171717172369e+02,-2.190546161616161498e+03,1.968293939393939240e+01,3.224676767676768030e+00,1.189762626262626188e+00,1.231936363636363694e+03,1.074942424242424144e+00,1.244542424242424161e+01,2.785000000000000253e-01,2.168780808080807976e+00,5.553354545454545210e+00,4.198000000000000065e-01
1.101257193631244996e-01,6.689820887960551410e-02,1.011442424242424254e+00,3.500000000000000000e+00,5.559595959595959452e-02,3.933737373737374032e-02,2.007078787878787807e+03,6.862222222222222001e+01,2.045547474747474936e+01,3.019554646464646339e+03,1.603712121212121255e+00,-9.152391919191919669e+02,-2.190734747474747110e+03,1.968296969696969612e+01,3.224605050505050752e+00,1.189764646464646525e+00,1.231918181818181893e+03,1.074921212121211944e+00,1.244491212121212165e+01,2.785000000000000253e-01,2.168773737373737465e+00,5.553227272727272457e+00,4.198000000000000065e-01
1.101257193631244996e-01,6.898877790709317948e-02,1.011800000000000033e+00,3.500000000000000000e+00,5.733333333333333337e-02,4.056666666666666754e-02,2.069799999999999727e+03,7.076666666666666572e+01,2.044833333333333414e+01,3.019466666666666697e+03,1.603199999999999958e+00,-9.154666666666666970e+02,-2.190923333333333176e+03,1.968299999999999983e+01,3.224533333333333474e+00,1.189766666666666639e+00,1.231900000000000091e+03,1.074899999999999967e+00,1.244439999999999991e+01,2.785000000000000253e-01,2.168766666666666509e+00,5.553099999999999703e+00,4.198000000000000065e-01
1.101257193631244996e-01,7.107934693458085873e-02,1.012157575757575811e+00,3.500000000000000000e+00,5.907070707070707222e-02,4.179595959595960170e-02,2.132521212121212102e+03,7.291111111111111143e+01,2.044119191919191891e+01,3.019378686868686600e+03,1.602687878787878883e+00,-9.156941414141414270e+02,-2.191111919191919242e+03,1.968303030303029999e+01,3.224461616161616195e+00,1.189768686868686753e+00,1.231881818181818289e+03,1.074878787878787767e+00,1.244388787878787817e+01,2.785000000000000253e-01,2.168759595959595998e+00,5.552972727272726949e+00,4.198000000000000065e-01
1.101257193631244996e-01,7.316991596206853798e-02,1.012515151515151590e+00,3.500000000000000000e+00,6.080808080808080412e-02,4.302525252525252891e-02,2.195242424242424022e+03,7.505555555555555713e+01,2.043405050505050724e+01,3.019290707070706958e+03,1.602175757575757586e+00,-9.159216161616161571e+02,-2.191300505050504853e+03,1.968306060606060370e+01,3.224389898989898917e+00,1.189770707070707090e+00,1.231863636363636488e+03,1.074857575757575567e+00,1.244337575757575820e+01,2.785000000000000253e-01,2.168752525252525043e+00,5.552845454545454196e+00,4.198000000000000065e-01
1.101257193631244996e-01,7.526048498955620336e-02,1.012872727272727369e+00,3.500000000000000000e+00,6.254545454545454297e-02,4.425454545454545613e-02,2.257963636363636397e+03,7.720000000000000284e+01,2.042690909090909201e+01,3.019202727272727316e+03,1.601663636363636289e+00,-9.161490909090908872e+02,-2.191489090909090919e+03,1.968309090909090742e+01,3.224318181818182083e+00,1.189772727272727204e+00,1.231845454545454459e+03,1.074836363636363590e+00,1.244286363636363646e+01,2.785000000000000253e-01,2.168745454545454532e+00,5.552718181818181442e+00,4.198000000000000065e-01
1.101257193631244996e-01,7.735105401704386874e-02,1.013230303030303148e+00,3.500000000000000000e+00,6.428282828282827488e-02,4.548383838383839028e-02,2.320684848484848317e+03,7.934444444444444855e+01,2.041976767676767679e+01,3.019114747474747219e+03,1.601151515151515214e+00,-9.163765656565657309e+02,-2.191677676767676530e+03,1.968312121212121113e+01,3.224246464646464805e+00,1.189774747474747540e+00,1.231827272727272657e+03,1.074815151515151390e+00,1.244235151515151472e+01,2.785000000000000253e-01,2.168738383838384021e+00,5.552590909090908688e+00,4.198000000000000065e-01
1.101257193631244996e-01,7.944162304453154799e-02,1.013587878787878926e+00,3.500000000000000000e+00,6.602020202020202067e-02,4.671313131313131750e-02,2.383406060606060691e+03,8.148888888888888005e+01,2.041262626262626512e+01,3.019026767676767577e+03,1.600639393939393917e+00,-9.166040404040404610e+02,-2.191866262626262596e+03,1.968315151515151484e+01,3.224174747474747527e+00,1.189776767676767655e+00,1.231809090909090855e+03,1.074793939393939191e+00,1.244183939393939475e+01,2.785000000000000253e-01,2.168731313131313065e+00,5.552463636363635935e+00,4.198000000000000065e-01
1.101257193631244996e-01,8.153219207201922725e-02,1.013945454545454483e+00,3.500000000000000000e+00,6.775757575757575257e-02,4.794242424242424472e-02,2.446127272727272612e+03,8.363333333333332575e+01,2.040548484848484989e+01,3.018938787878787934e+03,1.600127272727272842e+00,-9.168315151515151911e+02,-2.192054848484848208e+03,1.968318181818181856e+01,3.224103030303030248e+00,1.189778787878787769e+00,1.231790909090909054e+03,1.074772727272727213e+00,1.244132727272727301e+01,2.785000000000000253e-01,2.168724242424242554e+00,5.552336363636363181e+00,4.198000000000000065e-01
1.101257193631244996e-01,8.362276109950689262e-02,1.014303030303030262e+00,3.500000000000000000e+00,6.949494949494949836e-02,4.917171717171717193e-02,2.508848484848484986e+03,8.577777777777777146e+01,2.039834343434343467e+01,3.018850808080807838e+03,1.599615151515151545e+00,-9.170589898989899211e+02,-2.192243434343434274e+03,1.968321212121211872e+01,3.224031313131313414e+00,1.189780808080808105e+00,1.231772727272727252e+03,1.074751515151515013e+00,1.244081515151515127e+01,2.785000000000000253e-01,2.168717171717171599e+00,5.552209090909090428e+00,4.198000000000000065e-01
1.101257193631244996e-01,8.571333012699455800e-02,1.014660606060606041e+00,3.500000000000000000e+00,7.123232323232323027e-02,5.040101010101010609e-02,2.571569696969696906e+03,8.792222222222221717e+01,2.039120202020201944e+01,3.018762828282828195e+03,1.599103030303030248e+00,-9.172864646464646512e+02,-2.192432020202019885e+03,1.968324242424242243e+01,3.223959595959596136e+00,1.189782828282828220e+00,1.231754545454545450e+03,1.074730303030302814e+00,1.244030303030302953e+01,2.785000000000000253e-01,2.168710101010101088e+00,5.552081818181817674e+00,4.198000000000000065e-01
1.101257193631244996e-01,8.780389915448223725e-02,1.015018181818181819e+00,3.500000000000000000e+00,7.296969696969696217e-02,5.163030303030303331e-02,2.634290909090908826e+03,9.006666666666666288e+01,2.038406060606060777e+01,3.018674848484848553e+03,1.598590909090909173e+00,-9.175139393939393813e+02,-2.192620606060605951e+03,1.968327272727272614e+01,3.223887878787878858e+00,1.189784848484848556e+00,1.231736363636363649e+03,1.074709090909090836e+00,1.243979090909090957e+01,2.785000000000000253e-01,2.168703030303030133e+00,5.551954545454544920e+00,4.198000000000000065e-01
1.101257193631244996e-01,8.989446818196991651e-02,1.015375757575757598e+00,3.500000000000000000e+00,7.470707070707070796e-02,5.285959595959596052e-02,2.697012121212121201e+03,9.221111111111110858e+01,2.037691919191919254e+01,3.018586868686868456e+03,1.598078787878787876e+00,-9.177414141414142250e+02,-2.192809191919191562e+03,1.968330303030302986e+01,3.223816161616161580e+00,1.189786868686868671e+00,1.231718181818181847e+03,1.074687878787878637e+00,1.243927878787878782e+01,2.785000000000000253e-01,2.168695959595959621e+00,5.551827272727272167e+00,4.198000000000000065e-01
1.101257193631244996e-01,9.198503720945758189e-02,1.015733333333333377e+00,3.500000000000000000e+00,7.644444444444443987e-02,5.408888888888889468e-02,2.759733333333333121e+03,9.435555555555555429e+01,2.036977777777777732e+01,3.018498888888888814e+03,1.597566666666666579e+00,-9.179688888888889551e+02,-2.192997777777777628e+03,1.968333333333333357e+01,3.223744444444444746e+00,1.189788888888888785e+00,1.231700000000000045e+03,1.074666666666666659e+00,1.243876666666666608e+01,2.785000000000000253e-01,2.168688888888888666e+00,5.551699999999999413e+00,4.198000000000000065e-01
1.101257193631244996e-01,9.407560623694524726e-02,1.016090909090909156e+00,3.500000000000000000e+00,7.818181818181818565e-02,5.531818181818182190e-02,2.822454545454545496e+03,9.650000000000000000e+01,2.036263636363636564e+01,3.018410909090909172e+03,1.597054545454545504e+00,-9.181963636363636851e+02,-2.193186363636363694e+03,1.968336363636363373e+01,3.223672727272727467e+00,1.189790909090909121e+00,1.231681818181818244e+03,1.074645454545454459e+00,1.243825454545454612e+01,2.785000000000000253e-01,2.168681818181818155e+00,5.551572727272726659e+00,4.198000000000000065e-01
1.101257193631244996e-01,9.616617526443292652e-02,1.016448484848484934e+00,3.500000000000000000e+00,7.991919191919191756e-02,5.654747474747474911e-02,2.885175757575757416e+03,9.864444444444444571e+01,2.035549494949495042e+01,3.018322929292929075e+03,1.596542424242424207e+00,-9.184238383838384152e+02,-2.193374949494949306e+03,1.968339393939393744e+01,3.223601010101010189e+00,1.189792929292929236e+00,1.231663636363636442e+03,1.074624242424242260e+00,1.243774242424242438e+01,2.785000000000000253e-01,2.168674747474747644e+00,5.551445454545453906e+00,4.198000000000000065e-01
1.101257193631244996e-01,9.825674429192060577e-02,1.016806060606060713e+00,3.500000000000000000e+00,8.165656565656564947e-02,5.777676767676768327e-02,2.947896969696969791e+03,1.007888888888888914e+02,2.034835353535353519e+01,3.018234949494949433e+03,1.596030303030303132e+00,-9.186513131313131453e+02,-2.193563535353535372e+03,1.968342424242424116e+01,3.223529292929292911e+00,1.189794949494949572e+00,1.231645454545454641e+03,1.074603030303030282e+00,1.243723030303030264e+01,2.785000000000000253e-01,2.168667676767676689e+00,5.551318181818181152e+00,4.198000000000000065e-01
1.101257193631244996e-01,1.003473133194082711e-01,1.017163636363636492e+00,3.500000000000000000e+00,8.339393939393939525e-02,5.900606060606061049e-02,3.010618181818181711e+03,1.029333333333333371e+02,2.034121212121212352e+01,3.018146969696969791e+03,1.595518181818181835e+00,-9.188787878787878753e+02,-2.193752121212120983e+03,1.968345454545454487e+01,3.223457575757576077e+00,1.189796969696969686e+00,1.231627272727272839e+03,1.074581818181818083e+00,1.243671818181818267e+01,2.785000000000000253e-01,2.168660606060606177e+00,5.551190909090908399e+00,4.198000000000000065e-01
1.101257193631244996e-01,1.024378823468959365e-01,1.017521212121212271e+00,3.500000000000000000e+00,8.513131313131312716e-02,6.023535353535353770e-02,3.073339393939393631e+03,1.050777777777777686e+02,2.033407070707070829e+01,3.018058989898989694e+03,1.595006060606060538e+00,-9.191062626262626054e+02,-2.193940707070707049e+03,1.968348484848484858e+01,3.223385858585858799e+00,1.189798989898989801e+00,1.231609090909091037e+03,1.074560606060605883e+00,1.243620606060606093e+01,2.785000000000000253e-01,2.168653535353535222e+00,5.551063636363635645e+00,4.198000000000000065e-01
1.101257193631244996e-01,1.045284513743836158e-01,1.017878787878787827e+00,3.500000000000000000e+00,8.686868686868687295e-02,6.146464646464647186e-02,3.136060606060606005e+03,1.072222222222222143e+02,2.032692929292929307e+01,3.017971010101010052e+03,1.594493939393939463e+00,-9.193337373737374492e+02,-2.194129292929292660e+03,1.968351515151514874e+01,3.223314141414141520e+00,1.189801010101010137e+00,1.231590909090909008e+03,1.074539393939393905e+00,1.243569393939393919e+01,2.785000000000000253e-01,2.168646464646464711e+00,5.550936363636363780e+00,4.198000000000000065e-01
1.101257193631244996e-01,1.066190204018712950e-01,1.018236363636363606e+00,3.500000000000000000e+00,8.860606060606060486e-02,6.269393939393939907e-02,3.198781818181817926e+03,1.093666666666666600e+02,2.031978787878787784e+01,3.017883030303029955e+03,1.593981818181818166e+00,-9.195612121212121792e+02,-2.194317878787878726e+03,1.968354545454545246e+01,3.223242424242424242e+00,1.189803030303030251e+00,1.231572727272727207e+03,1.074518181818181706e+00,1.243518181818181745e+01,2.785000000000000253e-01,2.168639393939393756e+00,5.550809090909091026e+00,4.198000000000000065e-01
1.101257193631244996e-01,1.087095894293589604e-01,1.018593939393939385e+00,3.500000000000000000e+00,9.034343434343433676e-02,6.392323232323232629e-02,3.261503030303030300e+03,1.115111111111111057e+02,2.031264646464646617e+01,3.017795050505050312e+03,1.593469696969696869e+00,-9.197886868686869093e+02,-2.194506464646464337e+03,1.968357575757575617e+01,3.223170707070707408e+00,1.189805050505050366e+00,1.231554545454545405e+03,1.074496969696969506e+00,1.243466969696969748e+01,2.785000000000000253e-01,2.168632323232323245e+00,5.550681818181818272e+00,4.198000000000000065e-01
1.101257193631244996e-01,1.108001584568466258e-01,1.018951515151515164e+00,3.500000000000000000e+00,9.208080808080808255e-02,6.515252525252525351e-02,3.324224242424242220e+03,1.136555555555555515e+02,2.030550505050505095e+01,3.017707070707070670e+03,1.592957575757575794e+00,-9.200161616161616394e+02,-2.194695050505050403e+03,1.968360606060605988e+01,3.223098989898990130e+00,1.189807070707070702e+00,1.231536363636363603e+03,1.074475757575757529e+00,1.243415757575757574e+01,2.785000000000000253e-01,2.168625252525252289e+00,5.550554545454545519e+00,4.198000000000000065e-01
1.101257193631244996e-01,1.128907274843343050e-01,1.019309090909090942e+00,3.500000000000000000e+00,9.381818181818181446e-02,6.638181818181818072e-02,3.386945454545454595e+03,1.157999999999999972e+02,2.029836363636363572e+01,3.017619090909090573e+03,1.592445454545454497e+00,-9.202436363636363694e+02,-2.194883636363636015e+03,1.968363636363636360e+01,3.223027272727272852e+00,1.189809090909090816e+00,1.231518181818181802e+03,1.074454545454545329e+00,1.243364545454545400e+01,2.785000000000000253e-01,2.168618181818181778e+00,5.550427272727272765e+00,4.198000000000000065e-01
1.101257193631244996e-01,1.149812965118219843e-01,1.019666666666666721e+00,3.500000000000000000e+00,9.555555555555554637e-02,6.761111111111112182e-02,3.449666666666666515e+03,1.179444444444444429e+02,2.029122222222222405e+01,3.017531111111110931e+03,1.591933333333333422e+00,-9.204711111111110995e+02,-2.195072222222222081e+03,1.968366666666666376e+01,3.222955555555555573e+00,1.189811111111111153e+00,1.231500000000000000e+03,1.074433333333333129e+00,1.243313333333333404e+01,2.785000000000000253e-01,2.168611111111111267e+00,5.550300000000000011e+00,4.198000000000000065e-01
1.101257193631244996e-01,1.170718655393096497e-01,1.020024242424242500e+00,3.500000000000000000e+00,9.729292929292929215e-02,6.884040404040404904e-02,3.512387878787878435e+03,1.200888888888888886e+02,2.028408080808080882e+01,3.017443131313131289e+03,1.591421212121212125e+00,-9.206985858585858296e+02,-2.195260808080808147e+03,1.968369696969696747e+01,3.222883838383838739e+00,1.189813131313131267e+00,1.231481818181818198e+03,1.074412121212121152e+00,1.243262121212121230e+01,2.785000000000000253e-01,2.168604040404040312e+00,5.550172727272727258e+00,4.198000000000000065e-01
1.101257193631244996e-01,1.191624345667973150e-01,1.020381818181818279e+00,3.500000000000000000e+00,9.903030303030302406e-02,7.006969696969697625e-02,3.575109090909090810e+03,1.222333333333333343e+02,2.027693939393939360e+01,3.017355151515151192e+03,1.590909090909090828e+00,-9.209260606060606733e+02,-2.195449393939393758e+03,1.968372727272727118e+01,3.222812121212121461e+00,1.189815151515151381e+00,1.231463636363636397e+03,1.074390909090908952e+00,1.243210909090909055e+01,2.785000000000000253e-01,2.168596969696969801e+00,5.550045454545454504e+00,4.198000000000000065e-01
1.101257193631244996e-01,1.212530035942849943e-01,1.020739393939394057e+00,3.500000000000000000e+00,1.007676767676767698e-01,7.129898989898990347e-02,3.637830303030302730e+03,1.243777777777777800e+02,2.026979797979798192e+01,3.017267171717171550e+03,1.590396969696969753e+00,-9.211535353535354034e+02,-2.195637979797979824e+03,1.968375757575757490e+01,3.222740404040404183e+00,1.189817171717171718e+00,1.231445454545454595e+03,1.074369696969696975e+00,1.243159696969697059e+01,2.785000000000000253e-01,2.168589898989898845e+00,5.549918181818181750e+00,4.198000000000000065e-01
1.101257193631244996e-01,1.233435726217726736e-01,1.021096969696969836e+00,3.500000000000000000e+00,1.025050505050505018e-01,7.252828282828283069e-02,3.700551515151515105e+03,1.265222222222222115e+02,2.026265656565656670e+01,3.017179191919191908e+03,1.589884848484848456e+00,-9.213810101010101334e+02,-2.195826565656565435e+03,1.968378787878787861e+01,3.222668686868686905e+00,1.189819191919191832e+00,1.231427272727272793e+03,1.074348484848484775e+00,1.243108484848484885e+01,2.785000000000000253e-01,2.168582828282828334e+00,5.549790909090908997e+00,4.198000000000000065e-01
1.101257193631244996e-01,1.254341416492603389e-01,1.021454545454545615e+00,3.500000000000000000e+00,1.042424242424242337e-01,7.375757575757575790e-02,3.763272727272727025e+03,1.286666666666666572e+02,2.025551515151515147e+01,3.017091212121211811e+03,1.589372727272727159e+00,-9.216084848484848635e+02,-2.196015151515151501e+03,1.968381818181817877e+01,3.222596969696970071e+00,1.189821212121212168e+00,1.231409090909090992e+03,1.074327272727272575e+00,1.243057272727272711e+01,2.785000000000000253e-01,2.168575757575757379e+00,5.549663636363636243e+00,4.198000000000000065e-01
1.101257193631244996e-01,1.275247106767480043e-01,1.021812121212121172e+00,3.500000000000000000e+00,1.059797979797979794e-01,7.498686868686869900e-02,3.825993939393939399e+03,1.308111111111111029e+02,2.024837373737373625e+01,3.017003232323232169e+03,1.588860606060606084e+00,-9.218359595959595936e+02,-2.196203737373737113e+03,1.968384848484848249e+01,3.222525252525252792e+00,1.189823232323232283e+00,1.231390909090909190e+03,1.074306060606060598e+00,1.243006060606060537e+01,2.785000000000000253e-01,2.168568686868686868e+00,5.549536363636363490e+00,4.198000000000000065e-01
1.101257193631244996e-01,1.296152797042356974e-01,1.022169696969696950e+00,3.500000000000000000e+00,1.077171717171717114e-01,7.621616161616162621e-02,3.888715151515151319e+03,1.329555555555555486e+02,2.024123232323232457e+01,3.016915252525252527e+03,1.588348484848484787e+00,-9.220634343434343236e+02,-2.196392323232323179e+03,1.968387878787878620e+01,3.222453535353535514e+00,1.189825252525252397e+00,1.231372727272727388e+03,1.074284848484848398e+00,1.242954848484848540e+01,2.785000000000000253e-01,2.168561616161615913e+00,5.549409090909090736e+00,4.198000000000000065e-01
1.101257193631244996e-01,1.317058487317233628e-01,1.022527272727272729e+00,3.500000000000000000e+00,1.094545454545454571e-01,7.744545454545455343e-02,3.951436363636363694e+03,1.350999999999999943e+02,2.023409090909090935e+01,3.016827272727272430e+03,1.587836363636363712e+00,-9.222909090909091674e+02,-2.196580909090908790e+03,1.968390909090908991e+01,3.222381818181818236e+00,1.189827272727272733e+00,1.231354545454545587e+03,1.074263636363636198e+00,1.242903636363636366e+01,2.785000000000000253e-01,2.168554545454545401e+00,5.549281818181817982e+00,4.198000000000000065e-01
1.101257193631244996e-01,1.337964177592110282e-01,1.022884848484848508e+00,3.500000000000000000e+00,1.111919191919191890e-01,7.867474747474748065e-02,4.014157575757575614e+03,1.372444444444444400e+02,2.022694949494949412e+01,3.016739292929292787e+03,1.587324242424242415e+00,-9.225183838383838975e+02,-2.196769494949494856e+03,1.968393939393939363e+01,3.222310101010101402e+00,1.189829292929292848e+00,1.231336363636363558e+03,1.074242424242424221e+00,1.242852424242424192e+01,2.785000000000000253e-01,2.168547474747474890e+00,5.549154545454545229e+00,4.198000000000000065e-01
1.101257193631244996e-01,1.358869867866986936e-01,1.023242424242424287e+00,3.500000000000000000e+00,1.129292929292929210e-01,7.990404040404040786e-02,4.076878787878787534e+03,1.393888888888888857e+02,2.021980808080808245e+01,3.016651313131313145e+03,1.586812121212121118e+00,-9.227458585858586275e+02,-2.196958080808080467e+03,1.968396969696969734e+01,3.222238383838384124e+00,1.189831313131313184e+00,1.231318181818181756e+03,1.074221212121212021e+00,1.242801212121212195e+01,2.785000000000000253e-01,2.168540404040403935e+00,5.549027272727272475e+00,4.198000000000000065e-01
1.101257193631244996e-01,1.379775558141863590e-01,1.023600000000000065e+00,3.500000000000000000e+00,1.146666666666666667e-01,8.113333333333333508e-02,4.139599999999999454e+03,1.415333333333333314e+02,2.021266666666666723e+01,3.016563333333333048e+03,1.586300000000000043e+00,-9.229733333333333576e+02,-2.197146666666666533e+03,1.968399999999999750e+01,3.222166666666666845e+00,1.189833333333333298e+00,1.231299999999999955e+03,1.074199999999999822e+00,1.242750000000000021e+01,2.785000000000000253e-01,2.168533333333333424e+00,5.548899999999999721e+00,4.198000000000000065e-01
1.101257193631244996e-01,1.400681248416740521e-01,1.023957575757575844e+00,3.500000000000000000e+00,1.164040404040403986e-01,8.236262626262626230e-02,4.202321212121211829e+03,1.436777777777777771e+02,2.020552525252525200e+01,3.016475353535353406e+03,1.585787878787878746e+00,-9.232008080808080877e+02,-2.197335252525252599e+03,1.968403030303030121e+01,3.222094949494949567e+00,1.189835353535353413e+00,1.231281818181818153e+03,1.074178787878787844e+00,1.242698787878787847e+01,2.785000000000000253e-01,2.168526262626262469e+00,5.548772727272726968e+00,4.198000000000000065e-01
1.101257193631244996e-01,1.421586938691617175e-01,1.024315151515151623e+00,3.500000000000000000e+00,1.181414141414141444e-01,8.359191919191920339e-02,4.265042424242424204e+03,1.458222222222222229e+02,2.019838383838384033e+01,3.016387373737373764e+03,1.585275757575757449e+00,-9.234282828282828177e+02,-2.197523838383838211e+03,1.968406060606060493e+01,3.222023232323232289e+00,1.189837373737373749e+00,1.231263636363636351e+03,1.074157575757575644e+00,1.242647575757575851e+01,2.785000000000000253e-01,2.168519191919191957e+00,5.548645454545454214e+00,4.198000000000000065e-01
1.101257193631244996e-01,1.442492628966493828e-01,1.024672727272727402e+00,3.500000000000000000e+00,1.198787878787878763e-01,8.482121212121213061e-02,4.327763636363636579e+03,1.479666666666666686e+02,2.019124242424242510e+01,3.016299393939393667e+03,1.584763636363636374e+00,-9.236557575757575478e+02,-2.197712424242424277e+03,1.968409090909090864e+01,3.221951515151515455e+00,1.189839393939393863e+00,1.231245454545454550e+03,1.074136363636363445e+00,1.242596363636363677e+01,2.785000000000000253e-01,2.168512121212121002e+00,5.548518181818181461e+00,4.198000000000000065e-01
1.101257193631244996e-01,1.463398319241370760e-01,1.025030303030303180e+00,3.500000000000000000e+00,1.216161616161616082e-01,8.605050505050505782e-02,4.390484848484848044e+03,1.501111111111111143e+02,2.018410101010100988e+01,3.016211414141414025e+03,1.584251515151515077e+00,-9.238832323232323915e+02,-2.197901010101009888e+03,1.968412121212121235e+01,3.221879797979798177e+00,1.189841414141414200e+00,1.231227272727272748e+03,1.074115151515151467e+00,1.242545151515151503e+01,2.785000000000000253e-01,2.168505050505050491e+00,5.548390909090908707e+00,4.198000000000000065e-01
1.101257193631244996e-01,1.484304009516247413e-01,1.025387878787878959e+00,3.500000000000000000e+00,1.233535353535353540e-01,8.727979797979798504e-02,4.453206060606060419e+03,1.522555555555555600e+02,2.017695959595959465e+01,3.016123434343434383e+03,1.583739393939394002e+00,-9.241107070707071216e+02,-2.198089595959595954e+03,1.968415151515151251e+01,3.221808080808080899e+00,1.189843434343434314e+00,1.231209090909090946e+03,1.074093939393939268e+00,1.242493939393939506e+01,2.785000000000000253e-01,2.168497979797979536e+00,5.548263636363635953e+00,4.198000000000000065e-01
1.101257193631244996e-01,1.505209699791124067e-01,1.025745454545454516e+00,3.500000000000000000e+00,1.250909090909090859e-01,8.850909090909091226e-02,4.515927272727272793e+03,1.544000000000000057e+02,2.016981818181818298e+01,3.016035454545454286e+03,1.583227272727272705e+00,-9.243381818181818517e+02,-2.198278181818181565e+03,1.968418181818181623e+01,3.221736363636363620e+00,1.189845454545454428e+00,1.231190909090909145e+03,1.074072727272727068e+00,1.242442727272727332e+01,2.785000000000000253e-01,2.168490909090909025e+00,5.548136363636363200e+00,4.198000000000000065e-01
1.101257193631244996e-01,1.526115390066000721e-01,1.026103030303030295e+00,3.500000000000000000e+00,1.268282828282828179e-01,8.973838383838383947e-02,4.578648484848484259e+03,1.565444444444444514e+02,2.016267676767676775e+01,3.015947474747474644e+03,1.582715151515151408e+00,-9.245656565656565817e+02,-2.198466767676767631e+03,1.968421212121211994e+01,3.221664646464646786e+00,1.189847474747474765e+00,1.231172727272727343e+03,1.074051515151515090e+00,1.242391515151515158e+01,2.785000000000000253e-01,2.168483838383838513e+00,5.548009090909090446e+00,4.198000000000000065e-01
1.101257193631244996e-01,1.547021080340877375e-01,1.026460606060606073e+00,3.500000000000000000e+00,1.285656565656565498e-01,9.096767676767678057e-02,4.641369696969696633e+03,1.586888888888888971e+02,2.015553535353535253e+01,3.015859494949495001e+03,1.582203030303030333e+00,-9.247931313131313118e+02,-2.198655353535353242e+03,1.968424242424242365e+01,3.221592929292929508e+00,1.189849494949494879e+00,1.231154545454545541e+03,1.074030303030302891e+00,1.242340303030302984e+01,2.785000000000000253e-01,2.168476767676767558e+00,5.547881818181817692e+00,4.198000000000000065e-01
1.101257193631244996e-01,1.567926770615754306e-01,1.026818181818181852e+00,3.500000000000000000e+00,1.303030303030303094e-01,9.219696969696970779e-02,4.704090909090909008e+03,1.608333333333333144e+02,2.014839393939394085e+01,3.015771515151514905e+03,1.581690909090909036e+00,-9.250206060606060419e+02,-2.198843939393939309e+03,1.968427272727272737e+01,3.221521212121212230e+00,1.189851515151515216e+00,1.231136363636363740e+03,1.074009090909090913e+00,1.242289090909090987e+01,2.785000000000000253e-01,2.168469696969697047e+00,5.547754545454544939e+00,4.198000000000000065e-01
1.101257193631244996e-01,1.588832460890630960e-01,1.027175757575757631e+00,3.500000000000000000e+00,1.320404040404040413e-01,9.342626262626263500e-02,4.766812121212121383e+03,1.629777777777777601e+02,2.014125252525252563e+01,3.015683535353535262e+03,1.581178787878787739e+00,-9.252480808080808856e+02,-2.199032525252524920e+03,1.968430303030302753e+01,3.221449494949494952e+00,1.189853535353535330e+00,1.231118181818181938e+03,1.073987878787878714e+00,1.242237878787878813e+01,2.785000000000000253e-01,2.168462626262626092e+00,5.547627272727272185e+00,4.198000000000000065e-01
1.101257193631244996e-01,1.609738151165507614e-01,1.027533333333333410e+00,3.500000000000000000e+00,1.337777777777777732e-01,9.465555555555556222e-02,4.829533333333332848e+03,1.651222222222222058e+02,2.013411111111111040e+01,3.015595555555555620e+03,1.580666666666666664e+00,-9.254755555555556157e+02,-2.199221111111110986e+03,1.968433333333333124e+01,3.221377777777778117e+00,1.189855555555555444e+00,1.231100000000000136e+03,1.073966666666666514e+00,1.242186666666666639e+01,2.785000000000000253e-01,2.168455555555555581e+00,5.547499999999999432e+00,4.198000000000000065e-01
1.101257193631244996e-01,1.630643841440384545e-01,1.027890909090909188e+00,3.500000000000000000e+00,1.355151515151515051e-01,9.588484848484848944e-02,4.892254545454545223e+03,1.672666666666666515e+02,2.012696969696969873e+01,3.015507575757575523e+03,1.580154545454545367e+00,-9.257030303030303457e+02,-2.199409696969697052e+03,1.968436363636363495e+01,3.221306060606060839e+00,1.189857575757575781e+00,1.231081818181818107e+03,1.073945454545454536e+00,1.242135454545454643e+01,2.785000000000000253e-01,2.168448484848484625e+00,5.547372727272726678e+00,4.198000000000000065e-01
1.101257193631244996e-01,1.651549531715261199e-01,1.028248484848484967e+00,3.500000000000000000e+00,1.372525252525252371e-01,9.711414141414141665e-02,4.954975757575757598e+03,1.694111111111110972e+02,2.011982828282828351e+01,3.015419595959595881e+03,1.579642424242424070e+00,-9.259305050505050758e+02,-2.199598282828282663e+03,1.968439393939393867e+01,3.221234343434343561e+00,1.189859595959595895e+00,1.231063636363636306e+03,1.073924242424242337e+00,1.242084242424242468e+01,2.785000000000000253e-01,2.168441414141414114e+00,5.547245454545453924e+00,4.198000000000000065e-01
1.101257193631244996e-01,1.672455221990137852e-01,1.028606060606060746e+00,3.500000000000000000e+00,1.389898989898989967e-01,9.834343434343434387e-02,5.017696969696969973e+03,1.715555555555555429e+02,2.011268686868686828e+01,3.015331616161616239e+03,1.579130303030302995e+00,-9.261579797979798059e+02,-2.199786868686868729e+03,1.968442424242424238e+01,3.221162626262626283e+00,1.189861616161616231e+00,1.231045454545454504e+03,1.073903030303030137e+00,1.242033030303030294e+01,2.785000000000000253e-01,2.168434343434343159e+00,5.547118181818181171e+00,4.198000000000000065e-01
1.101257193631244996e-01,1.693360912265014506e-01,1.028963636363636525e+00,3.500000000000000000e+00,1.407272727272727286e-01,9.957272727272728496e-02,5.080418181818181438e+03,1.736999999999999886e+02,2.010554545454545661e+01,3.015243636363636142e+03,1.578618181818181698e+00,-9.263854545454545359e+02,-2.199975454545454340e+03,1.968445454545454254e+01,3.221090909090909449e+00,1.189863636363636346e+00,1.231027272727272702e+03,1.073881818181818160e+00,1.241981818181818298e+01,2.785000000000000253e-01,2.168427272727272648e+00,5.546990909090908417e+00,4.198000000000000065e-01
1.101257193631244996e-01,1.714266602539891160e-01,1.029321212121212303e+00,3.500000000000000000e+00,1.424646464646464605e-01,1.008020202020202122e-01,5.143139393939393813e+03,1.758444444444444343e+02,2.009840404040404138e+01,3.015155656565656500e+03,1.578106060606060623e+00,-9.266129292929292660e+02,-2.200164040404040406e+03,1.968448484848484625e+01,3.221019191919192171e+00,1.189865656565656460e+00,1.231009090909090901e+03,1.073860606060605960e+00,1.241930606060606124e+01,2.785000000000000253e-01,2.168420202020202137e+00,5.546863636363635663e+00,4.198000000000000065e-01
1.101257193631244996e-01,1.735172292814768091e-01,1.029678787878787860e+00,3.500000000000000000e+00,1.442020202020201924e-01,1.020313131313131394e-01,5.205860606060606187e+03,1.779888888888888800e+02,2.009126262626262616e+01,3.015067676767676403e+03,1.577593939393939326e+00,-9.268404040404041098e+02,-2.200352626262626018e+03,1.968451515151514997e+01,3.220947474747474892e+00,1.189867676767676796e+00,1.230990909090909099e+03,1.073839393939393760e+00,1.241879393939393950e+01,2.785000000000000253e-01,2.168413131313131181e+00,5.546736363636363798e+00,4.198000000000000065e-01
1.101257193631244996e-01,1.756077983089644745e-01,1.030036363636363639e+00,3.500000000000000000e+00,1.459393939393939243e-01,1.032606060606060666e-01,5.268581818181817653e+03,1.801333333333333258e+02,2.008412121212121093e+01,3.014979696969696761e+03,1.577081818181818029e+00,-9.270678787878788398e+02,-2.200541212121212084e+03,1.968454545454545368e+01,3.220875757575757614e+00,1.189869696969696911e+00,1.230972727272727298e+03,1.073818181818181783e+00,1.241828181818181775e+01,2.785000000000000253e-01,2.168406060606060670e+00,5.546609090909091044e+00,4.198000000000000065e-01
1.101257193631244996e-01,1.776983673364521399e-01,1.030393939393939418e+00,3.500000000000000000e+00,1.476767676767676840e-01,1.044898989898989938e-01,5.331303030303030027e+03,1.822777777777777715e+02,2.007697979797979926e+01,3.014891717171717119e+03,1.576569696969696954e+00,-9.272953535353535699e+02,-2.200729797979797695e+03,1.968457575757575739e+01,3.220804040404040780e+00,1.189871717171717025e+00,1.230954545454545496e+03,1.073796969696969583e+00,1.241776969696969779e+01,2.785000000000000253e-01,2.168398989898989715e+00,5.546481818181818291e+00,4.198000000000000065e-01
1.101257193631244996e-01,1.797889363639398330e-01,1.030751515151515196e+00,3.500000000000000000e+00,1.494141414141414159e-01,1.057191919191919210e-01,5.394024242424242402e+03,1.844222222222222172e+02,2.006983838383838403e+01,3.014803737373737022e+03,1.576057575757575657e+00,-9.275228282828283000e+02,-2.200918383838383761e+03,1.968460606060605755e+01,3.220732323232323502e+00,1.189873737373737361e+00,1.230936363636363694e+03,1.073775757575757384e+00,1.241725757575757605e+01,2.785000000000000253e-01,2.168391919191919204e+00,5.546354545454545537e+00,4.198000000000000065e-01
1.101257193631244996e-01,1.818795053914274984e-01,1.031109090909090975e+00,3.500000000000000000e+00,1.511515151515151478e-01,1.069484848484848621e-01,5.456745454545454777e+03,1.865666666666666629e+02,2.006269696969696881e+01,3.014715757575757380e+03,1.575545454545454582e+00,-9.277503030303030300e+02,-2.201106969696969372e+03,1.968463636363636127e+01,3.220660606060606224e+00,1.189875757575757476e+00,1.230918181818181893e+03,1.073754545454545406e+00,1.241674545454545431e+01,2.785000000000000253e-01,2.168384848484848249e+00,5.546227272727272783e+00,4.198000000000000065e-01
1.101257193631244996e-01,1.839700744189151638e-01,1.031466666666666754e+00,3.500000000000000000e+00,1.528888888888888797e-01,1.081777777777777894e-01,5.519466666666666242e+03,1.887111111111111086e+02,2.005555555555555713e+01,3.014627777777777737e+03,1.575033333333333285e+00,-9.279777777777777601e+02,-2.201295555555555438e+03,1.968466666666666498e+01,3.220588888888888945e+00,1.189877777777777812e+00,1.230900000000000091e+03,1.073733333333333206e+00,1.241623333333333434e+01,2.785000000000000253e-01,2.168377777777777737e+00,5.546100000000000030e+00,4.198000000000000065e-01
1.101257193631244996e-01,1.860606434464028291e-01,1.031824242424242533e+00,3.500000000000000000e+00,1.546262626262626116e-01,1.094070707070707166e-01,5.582187878787878617e+03,1.908555555555555543e+02,2.004841414141414191e+01,3.014539797979797640e+03,1.574521212121211988e+00,-9.282052525252524902e+02,-2.201484141414141504e+03,1.968469696969696869e+01,3.220517171717172111e+00,1.189879797979797926e+00,1.230881818181818289e+03,1.073712121212121007e+00,1.241572121212121260e+01,2.785000000000000253e-01,2.168370707070706782e+00,5.545972727272727276e+00,4.198000000000000065e-01
1.101257193631244996e-01,1.881512124738904945e-01,1.032181818181818311e+00,3.500000000000000000e+00,1.563636363636363713e-01,1.106363636363636438e-01,5.644909090909090992e+03,1.930000000000000000e+02,2.004127272727272668e+01,3.014451818181817998e+03,1.574009090909090913e+00,-9.284327272727273339e+02,-2.201672727272727116e+03,1.968472727272727241e+01,3.220445454545454833e+00,1.189881818181818041e+00,1.230863636363636488e+03,1.073690909090909029e+00,1.241520909090909086e+01,2.785000000000000253e-01,2.168363636363636271e+00,5.545845454545454523e+00,4.198000000000000065e-01
1.101257193631244996e-01,1.902417815013781877e-01,1.032539393939394090e+00,3.500000000000000000e+00,1.581010101010101032e-01,1.118656565656565710e-01,5.707630303030302457e+03,1.951444444444444457e+02,2.003413131313131501e+01,3.014363838383838356e+03,1.573496969696969616e+00,-9.286602020202020640e+02,-2.201861313131313182e+03,1.968475757575757612e+01,3.220373737373737555e+00,1.189883838383838377e+00,1.230845454545454686e+03,1.073669696969696830e+00,1.241469696969697090e+01,2.785000000000000253e-01,2.168356565656565760e+00,5.545718181818181769e+00,4.198000000000000065e-01
1.101257193631244996e-01,1.923323505288658530e-01,1.032896969696969869e+00,3.500000000000000000e+00,1.598383838383838351e-01,1.130949494949494982e-01,5.770351515151514832e+03,1.972888888888888914e+02,2.002698989898989979e+01,3.014275858585858259e+03,1.572984848484848319e+00,-9.288876767676767940e+02,-2.202049898989898793e+03,1.968478787878787628e+01,3.220302020202020277e+00,1.189885858585858491e+00,1.230827272727272657e+03,1.073648484848484852e+00,1.241418484848484916e+01,2.785000000000000253e-01,2.168349494949494805e+00,5.545590909090909015e+00,4.198000000000000065e-01
1.101257193631244996e-01,1.944229195563535184e-01,1.033254545454545648e+00,3.500000000000000000e+00,1.615757575757575670e-01,1.143242424242424393e-01,5.833072727272727207e+03,1.994333333333333371e+02,2.001984848484848456e+01,3.014187878787878617e+03,1.572472727272727244e+00,-9.291151515151515241e+02,-2.202238484848484859e+03,1.968481818181817999e+01,3.220230303030303443e+00,1.189887878787878828e+00,1.230809090909090855e+03,1.073627272727272652e+00,1.241367272727272741e+01,2.785000000000000253e-01,2.168342424242424293e+00,5.545463636363636262e+00,4.198000000000000065e-01
1.101257193631244996e-01,1.965134885838412115e-01,1.033612121212121204e+00,3.500000000000000000e+00,1.633131313131312989e-01,1.155535353535353665e-01,5.895793939393939581e+03,2.015777777777777828e+02,2.001270707070706933e+01,3.014099898989898975e+03,1.571960606060605947e+00,-9.293426262626262542e+02,-2.202427070707070470e+03,1.968484848484848371e+01,3.220158585858586164e+00,1.189889898989898942e+00,1.230790909090909054e+03,1.073606060606060453e+00,1.241316060606060567e+01,2.785000000000000253e-01,2.168335353535353338e+00,5.545336363636363508e+00,4.198000000000000065e-01
1.101257193631244996e-01,1.986040576113288769e-01,1.033969696969696983e+00,3.500000000000000000e+00,1.650505050505050586e-01,1.167828282828282938e-01,5.958515151515151047e+03,2.037222222222222285e+02,2.000556565656565766e+01,3.014011919191918878e+03,1.571448484848484650e+00,-9.295701010101009842e+02,-2.202615656565656536e+03,1.968487878787878742e+01,3.220086868686868886e+00,1.189891919191919056e+00,1.230772727272727252e+03,1.073584848484848475e+00,1.241264848484848571e+01,2.785000000000000253e-01,2.168328282828282827e+00,5.545209090909090754e+00,4.198000000000000065e-01
1.101257193631244996e-01,2.006946266388165423e-01,1.034327272727272762e+00,3.500000000000000000e+00,1.667878787878787905e-01,1.180121212121212210e-01,6.021236363636363421e+03,2.058666666666666742e+02,1.999842424242424244e+01,3.013923939393939236e+03,1.570936363636363575e+00,-9.297975757575758280e+02,-2.202804242424242148e+03,1.968490909090909113e+01,3.220015151515151608e+00,1.189893939393939393e+00,1.230754545454545450e+03,1.073563636363636276e+00,1.241213636363636397e+01,2.785000000000000253e-01,2.168321212121211872e+00,5.545081818181818001e+00,4.198000000000000065e-01
1.101257193631244996e-01,2.027851956663042077e-01,1.034684848484848541e+00,3.500000000000000000e+00,1.685252525252525224e-01,1.192414141414141482e-01,6.083957575757575796e+03,2.080111111111110915e+02,1.999128282828282721e+01,3.013835959595959594e+03,1.570424242424242278e+00,-9.300250505050505581e+02,-2.202992828282828214e+03,1.968493939393939129e+01,3.219943434343434774e+00,1.189895959595959507e+00,1.230736363636363649e+03,1.073542424242424076e+00,1.241162424242424223e+01,2.785000000000000253e-01,2.168314141414141361e+00,5.544954545454545247e+00,4.198000000000000065e-01
1.101257193631244996e-01,2.048757646937918731e-01,1.035042424242424319e+00,3.500000000000000000e+00,1.702626262626262543e-01,1.204707070707070754e-01,6.146678787878787261e+03,2.101555555555555372e+02,1.998414141414141554e+01,3.013747979797979497e+03,1.569912121212121203e+00,-9.302525252525252881e+02,-2.203181414141413825e+03,1.968496969696969501e+01,3.219871717171717496e+00,1.189897979797979843e+00,1.230718181818181847e+03,1.073521212121212098e+00,1.241111212121212226e+01,2.785000000000000253e-01,2.168307070707070405e+00,5.544827272727272494e+00,4.198000000000000065e-01
1.101257193631244996e-01,2.069663337212795384e-01,1.035400000000000098e+00,3.500000000000000000e+00,1.719999999999999862e-01,1.217000000000000026e-01,6.209399999999999636e+03,2.123000000000000114e+02,1.997700000000000031e+01,3.013659999999999854e+03,1.569399999999999906e+00,-9.304800000000000182e+02,-2.203369999999999891e+03,1.968499999999999872e+01,3.219800000000000217e+00,1.189899999999999958e+00,1.230700000000000045e+03,1.073499999999999899e+00,1.241060000000000052e+01,2.785000000000000253e-01,2.168299999999999894e+00,5.544699999999999740e+00,4.198000000000000065e-01
1.100720133353393776e-01,2.107965082388303935e-01,1.035400000000000098e+00,3.496599999999999930e+00,1.729999999999999871e-01,1.218000000000000055e-01,6.203500000000000000e+03,2.125000000000000000e+02,1.997700000000000031e+01,3.013639999999999873e+03,1.569399999999999906e+00,-9.305299999999999727e+02,-2.203409999999999854e+03,1.968499999999999872e+01,3.219800000000000217e+00,1.189899999999999958e+00,1.230700000000000045e+03,1.073499999999999899e+00,1.241039999999999921e+01,2.785000000000000253e-01,2.168299999999999894e+00,5.544699999999999740e+00,4.198000000000000065e-01
1.099107683666164376e-01,2.146266827563812207e-01,1.035500000000000087e+00,3.486299999999999955e+00,1.729999999999999871e-01,1.222000000000000031e-01,6.186000000000000000e+03,2.130999999999999943e+02,1.997400000000000020e+01,3.013590000000000146e+03,1.569299999999999917e+00,-9.306599999999999682e+02,-2.203519999999999982e+03,1.968499999999999872e+01,3.219700000000000006e+00,1.189899999999999958e+00,1.230700000000000045e+03,1.073499999999999899e+00,1.240980000000000061e+01,2.785000000000000253e-01,2.168299999999999894e+00,5.544599999999999973e+00,4.198000000000000065e-01
1.096416022972230148e-01,2.184568572739320758e-01,1.035700000000000065e+00,3.469300000000000050e+00,1.739999999999999880e-01,1.228000000000000064e-01,6.156800000000000182e+03,2.141999999999999886e+02,1.997100000000000009e+01,3.013510000000000218e+03,1.568999999999999950e+00,-9.308899999999999864e+02,-2.203719999999999800e+03,1.968499999999999872e+01,3.219599999999999795e+00,1.189899999999999958e+00,1.230700000000000045e+03,1.073499999999999899e+00,1.240889999999999915e+01,2.785000000000000253e-01,2.168299999999999894e+00,5.544500000000000206e+00,4.198000000000000065e-01
1.092638731403978020e-01,2.222870317914829308e-01,1.036000000000000032e+00,3.445399999999999796e+00,1.749999999999999889e-01,1.237000000000000044e-01,6.115899999999999636e+03,2.156999999999999886e+02,1.996600000000000108e+01,3.013400000000000091e+03,1.568699999999999983e+00,-9.312200000000000273e+02,-2.204000000000000000e+03,1.968499999999999872e+01,3.219399999999999817e+00,1.189899999999999958e+00,1.230599999999999909e+03,1.073499999999999899e+00,1.240750000000000064e+01,2.785000000000000253e-01,2.168299999999999894e+00,5.544299999999999784e+00,4.198000000000000065e-01
1.087766713532268698e-01,2.261172063090337581e-01,1.036299999999999999e+00,3.414800000000000058e+00,1.769999999999999907e-01,1.247999999999999943e-01,6.063399999999999636e+03,2.176999999999999886e+02,1.995899999999999963e+01,3.013250000000000000e+03,1.568200000000000038e+00,-9.316599999999999682e+02,-2.204360000000000127e+03,1.968499999999999872e+01,3.219100000000000072e+00,1.189899999999999958e+00,1.230599999999999909e+03,1.073399999999999910e+00,1.240569999999999951e+01,2.785000000000000253e-01,2.168299999999999894e+00,5.544100000000000250e+00,4.198000000000000065e-01
1.081788087115069658e-01,2.299473808265846131e-01,1.036799999999999944e+00,3.377299999999999969e+00,1.789999999999999925e-01,1.262999999999999956e-01,5.999399999999999636e+03,2.201999999999999886e+02,1.994999999999999929e+01,3.013059999999999945e+03,1.567700000000000093e+00,-9.322000000000000455e+02,-2.204820000000000164e+03,1.968599999999999994e+01,3.218700000000000117e+00,1.189899999999999958e+00,1.230599999999999909e+03,1.073399999999999910e+00,1.240349999999999930e+01,2.785000000000000253e-01,2.168200000000000127e+00,5.543800000000000061e+00,4.198000000000000065e-01
1.074688034655475327e-01,2.337775553441354681e-01,1.037300000000000111e+00,3.333200000000000163e+00,1.809999999999999942e-01,1.280000000000000027e-01,5.923800000000000182e+03,2.231999999999999886e+02,1.994000000000000128e+01,3.012820000000000164e+03,1.566999999999999948e+00,-9.328700000000000045e+02,-2.205380000000000109e+03,1.968599999999999994e+01,3.218300000000000161e+00,1.189899999999999958e+00,1.230500000000000000e+03,1.073299999999999921e+00,1.240070000000000050e+01,2.786000000000000143e-01,2.168200000000000127e+00,5.543499999999999872e+00,4.198000000000000065e-01
1.066448613331625189e-01,2.376077298616862954e-01,1.038000000000000034e+00,3.282200000000000006e+00,1.839999999999999969e-01,1.300999999999999934e-01,5.836699999999999818e+03,2.268000000000000114e+02,1.992699999999999960e+01,3.012539999999999964e+03,1.566100000000000048e+00,-9.336799999999999500e+02,-2.206059999999999945e+03,1.968599999999999994e+01,3.217799999999999994e+00,1.189899999999999958e+00,1.230500000000000000e+03,1.073299999999999921e+00,1.239739999999999931e+01,2.786000000000000143e-01,2.168200000000000127e+00,5.543000000000000149e+00,4.198000000000000065e-01
1.057048517408986504e-01,2.414379043792371504e-01,1.038799999999999946e+00,3.224600000000000133e+00,1.880000000000000004e-01,1.325000000000000067e-01,5.738300000000000182e+03,2.310000000000000000e+02,1.991199999999999903e+01,3.012199999999999818e+03,1.565099999999999936e+00,-9.346399999999999864e+02,-2.206869999999999891e+03,1.968599999999999994e+01,3.217200000000000060e+00,1.189899999999999958e+00,1.230400000000000091e+03,1.073199999999999932e+00,1.239339999999999975e+01,2.786000000000000143e-01,2.168200000000000127e+00,5.542500000000000426e+00,4.198000000000000065e-01
1.046462785453499550e-01,2.452680788967879777e-01,1.039700000000000069e+00,3.160400000000000098e+00,1.920000000000000040e-01,1.353000000000000036e-01,5.628600000000000364e+03,2.359000000000000057e+02,1.989399999999999835e+01,3.011809999999999945e+03,1.564000000000000057e+00,-9.357799999999999727e+02,-2.207820000000000164e+03,1.968599999999999994e+01,3.216499999999999915e+00,1.189999999999999947e+00,1.230299999999999955e+03,1.073099999999999943e+00,1.238870000000000005e+01,2.786000000000000143e-01,2.168099999999999916e+00,5.541900000000000048e+00,4.198000000000000065e-01
1.034662442405461374e-01,2.490982534143388327e-01,1.040799999999999947e+00,3.089500000000000135e+00,1.960000000000000075e-01,1.385000000000000120e-01,5.507800000000000182e+03,2.415000000000000000e+02,1.987300000000000111e+01,3.011340000000000146e+03,1.562599999999999989e+00,-9.371200000000000045e+02,-2.208949999999999818e+03,1.968599999999999994e+01,3.215700000000000003e+00,1.189999999999999947e+00,1.230200000000000045e+03,1.072999999999999954e+00,1.238320000000000043e+01,2.786000000000000143e-01,2.168099999999999916e+00,5.541199999999999903e+00,4.198000000000000065e-01
1.021614063675621992e-01,2.529284279318896878e-01,1.042100000000000026e+00,3.012100000000000222e+00,2.020000000000000129e-01,1.421999999999999931e-01,5.375899999999999636e+03,2.480000000000000000e+02,1.984900000000000020e+01,3.010780000000000200e+03,1.560899999999999954e+00,-9.387000000000000455e+02,-2.210280000000000200e+03,1.968700000000000117e+01,3.214700000000000113e+00,1.189999999999999947e+00,1.230099999999999909e+03,1.072799999999999976e+00,1.237659999999999982e+01,2.787000000000000033e-01,2.168000000000000149e+00,5.540399999999999991e+00,4.198000000000000065e-01
1.007279244645886002e-01,2.567586024494405428e-01,1.043600000000000083e+00,2.928100000000000147e+00,2.079999999999999905e-01,1.464000000000000024e-01,5.233100000000000364e+03,2.554000000000000057e+02,1.981899999999999906e+01,3.010130000000000109e+03,1.558999999999999941e+00,-9.405700000000000500e+02,-2.211849999999999909e+03,1.968700000000000117e+01,3.213600000000000012e+00,1.189999999999999947e+00,1.230000000000000000e+03,1.072699999999999987e+00,1.236890000000000001e+01,2.787000000000000033e-01,2.168000000000000149e+00,5.539399999999999658e+00,4.198000000000000065e-01
9.916139539562716931e-02,2.605887769669913423e-01,1.045500000000000096e+00,2.837800000000000100e+00,2.149999999999999967e-01,1.512999999999999901e-01,5.079500000000000000e+03,2.638999999999999773e+02,1.978500000000000014e+01,3.009360000000000127e+03,1.556699999999999973e+00,-9.427799999999999727e+02,-2.213710000000000036e+03,1.968700000000000117e+01,3.212200000000000166e+00,1.190099999999999936e+00,1.229799999999999955e+03,1.072500000000000009e+00,1.235979999999999990e+01,2.787000000000000033e-01,2.167899999999999938e+00,5.538199999999999790e+00,4.198000000000000065e-01
9.745677422469699314e-02,2.644189514845421973e-01,1.047600000000000087e+00,2.741000000000000103e+00,2.230000000000000038e-01,1.569000000000000117e-01,4.915500000000000000e+03,2.736999999999999886e+02,1.974399999999999977e+01,3.008440000000000055e+03,1.554000000000000048e+00,-9.454199999999999591e+02,-2.215920000000000073e+03,1.968799999999999883e+01,3.210599999999999898e+00,1.190099999999999936e+00,1.229700000000000045e+03,1.072300000000000031e+00,1.234890000000000043e+01,2.787999999999999923e-01,2.167800000000000171e+00,5.536900000000000155e+00,4.198000000000000065e-01
9.560827688823243797e-02,2.682491260020930524e-01,1.050200000000000022e+00,2.637999999999999901e+00,2.320000000000000118e-01,1.633999999999999897e-01,4.741300000000000182e+03,2.850000000000000000e+02,1.969500000000000028e+01,3.007329999999999927e+03,1.550799999999999956e+00,-9.485700000000000500e+02,-2.218570000000000164e+03,1.968900000000000006e+01,3.208600000000000119e+00,1.190199999999999925e+00,1.229400000000000091e+03,1.072000000000000064e+00,1.233590000000000053e+01,2.787999999999999923e-01,2.167800000000000171e+00,5.535199999999999676e+00,4.198000000000000065e-01
9.360925965457343734e-02,2.720793005196439074e-01,1.053399999999999892e+00,2.528900000000000148e+00,2.419999999999999929e-01,1.708999999999999964e-01,4.557199999999999818e+03,2.980000000000000000e+02,1.963599999999999923e+01,3.006000000000000000e+03,1.546899999999999942e+00,-9.523700000000000045e+02,-2.221769999999999982e+03,1.968900000000000006e+01,3.206300000000000150e+00,1.190199999999999925e+00,1.229200000000000045e+03,1.071700000000000097e+00,1.232019999999999982e+01,2.788999999999999813e-01,2.167600000000000193e+00,5.533199999999999896e+00,4.198000000000000065e-01
9.145206858449871079e-02,2.759094750371947624e-01,1.057199999999999918e+00,2.413699999999999957e+00,2.550000000000000044e-01,1.796000000000000096e-01,4.363500000000000000e+03,3.131999999999999886e+02,1.956500000000000128e+01,3.004369999999999891e+03,1.542100000000000026e+00,-9.570099999999999909e+02,-2.225659999999999854e+03,1.969000000000000128e+01,3.203399999999999803e+00,1.190299999999999914e+00,1.228900000000000091e+03,1.071299999999999919e+00,1.230100000000000016e+01,2.790000000000000258e-01,2.167499999999999982e+00,5.530700000000000394e+00,4.198000000000000065e-01
8.912784967098769107e-02,2.797396495547456174e-01,1.062000000000000055e+00,2.292499999999999982e+00,2.690000000000000169e-01,1.897999999999999965e-01,4.160699999999999818e+03,3.310000000000000000e+02,1.947599999999999909e+01,3.002360000000000127e+03,1.536299999999999999e+00,-9.627500000000000000e+02,-2.230480000000000018e+03,1.969099999999999895e+01,3.199800000000000200e+00,1.190399999999999903e+00,1.228500000000000000e+03,1.070799999999999974e+00,1.227740000000000009e+01,2.791000000000000147e-01,2.167300000000000004e+00,5.527700000000000280e+00,4.198000000000000065e-01
8.662630664565233729e-02,2.835698240722964725e-01,1.068100000000000049e+00,2.165700000000000180e+00,2.869999999999999774e-01,2.018999999999999961e-01,3.949300000000000182e+03,3.521000000000000227e+02,1.936599999999999966e+01,2.999840000000000146e+03,1.528999999999999915e+00,-9.699500000000000455e+02,-2.236530000000000200e+03,1.969200000000000017e+01,3.195399999999999796e+00,1.190499999999999892e+00,1.228000000000000000e+03,1.070200000000000040e+00,1.224760000000000026e+01,2.792000000000000037e-01,2.167100000000000026e+00,5.523900000000000254e+00,4.198999999999999955e-01
8.396457362782516753e-02,2.873999985898472720e-01,1.075800000000000090e+00,2.034600000000000186e+00,3.069999999999999951e-01,2.162000000000000033e-01,3.732400000000000091e+03,3.770000000000000000e+02,1.922700000000000031e+01,2.996639999999999873e+03,1.519800000000000040e+00,-9.790399999999999636e+02,-2.244170000000000073e+03,1.969399999999999906e+01,3.189799999999999969e+00,1.190600000000000103e+00,1.227299999999999955e+03,1.069399999999999906e+00,1.221010000000000062e+01,2.793999999999999817e-01,2.166799999999999837e+00,5.519099999999999895e+00,4.198999999999999955e-01
8.128265655797732581e-02,2.912301731073981270e-01,1.085199999999999942e+00,1.906700000000000061e+00,3.300000000000000155e-01,2.323999999999999955e-01,3.522300000000000182e+03,4.053000000000000114e+02,1.905999999999999872e+01,2.992760000000000218e+03,1.508699999999999930e+00,-9.900900000000000318e+02,-2.253449999999999818e+03,1.969600000000000151e+01,3.182900000000000063e+00,1.190800000000000081e+00,1.226599999999999909e+03,1.068500000000000005e+00,1.216440000000000055e+01,2.796000000000000152e-01,2.166500000000000092e+00,5.513200000000000323e+00,4.198999999999999955e-01
7.860073948812949796e-02,2.950603476249489820e-01,1.096899999999999986e+00,1.782999999999999918e+00,3.569999999999999840e-01,2.508000000000000229e-01,3.321099999999999909e+03,4.373000000000000114e+02,1.885699999999999932e+01,2.988000000000000000e+03,1.495200000000000085e+00,-1.003590000000000032e+03,-2.264789999999999964e+03,1.969900000000000162e+01,3.174599999999999866e+00,1.191000000000000059e+00,1.225599999999999909e+03,1.067299999999999915e+00,1.210870000000000068e+01,2.797999999999999932e-01,2.166100000000000136e+00,5.506099999999999994e+00,4.198999999999999955e-01
7.591882241828164235e-02,2.988905221424998371e-01,1.111499999999999932e+00,1.663399999999999990e+00,3.870000000000000107e-01,2.717999999999999861e-01,3.128900000000000091e+03,4.740000000000000000e+02,1.860800000000000054e+01,2.982099999999999909e+03,1.478599999999999914e+00,-1.020320000000000050e+03,-2.278829999999999927e+03,1.970200000000000173e+01,3.164299999999999891e+00,1.191300000000000026e+00,1.224400000000000091e+03,1.065900000000000070e+00,1.203960000000000008e+01,2.801000000000000156e-01,2.165599999999999969e+00,5.497200000000000308e+00,4.198999999999999955e-01
7.328929822539687056e-02,3.027206966600506366e-01,1.129899999999999904e+00,1.550100000000000033e+00,4.219999999999999862e-01,2.957000000000000184e-01,2.949599999999999909e+03,5.157000000000000455e+02,1.830600000000000094e+01,2.974809999999999945e+03,1.458399999999999919e+00,-1.040940000000000055e+03,-2.296139999999999873e+03,1.970499999999999829e+01,3.151600000000000179e+00,1.191599999999999993e+00,1.223000000000000000e+03,1.064100000000000046e+00,1.195439999999999969e+01,2.805000000000000271e-01,2.165000000000000036e+00,5.486299999999999955e+00,4.198999999999999955e-01
7.091893586838600438e-02,3.065508711776014916e-01,1.151399999999999979e+00,1.451500000000000012e+00,4.580000000000000182e-01,3.207999999999999741e-01,2.796099999999999909e+03,5.595000000000000000e+02,1.796499999999999986e+01,2.966460000000000036e+03,1.435599999999999987e+00,-1.064490000000000009e+03,-2.315900000000000091e+03,1.971000000000000085e+01,3.137199999999999989e+00,1.191999999999999948e+00,1.221400000000000091e+03,1.062100000000000044e+00,1.185710000000000086e+01,2.810000000000000275e-01,2.164200000000000124e+00,5.473700000000000010e+00,4.198999999999999955e-01
6.880708342731461924e-02,3.103810456951523467e-01,1.176099999999999923e+00,1.366300000000000070e+00,4.959999999999999964e-01,3.469999999999999751e-01,2.666199999999999818e+03,6.051000000000000227e+02,1.758699999999999974e+01,2.957019999999999982e+03,1.410199999999999898e+00,-1.091019999999999982e+03,-2.338150000000000091e+03,1.971399999999999864e+01,3.120899999999999785e+00,1.192499999999999893e+00,1.219500000000000000e+03,1.059800000000000075e+00,1.174760000000000026e+01,2.816000000000000170e-01,2.163400000000000212e+00,5.459600000000000009e+00,4.199999999999999845e-01
6.693332402161542016e-02,3.142112202127032017e-01,1.204499999999999904e+00,1.292899999999999938e+00,5.360000000000000320e-01,3.739999999999999991e-01,2.556800000000000182e+03,6.522999999999999545e+02,1.717299999999999827e+01,2.946420000000000073e+03,1.382300000000000084e+00,-1.120730000000000018e+03,-2.363059999999999945e+03,1.971900000000000119e+01,3.102799999999999780e+00,1.193000000000000060e+00,1.217400000000000091e+03,1.057299999999999907e+00,1.162500000000000000e+01,2.822000000000000064e-01,2.162500000000000089e+00,5.443699999999999761e+00,4.199999999999999845e-01
6.528131037814538518e-02,3.180413947302540567e-01,1.237100000000000088e+00,1.229899999999999993e+00,5.769999999999999574e-01,4.021000000000000130e-01,2.465099999999999909e+03,7.012999999999999545e+02,1.671900000000000119e+01,2.934539999999999964e+03,1.351599999999999913e+00,-1.153890000000000100e+03,-2.390849999999999909e+03,1.972500000000000142e+01,3.082599999999999785e+00,1.193599999999999994e+00,1.215099999999999909e+03,1.054400000000000004e+00,1.148820000000000086e+01,2.828999999999999848e-01,2.161399999999999988e+00,5.425900000000000389e+00,4.199999999999999845e-01
6.383785217595773498e-02,3.218715692478049117e-01,1.274599999999999955e+00,1.176099999999999923e+00,6.199999999999999956e-01,4.312000000000000277e-01,2.389000000000000000e+03,7.520000000000000000e+02,1.622800000000000153e+01,2.921300000000000182e+03,1.318300000000000027e+00,-1.190680000000000064e+03,-2.421659999999999854e+03,1.973199999999999932e+01,3.060299999999999798e+00,1.194199999999999928e+00,1.212500000000000000e+03,1.051199999999999912e+00,1.133660000000000068e+01,2.837999999999999967e-01,2.160299999999999887e+00,5.406100000000000350e+00,4.199999999999999845e-01
6.259226966472682119e-02,3.257017437653557668e-01,1.317499999999999893e+00,1.130700000000000038e+00,6.650000000000000355e-01,4.611000000000000099e-01,2.326699999999999818e+03,8.042000000000000455e+02,1.569999999999999929e+01,2.906610000000000127e+03,1.282299999999999995e+00,-1.231289999999999964e+03,-2.455650000000000091e+03,1.973799999999999955e+01,3.035800000000000054e+00,1.194900000000000073e+00,1.209599999999999909e+03,1.047600000000000087e+00,1.116939999999999955e+01,2.847000000000000086e-01,2.158999999999999808e+00,5.384199999999999875e+00,4.200999999999999734e-01
6.153592702239496504e-02,3.295319182829065663e-01,1.366500000000000048e+00,1.092799999999999994e+00,7.109999999999999654e-01,4.919000000000000039e-01,2.276599999999999909e+03,8.577999999999999545e+02,1.513700000000000045e+01,2.890389999999999873e+03,1.243700000000000028e+00,-1.275880000000000109e+03,-2.492960000000000036e+03,1.974599999999999866e+01,3.009100000000000108e+00,1.195799999999999974e+00,1.206400000000000091e+03,1.043700000000000072e+00,1.098629999999999995e+01,2.858999999999999875e-01,2.157500000000000195e+00,5.360000000000000320e+00,4.200999999999999734e-01
6.066189093209288508e-02,3.333620928004574213e-01,1.422500000000000098e+00,1.062000000000000055e+00,7.590000000000000080e-01,5.233999999999999764e-01,2.237400000000000091e+03,9.128999999999999773e+02,1.454100000000000037e+01,2.872559999999999945e+03,1.202599999999999891e+00,-1.324609999999999900e+03,-2.533699999999999818e+03,1.975400000000000134e+01,2.980100000000000193e+00,1.196700000000000097e+00,1.202900000000000091e+03,1.039299999999999891e+00,1.078659999999999997e+01,2.871000000000000218e-01,2.155899999999999928e+00,5.333499999999999908e+00,4.200999999999999734e-01
5.996467906614406929e-02,3.371922673180082763e-01,1.486499999999999932e+00,1.037700000000000067e+00,8.080000000000000515e-01,5.556999999999999718e-01,2.207699999999999818e+03,9.692000000000000455e+02,1.391499999999999915e+01,2.853039999999999964e+03,1.159200000000000008e+00,-1.377619999999999891e+03,-2.577969999999999800e+03,1.976200000000000045e+01,2.948799999999999866e+00,1.197699999999999987e+00,1.199000000000000000e+03,1.034599999999999964e+00,1.057019999999999982e+01,2.886000000000000232e-01,2.154100000000000126e+00,5.304499999999999993e+00,4.200999999999999734e-01
5.944007512321318465e-02,3.410224418355590759e-01,1.559500000000000108e+00,1.019600000000000062e+00,8.589999999999999858e-01,5.887000000000000011e-01,2.186599999999999909e+03,1.026599999999999909e+03,1.326399999999999935e+01,2.831769999999999982e+03,1.113799999999999901e+00,-1.434950000000000045e+03,-2.625820000000000164e+03,1.977100000000000080e+01,2.915299999999999780e+00,1.198800000000000088e+00,1.194900000000000091e+03,1.029400000000000093e+00,1.033719999999999928e+01,2.903000000000000025e-01,2.152099999999999902e+00,5.272999999999999687e+00,4.200999999999999734e-01
5.908499477810377765e-02,3.448526163531099309e-01,1.642900000000000027e+00,1.007500000000000062e+00,9.120000000000000329e-01,6.221999999999999753e-01,2.173099999999999909e+03,1.085099999999999909e+03,1.258999999999999986e+01,2.808679999999999836e+03,1.066400000000000015e+00,-1.496710000000000036e+03,-2.677300000000000182e+03,1.978000000000000114e+01,2.879599999999999937e+00,1.200099999999999945e+00,1.190299999999999955e+03,1.023800000000000043e+00,1.008769999999999989e+01,2.922000000000000153e-01,2.149900000000000144e+00,5.238800000000000345e+00,4.200999999999999734e-01
5.889739206653391013e-02,3.486827908706607859e-01,1.737300000000000066e+00,1.001100000000000101e+00,9.649999999999999689e-01,6.560000000000000275e-01,2.166400000000000091e+03,1.144099999999999909e+03,1.190600000000000058e+01,2.783889999999999873e+03,1.017900000000000027e+00,-1.562420000000000073e+03,-2.732030000000000200e+03,1.978999999999999915e+01,2.842099999999999849e+00,1.201500000000000012e+00,1.185400000000000091e+03,1.017700000000000049e+00,9.824099999999999611e+00,2.943999999999999950e-01,2.147499999999999964e+00,5.202200000000000379e+00,4.200999999999999734e-01
5.886467304697555469e-02,3.510863117530160227e-01,1.804599999999999982e+00,1.000000000000000000e+00,1.000000000000000000e+00,6.777999999999999581e-01,2.165199999999999818e+03,1.182099999999999909e+03,1.146199999999999974e+01,2.767079999999999927e+03,9.862800000000000455e-01,-1.606680000000000064e+03,-2.768849999999999909e+03,1.979599999999999937e+01,2.817200000000000149e+00,1.202399999999999913e+00,1.182099999999999909e+03,1.013600000000000056e+00,9.647899999999999920e+00,2.959999999999999853e-01,2.145900000000000141e+00,5.177399999999999558e+00,4.200999999999999734e-01
5.888937802858297543e-02,3.525129653882116409e-01,1.867199999999999971e+00,1.000799999999999912e+00,1.030000000000000027e+00,6.966999999999999860e-01,2.166099999999999909e+03,1.215099999999999909e+03,1.107799999999999940e+01,2.751969999999999800e+03,9.587099999999999511e-01,-1.646190000000000055e+03,-2.801699999999999818e+03,1.980199999999999960e+01,2.795199999999999907e+00,1.203300000000000036e+00,1.179200000000000045e+03,1.009900000000000020e+00,9.491500000000000270e+00,2.973999999999999977e-01,2.144400000000000084e+00,5.155199999999999783e+00,4.200999999999999734e-01
5.920137279661966123e-02,3.563431399057624960e-01,2.059600000000000097e+00,1.011500000000000066e+00,1.114000000000000101e+00,7.479000000000000092e-01,2.175599999999999909e+03,1.304299999999999955e+03,1.004299999999999926e+01,2.708570000000000164e+03,8.837400000000000810e-01,-1.758589999999999918e+03,-2.895010000000000218e+03,1.981700000000000017e+01,2.733800000000000008e+00,1.205799999999999983e+00,1.170599999999999909e+03,9.992499999999999716e-01,9.052500000000000213e+00,3.018000000000000127e-01,2.140000000000000124e+00,5.091499999999999915e+00,4.199999999999999845e-01
5.987913986339320205e-02,3.601733144233133510e-01,2.295500000000000096e+00,1.034799999999999942e+00,1.201000000000000068e+00,7.997999999999999554e-01,2.194500000000000000e+03,1.394799999999999955e+03,9.010600000000000165e+00,2.660650000000000091e+03,8.077999999999999625e-01,-1.880720000000000027e+03,-2.996170000000000073e+03,1.983200000000000074e+01,2.669399999999999995e+00,1.208700000000000108e+00,1.161099999999999909e+03,9.874600000000000044e-01,8.586700000000000443e+00,3.069999999999999951e-01,2.135099999999999998e+00,5.021399999999999864e+00,4.198999999999999955e-01
6.094168198190072494e-02,3.640034889408642060e-01,2.587299999999999933e+00,1.071800000000000086e+00,1.292000000000000037e+00,8.524000000000000465e-01,2.221500000000000000e+03,1.486500000000000000e+03,7.994399999999999729e+00,2.607900000000000091e+03,7.317500000000000115e-01,-2.012829999999999927e+03,-3.105329999999999927e+03,1.984700000000000131e+01,2.602799999999999780e+00,1.211899999999999977e+00,1.150599999999999909e+03,9.744399999999999729e-01,8.098499999999999588e+00,3.131999999999999784e-01,2.129500000000000171e+00,4.944600000000000328e+00,4.197000000000000175e-01
6.242156333831280074e-02,3.678336634584150611e-01,2.951400000000000023e+00,1.124500000000000055e+00,1.387000000000000011e+00,9.054999999999999716e-01,2.255199999999999818e+03,1.579299999999999955e+03,7.008200000000000429e+00,2.550050000000000182e+03,6.565199999999999925e-01,-2.155010000000000218e+03,-3.222489999999999782e+03,1.986199999999999832e+01,2.535000000000000142e+00,1.215400000000000036e+00,1.139000000000000000e+03,9.601100000000000190e-01,7.594400000000000261e+00,3.205000000000000071e-01,2.123099999999999987e+00,4.860599999999999810e+00,4.193999999999999950e-01
6.437064749661547403e-02,3.716638379759659161e-01,3.413300000000000001e+00,1.195799999999999974e+00,1.485999999999999988e+00,9.596000000000000085e-01,2.295000000000000000e+03,1.673500000000000000e+03,6.059899999999999842e+00,2.486480000000000018e+03,5.826100000000000723e-01,-2.308210000000000036e+03,-3.348340000000000146e+03,1.987600000000000122e+01,2.466899999999999871e+00,1.219200000000000061e+00,1.126099999999999909e+03,9.442899999999999627e-01,7.079900000000000304e+00,3.290000000000000147e-01,2.115899999999999892e+00,4.768699999999999939e+00,4.189999999999999836e-01
6.685329172885942639e-02,3.754940124935167156e-01,4.006099999999999994e+00,1.289800000000000058e+00,1.590999999999999970e+00,1.014299999999999979e+00,2.340099999999999909e+03,1.768900000000000091e+03,5.163199999999999790e+00,2.416929999999999836e+03,5.110200000000000298e-01,-2.472400000000000091e+03,-3.482769999999999982e+03,1.988899999999999935e+01,2.399900000000000144e+00,1.223400000000000043e+00,1.111799999999999955e+03,9.268899999999999917e-01,6.565699999999999648e+00,3.387999999999999901e-01,2.107600000000000140e+00,4.668599999999999639e+00,4.183999999999999941e-01
6.938443602222600648e-02,3.793241870110675706e-01,4.632900000000000240e+00,1.389399999999999968e+00,1.683000000000000052e+00,1.060200000000000031e+00,2.381000000000000000e+03,1.849000000000000000e+03,4.464599999999999902e+00,2.354349999999999909e+03,4.538400000000000212e-01,-2.617340000000000146e+03,-3.601070000000000164e+03,1.989900000000000091e+01,2.346299999999999830e+00,1.227000000000000091e+00,1.098700000000000045e+03,9.111500000000000155e-01,6.146899999999999586e+00,3.477999999999999980e-01,2.099899999999999878e+00,4.578700000000000436e+00,4.178999999999999937e-01
7.173645308043137547e-02,3.831543615286183702e-01,5.242700000000000138e+00,1.485100000000000087e+00,1.758999999999999897e+00,1.096899999999999986e+00,2.415500000000000000e+03,1.912900000000000091e+03,3.945399999999999796e+00,2.301619999999999891e+03,4.103900000000000325e-01,-2.737579999999999927e+03,-3.698949999999999818e+03,1.990599999999999881e+01,2.305899999999999839e+00,1.229999999999999982e+00,1.087400000000000091e+03,8.978300000000000169e-01,5.825899999999999856e+00,3.553999999999999937e-01,2.093100000000000183e+00,4.503199999999999648e+00,4.173000000000000043e-01
7.394272180361079194e-02,3.869845360461692252e-01,5.842500000000000249e+00,1.577900000000000080e+00,1.824999999999999956e+00,1.127299999999999969e+00,2.445199999999999818e+03,1.966099999999999909e+03,3.540299999999999780e+00,2.255860000000000127e+03,3.758200000000000429e-01,-2.840679999999999836e+03,-3.782690000000000055e+03,1.991100000000000136e+01,2.274199999999999999e+00,1.232399999999999940e+00,1.077500000000000000e+03,8.862100000000000533e-01,5.570299999999999585e+00,3.618000000000000105e-01,2.087000000000000188e+00,4.437800000000000189e+00,4.168000000000000038e-01
7.602738608347721361e-02,3.908147105637200802e-01,6.436099999999999710e+00,1.668099999999999916e+00,1.881999999999999895e+00,1.153399999999999981e+00,2.471300000000000182e+03,2.011500000000000000e+03,3.213799999999999990e+00,2.215360000000000127e+03,3.474700000000000011e-01,-2.931000000000000000e+03,-3.855920000000000073e+03,1.991499999999999915e+01,2.248600000000000154e+00,1.234499999999999931e+00,1.068500000000000000e+03,8.758899999999999464e-01,5.361299999999999955e+00,3.674000000000000044e-01,2.081399999999999917e+00,4.379999999999999893e+00,4.162000000000000144e-01
7.800857943815915629e-02,3.946448850812709352e-01,7.025800000000000267e+00,1.756199999999999983e+00,1.933999999999999941e+00,1.176099999999999923e+00,2.494500000000000000e+03,2.051099999999999909e+03,2.943999999999999950e+00,2.179010000000000218e+03,3.236600000000000588e-01,-3.011409999999999854e+03,-3.921010000000000218e+03,1.991799999999999926e+01,2.227700000000000014e+00,1.236199999999999966e+00,1.060400000000000091e+03,8.665899999999999714e-01,5.187199999999999811e+00,3.721999999999999753e-01,2.076299999999999812e+00,4.328199999999999825e+00,4.157000000000000139e-01
7.990033196875689914e-02,3.984750595988217903e-01,7.612199999999999633e+00,1.842400000000000038e+00,1.981000000000000094e+00,1.196099999999999941e+00,2.515400000000000091e+03,2.086099999999999909e+03,2.717299999999999827e+00,2.146059999999999945e+03,3.033600000000000185e-01,-3.083760000000000218e+03,-3.979500000000000000e+03,1.992000000000000171e+01,2.210199999999999942e+00,1.237700000000000022e+00,1.052900000000000091e+03,8.581400000000000139e-01,5.039799999999999613e+00,3.763000000000000234e-01,2.071600000000000108e+00,4.281299999999999883e+00,4.152000000000000135e-01
8.171376346097679322e-02,4.023052341163726453e-01,8.197200000000000486e+00,1.927000000000000046e+00,2.024000000000000021e+00,1.214099999999999957e+00,2.534400000000000091e+03,2.117400000000000091e+03,2.523299999999999876e+00,2.115900000000000091e+03,2.857500000000000040e-01,-3.149619999999999891e+03,-4.032679999999999836e+03,1.992200000000000060e+01,2.195300000000000029e+00,1.239100000000000090e+00,1.046000000000000000e+03,8.503800000000000248e-01,4.913199999999999790e+00,3.800000000000000044e-01,2.067200000000000149e+00,4.238400000000000389e+00,4.147000000000000131e-01
8.345786437758084819e-02,4.061354086339235003e-01,8.781800000000000495e+00,2.010099999999999998e+00,2.064000000000000057e+00,1.230399999999999938e+00,2.551800000000000182e+03,2.145699999999999818e+03,2.355399999999999938e+00,2.088079999999999927e+03,2.702999999999999847e-01,-3.210050000000000182e+03,-4.081420000000000073e+03,1.992399999999999949e+01,2.182599999999999874e+00,1.240199999999999969e+00,1.039599999999999909e+03,8.431999999999999496e-01,4.803200000000000358e+00,3.831999999999999851e-01,2.063000000000000167e+00,4.198900000000000077e+00,4.143000000000000016e-01
8.514002641996921972e-02,4.099655831514743554e-01,9.365299999999999514e+00,2.092000000000000082e+00,2.100999999999999979e+00,1.245200000000000085e+00,2.567800000000000182e+03,2.171500000000000000e+03,2.208600000000000119e+00,2.062320000000000164e+03,2.566399999999999793e-01,-3.265760000000000218e+03,-4.126319999999999709e+03,1.992500000000000071e+01,2.171699999999999964e+00,1.241300000000000070e+00,1.033500000000000000e+03,8.365299999999999958e-01,4.706999999999999851e+00,3.860000000000000098e-01,2.059099999999999930e+00,4.162300000000000111e+00,4.138000000000000012e-01
8.676641432801274201e-02,4.137957576690252104e-01,9.948999999999999844e+00,2.172699999999999854e+00,2.136000000000000121e+00,1.258699999999999930e+00,2.582699999999999818e+03,2.195199999999999818e+03,2.079000000000000181e+00,2.038299999999999955e+03,2.444500000000000284e-01,-3.317480000000000018e+03,-4.167979999999999563e+03,1.992699999999999960e+01,2.162100000000000133e+00,1.242199999999999971e+00,1.027900000000000091e+03,8.303000000000000380e-01,4.621900000000000119e+00,3.884000000000000230e-01,2.055400000000000116e+00,4.128199999999999648e+00,4.133999999999999897e-01
8.834223338795782476e-02,4.176259321865760099e-01,1.053299999999999947e+01,2.252299999999999969e+00,2.168000000000000149e+00,1.271300000000000097e+00,2.596500000000000000e+03,2.217099999999999909e+03,1.963799999999999990e+00,2.015819999999999936e+03,2.334800000000000209e-01,-3.365730000000000018e+03,-4.206800000000000182e+03,1.992800000000000082e+01,2.153799999999999937e+00,1.243000000000000105e+00,1.022500000000000000e+03,8.244599999999999707e-01,4.546100000000000030e+00,3.906000000000000028e-01,2.051800000000000068e+00,4.096400000000000041e+00,4.129999999999999782e-01
8.987192632022354688e-02,4.214561067041268649e-01,1.111800000000000033e+01,2.330999999999999961e+00,2.198999999999999844e+00,1.282899999999999929e+00,2.609400000000000091e+03,2.237400000000000091e+03,1.860500000000000043e+00,1.994700000000000045e+03,2.235500000000000265e-01,-3.410920000000000073e+03,-4.243149999999999636e+03,1.992800000000000082e+01,2.146399999999999864e+00,1.243800000000000017e+00,1.017399999999999977e+03,8.189499999999999558e-01,4.478200000000000180e+00,3.925000000000000155e-01,2.048399999999999999e+00,4.066499999999999559e+00,4.124999999999999778e-01
9.135932107874240871e-02,4.252862812216777200e-01,1.170299999999999940e+01,2.408799999999999830e+00,2.228000000000000203e+00,1.293800000000000061e+00,2.621500000000000000e+03,2.256300000000000182e+03,1.767400000000000082e+00,1.974789999999999964e+03,2.145200000000000162e-01,-3.453420000000000073e+03,-4.277310000000000400e+03,1.992899999999999849e+01,2.139800000000000146e+00,1.244399999999999951e+00,1.012600000000000023e+03,8.137499999999999734e-01,4.416900000000000048e+00,3.941999999999999948e-01,2.045199999999999907e+00,4.038299999999999557e+00,4.121000000000000218e-01
9.280774374000196059e-02,4.291164557392285195e-01,1.228999999999999915e+01,2.485799999999999788e+00,2.255999999999999783e+00,1.303900000000000059e+00,2.632800000000000182e+03,2.274000000000000000e+03,1.683100000000000041e+00,1.955950000000000045e+03,2.062600000000000267e-01,-3.493510000000000218e+03,-4.309510000000000218e+03,1.992999999999999972e+01,2.133999999999999897e+00,1.245000000000000107e+00,1.008000000000000000e+03,8.088300000000000489e-01,4.361299999999999955e+00,3.957999999999999852e-01,2.042100000000000026e+00,4.011700000000000266e+00,4.117000000000000104e-01
9.422010606037704850e-02,4.329466302567793745e-01,1.287700000000000067e+01,2.561999999999999833e+00,2.282999999999999918e+00,1.313399999999999901e+00,2.643599999999999909e+03,2.290599999999999909e+03,1.606300000000000061e+00,1.938099999999999909e+03,1.986700000000000133e-01,-3.531429999999999836e+03,-4.339970000000000255e+03,1.992999999999999972e+01,2.128699999999999815e+00,1.245600000000000041e+00,1.003600000000000023e+03,8.041399999999999659e-01,4.310699999999999754e+00,3.971000000000000085e-01,2.039200000000000124e+00,3.986400000000000166e+00,4.112999999999999989e-01
9.559897432110714410e-02,4.367768047743302295e-01,1.346499999999999986e+01,2.637500000000000178e+00,2.307999999999999829e+00,1.322400000000000020e+00,2.653800000000000182e+03,2.306300000000000182e+03,1.536100000000000021e+00,1.921119999999999891e+03,1.916700000000000070e-01,-3.567409999999999854e+03,-4.368840000000000146e+03,1.993100000000000094e+01,2.124000000000000110e+00,1.246099999999999985e+00,9.992999999999999545e+02,7.996900000000000119e-01,4.264300000000000423e+00,3.982999999999999874e-01,2.036300000000000221e+00,3.962499999999999911e+00,4.109999999999999765e-01
9.694662412831710208e-02,4.406069792918810846e-01,1.405499999999999972e+01,2.712400000000000144e+00,2.331999999999999851e+00,1.330899999999999972e+00,2.663400000000000091e+03,2.321099999999999909e+03,1.471600000000000019e+00,1.904960000000000036e+03,1.851900000000000213e-01,-3.601619999999999891e+03,-4.396289999999999964e+03,1.993100000000000094e+01,2.119800000000000129e+00,1.246599999999999930e+00,9.952999999999999545e+02,7.954299999999999704e-01,4.221700000000000230e+00,3.993999999999999773e-01,2.033599999999999852e+00,3.939700000000000202e+00,4.106000000000000205e-01
9.826508451900642371e-02,4.444371538094319396e-01,1.464600000000000080e+01,2.786700000000000177e+00,2.354999999999999982e+00,1.338899999999999979e+00,2.672599999999999909e+03,2.335099999999999909e+03,1.412300000000000111e+00,1.889519999999999982e+03,1.791700000000000237e-01,-3.634219999999999800e+03,-4.422439999999999600e+03,1.993100000000000094e+01,2.115899999999999892e+00,1.247000000000000108e+00,9.913999999999999773e+02,7.913700000000000179e-01,4.182400000000000340e+00,4.003999999999999782e-01,2.030899999999999928e+00,3.918000000000000149e+00,4.102000000000000091e-01
9.955617381818082645e-02,4.482673283269827946e-01,1.523900000000000077e+01,2.860399999999999832e+00,2.378000000000000114e+00,1.346500000000000030e+00,2.681400000000000091e+03,2.348400000000000091e+03,1.357399999999999940e+00,1.874759999999999991e+03,1.735600000000000198e-01,-3.665340000000000146e+03,-4.447399999999999636e+03,1.993199999999999861e+01,2.112400000000000055e+00,1.247400000000000064e+00,9.877000000000000455e+02,7.874700000000000033e-01,4.145900000000000141e+00,4.012000000000000011e-01,2.028399999999999981e+00,3.897200000000000220e+00,4.098999999999999866e-01
1.008215290578021728e-01,4.520975028445336497e-01,1.583200000000000074e+01,2.933600000000000207e+00,2.399000000000000021e+00,1.353799999999999892e+00,2.689699999999999818e+03,2.361000000000000000e+03,1.306499999999999995e+00,1.860619999999999891e+03,1.683300000000000074e-01,-3.695119999999999891e+03,-4.471260000000000218e+03,1.993199999999999861e+01,2.109199999999999964e+00,1.247700000000000031e+00,9.841000000000000227e+02,7.837300000000000377e-01,4.112099999999999866e+00,4.020000000000000240e-01,2.025900000000000034e+00,3.877299999999999969e+00,4.094999999999999751e-01
1.020626303164655496e-01,4.559276773620845047e-01,1.642599999999999838e+01,3.006200000000000205e+00,2.419999999999999929e+00,1.360700000000000021e+00,2.697699999999999818e+03,2.373000000000000000e+03,1.259200000000000097e+00,1.847079999999999927e+03,1.634300000000000197e-01,-3.723599999999999909e+03,-4.494090000000000146e+03,1.993199999999999861e+01,2.106300000000000061e+00,1.248099999999999987e+00,9.806000000000000227e+02,7.801500000000000101e-01,4.080599999999999561e+00,4.027000000000000024e-01,2.023499999999999854e+00,3.858299999999999841e+00,4.092000000000000082e-01
1.032808210122040798e-01,4.597578518796353042e-01,1.702299999999999969e+01,3.078399999999999803e+00,2.439999999999999947e+00,1.367299999999999960e+00,2.705400000000000091e+03,2.384500000000000000e+03,1.215100000000000069e+00,1.834049999999999955e+03,1.588300000000000267e-01,-3.750980000000000018e+03,-4.516020000000000437e+03,1.993299999999999983e+01,2.103600000000000136e+00,1.248399999999999954e+00,9.772999999999999545e+02,7.766899999999999915e-01,4.051099999999999923e+00,4.032999999999999918e-01,2.021199999999999886e+00,3.839999999999999858e+00,4.087999999999999967e-01
1.044773249416281746e-01,4.635880263971861592e-01,1.762000000000000099e+01,3.150199999999999889e+00,2.459000000000000075e+00,1.373599999999999932e+00,2.712699999999999818e+03,2.395599999999999909e+03,1.173899999999999944e+00,1.821519999999999982e+03,1.544999999999999984e-01,-3.777289999999999964e+03,-4.537100000000000364e+03,1.993299999999999983e+01,2.101199999999999957e+00,1.248599999999999932e+00,9.740000000000000000e+02,7.733600000000000474e-01,4.023500000000000298e+00,4.038999999999999813e-01,2.018899999999999917e+00,3.822400000000000020e+00,4.084999999999999742e-01
1.056532606811609598e-01,4.674182009147370143e-01,1.821900000000000119e+01,3.221499999999999808e+00,2.478000000000000203e+00,1.379599999999999937e+00,2.719800000000000182e+03,2.406099999999999909e+03,1.135299999999999976e+00,1.809440000000000055e+03,1.504199999999999982e-01,-3.802619999999999891e+03,-4.557380000000000109e+03,1.993299999999999983e+01,2.098899999999999988e+00,1.248899999999999899e+00,9.708999999999999773e+02,7.701500000000000012e-01,3.997500000000000053e+00,4.043999999999999817e-01,2.016799999999999926e+00,3.805499999999999883e+00,4.082000000000000073e-01
1.068096538329759287e-01,4.712483754322878693e-01,1.882000000000000028e+01,3.292400000000000215e+00,2.495999999999999996e+00,1.385399999999999965e+00,2.726599999999999909e+03,2.416199999999999818e+03,1.099099999999999966e+00,1.797789999999999964e+03,1.465599999999999958e-01,-3.827019999999999982e+03,-4.576909999999999854e+03,1.993299999999999983e+01,2.096799999999999997e+00,1.249100000000000099e+00,9.677999999999999545e+02,7.670500000000000096e-01,3.973100000000000076e+00,4.047999999999999932e-01,2.014600000000000168e+00,3.789200000000000124e+00,4.077999999999999958e-01
1.079474474972365594e-01,4.750785499498386688e-01,1.942200000000000060e+01,3.362899999999999778e+00,2.513999999999999790e+00,1.391000000000000014e+00,2.733099999999999909e+03,2.425900000000000091e+03,1.064999999999999947e+00,1.786539999999999964e+03,1.429100000000000092e-01,-3.850559999999999945e+03,-4.595760000000000218e+03,1.993299999999999983e+01,2.094899999999999984e+00,1.249400000000000066e+00,9.648999999999999773e+02,7.640500000000000069e-01,3.950000000000000178e+00,4.052000000000000046e-01,2.012599999999999945e+00,3.773499999999999854e+00,4.074999999999999734e-01
1.090675112748782094e-01,4.789087244673895238e-01,2.002599999999999980e+01,3.433100000000000041e+00,2.531000000000000139e+00,1.396400000000000086e+00,2.739400000000000091e+03,2.435300000000000182e+03,1.032899999999999929e+00,1.775670000000000073e+03,1.394500000000000184e-01,-3.873300000000000182e+03,-4.613960000000000036e+03,1.993299999999999983e+01,2.093100000000000183e+00,1.249600000000000044e+00,9.620000000000000000e+02,7.611499999999999932e-01,3.928199999999999914e+00,4.056000000000000161e-01,2.010600000000000165e+00,3.758300000000000196e+00,4.072000000000000064e-01
1.101706490453520926e-01,4.827388989849403789e-01,2.063100000000000023e+01,3.502899999999999903e+00,2.548000000000000043e+00,1.401599999999999957e+00,2.745500000000000000e+03,2.444300000000000182e+03,1.002599999999999936e+00,1.765150000000000091e+03,1.361699999999999855e-01,-3.895280000000000200e+03,-4.631539999999999964e+03,1.993299999999999983e+01,2.091499999999999915e+00,1.249800000000000022e+00,9.592999999999999545e+02,7.583400000000000141e-01,3.907500000000000195e+00,4.058999999999999830e-01,2.008599999999999941e+00,3.743599999999999817e+00,4.068999999999999839e-01
1.112576057171107136e-01,4.865690735024912339e-01,2.123699999999999832e+01,3.572299999999999809e+00,2.564000000000000057e+00,1.406500000000000083e+00,2.751400000000000091e+03,2.453000000000000000e+03,9.739499999999999824e-01,1.754960000000000036e+03,1.330500000000000016e-01,-3.916550000000000182e+03,-4.648560000000000400e+03,1.993400000000000105e+01,2.089999999999999858e+00,1.250000000000000000e+00,9.565000000000000000e+02,7.556199999999999584e-01,3.887900000000000134e+00,4.062000000000000055e-01,2.006699999999999928e+00,3.729400000000000048e+00,4.066000000000000170e-01
1.123290731119508112e-01,4.903992480200420889e-01,2.184499999999999886e+01,3.641500000000000181e+00,2.580000000000000071e+00,1.411299999999999999e+00,2.757099999999999909e+03,2.461400000000000091e+03,9.468400000000000150e-01,1.745089999999999918e+03,1.300800000000000012e-01,-3.937150000000000091e+03,-4.665050000000000182e+03,1.993400000000000105e+01,2.088600000000000012e+00,1.250099999999999989e+00,9.538999999999999773e+02,7.529799999999999827e-01,3.869200000000000195e+00,4.064999999999999725e-01,2.004799999999999915e+00,3.715599999999999792e+00,4.062999999999999945e-01
1.133856951152899528e-01,4.942294225375929440e-01,2.245499999999999829e+01,3.710300000000000153e+00,2.596000000000000085e+00,1.415999999999999925e+00,2.762599999999999909e+03,2.469500000000000000e+03,9.211399999999999588e-01,1.735519999999999982e+03,1.272500000000000020e-01,-3.957130000000000109e+03,-4.681029999999999745e+03,1.993400000000000105e+01,2.087299999999999933e+00,1.250299999999999967e+00,9.513999999999999773e+02,7.504100000000000215e-01,3.851500000000000146e+00,4.067000000000000060e-01,2.003000000000000114e+00,3.702300000000000146e+00,4.060000000000000275e-01
1.144280722012915308e-01,4.980595970551437435e-01,2.306599999999999895e+01,3.778799999999999937e+00,2.611000000000000210e+00,1.420500000000000096e+00,2.768000000000000000e+03,2.477300000000000182e+03,8.967399999999999816e-01,1.726220000000000027e+03,1.245500000000000079e-01,-3.976510000000000218e+03,-4.696529999999999745e+03,1.993400000000000105e+01,2.086100000000000065e+00,1.250399999999999956e+00,9.488999999999999773e+02,7.479200000000000292e-01,3.834499999999999797e+00,4.068999999999999839e-01,2.001199999999999868e+00,3.689400000000000013e+00,4.057000000000000051e-01
1.154567654231551249e-01,5.018897715726946540e-01,2.367800000000000082e+01,3.847100000000000186e+00,2.625999999999999890e+00,1.424800000000000066e+00,2.773099999999999909e+03,2.484900000000000091e+03,8.735500000000000487e-01,1.717190000000000055e+03,1.219600000000000128e-01,-3.995329999999999927e+03,-4.711579999999999927e+03,1.993400000000000105e+01,2.084999999999999964e+00,1.250599999999999934e+00,9.463999999999999773e+02,7.454899999999999860e-01,3.818299999999999805e+00,4.071000000000000174e-01,1.999500000000000055e+00,3.676899999999999835e+00,4.053999999999999826e-01
1.164722999438614903e-01,5.057199460902455090e-01,2.429200000000000159e+01,3.915000000000000036e+00,2.640000000000000124e+00,1.429000000000000048e+00,2.778199999999999818e+03,2.492300000000000182e+03,8.514699999999999491e-01,1.708410000000000082e+03,1.194900000000000129e-01,-4.013619999999999891e+03,-4.726199999999999818e+03,1.993400000000000105e+01,2.084000000000000075e+00,1.250699999999999923e+00,9.440000000000000000e+02,7.431299999999999573e-01,3.802799999999999958e+00,4.072000000000000064e-01,1.997800000000000020e+00,3.664699999999999847e+00,4.051000000000000156e-01
1.174751681704479939e-01,5.095501206077963641e-01,2.490800000000000125e+01,3.982699999999999907e+00,2.653999999999999915e+00,1.433100000000000041e+00,2.783099999999999909e+03,2.499400000000000091e+03,8.304399999999999560e-01,1.699869999999999891e+03,1.171300000000000119e-01,-4.031400000000000091e+03,-4.740420000000000073e+03,1.993400000000000105e+01,2.083000000000000185e+00,1.250799999999999912e+00,9.417000000000000455e+02,7.408299999999999885e-01,3.787999999999999812e+00,4.073999999999999844e-01,1.996099999999999985e+00,3.652800000000000047e+00,4.047999999999999932e-01
1.184658325449066962e-01,5.133802951253472191e-01,2.552499999999999858e+01,4.050200000000000244e+00,2.668000000000000149e+00,1.437100000000000044e+00,2.787800000000000182e+03,2.506300000000000182e+03,8.103700000000000347e-01,1.691549999999999955e+03,1.148600000000000176e-01,-4.048699999999999818e+03,-4.754250000000000000e+03,1.993400000000000105e+01,2.082100000000000062e+00,1.250899999999999901e+00,9.395000000000000000e+02,7.385899999999999688e-01,3.773800000000000043e+00,4.074999999999999734e-01,1.994499999999999940e+00,3.641300000000000203e+00,4.046000000000000152e-01
1.194447280365962399e-01,5.172104696428979631e-01,2.614300000000000068e+01,4.117399999999999949e+00,2.681000000000000050e+00,1.440900000000000070e+00,2.792400000000000091e+03,2.513000000000000000e+03,7.912000000000000144e-01,1.683450000000000045e+03,1.126800000000000024e-01,-4.065550000000000182e+03,-4.767720000000000255e+03,1.993400000000000105e+01,2.081300000000000150e+00,1.250999999999999890e+00,9.372000000000000455e+02,7.364100000000000090e-01,3.760099999999999998e+00,4.076000000000000179e-01,1.992899999999999894e+00,3.630100000000000104e+00,4.042999999999999927e-01
1.204122643742718685e-01,5.210406441604488181e-01,2.676300000000000168e+01,4.184400000000000119e+00,2.693999999999999950e+00,1.444700000000000095e+00,2.796900000000000091e+03,2.519500000000000000e+03,7.728800000000000114e-01,1.675559999999999945e+03,1.105900000000000216e-01,-4.081960000000000036e+03,-4.780829999999999927e+03,1.993400000000000105e+01,2.080499999999999794e+00,1.251100000000000101e+00,9.351000000000000227e+02,7.342800000000000438e-01,3.746999999999999886e+00,4.077000000000000068e-01,1.991400000000000059e+00,3.619200000000000195e+00,4.040000000000000258e-01
1.213688280502473182e-01,5.248708186779996732e-01,2.738400000000000034e+01,4.251100000000000101e+00,2.706999999999999851e+00,1.448299999999999921e+00,2.801300000000000182e+03,2.525900000000000091e+03,7.553499999999999659e-01,1.667869999999999891e+03,1.085800000000000098e-01,-4.097960000000000036e+03,-4.793619999999999891e+03,1.993400000000000105e+01,2.079800000000000093e+00,1.251200000000000090e+00,9.330000000000000000e+02,7.321999999999999620e-01,3.734399999999999942e+00,4.077999999999999958e-01,1.989800000000000013e+00,3.608600000000000030e+00,4.037000000000000033e-01
1.223147841244712486e-01,5.287009931955505282e-01,2.800600000000000023e+01,4.317700000000000315e+00,2.720000000000000195e+00,1.451899999999999968e+00,2.805500000000000000e+03,2.532000000000000000e+03,7.385599999999999943e-01,1.660359999999999900e+03,1.066500000000000087e-01,-4.113560000000000400e+03,-4.806090000000000146e+03,1.993400000000000105e+01,2.079099999999999948e+00,1.251300000000000079e+00,9.308999999999999773e+02,7.301699999999999857e-01,3.722199999999999953e+00,4.078999999999999848e-01,1.988299999999999956e+00,3.598300000000000054e+00,4.035000000000000253e-01
1.232504778524176059e-01,5.325311677131013832e-01,2.862999999999999901e+01,4.384000000000000341e+00,2.732000000000000206e+00,1.455300000000000038e+00,2.809699999999999818e+03,2.538000000000000000e+03,7.224599999999999911e-01,1.653029999999999973e+03,1.047800000000000120e-01,-4.128789999999999964e+03,-4.818260000000000218e+03,1.993400000000000105e+01,2.078500000000000014e+00,1.251300000000000079e+00,9.287999999999999545e+02,7.281900000000000039e-01,3.710500000000000131e+00,4.078999999999999848e-01,1.986900000000000110e+00,3.588200000000000056e+00,4.032000000000000028e-01
1.241762361573696266e-01,5.363613422306522382e-01,2.925600000000000023e+01,4.450099999999999945e+00,2.745000000000000107e+00,1.458700000000000108e+00,2.813800000000000182e+03,2.543900000000000091e+03,7.070100000000000273e-01,1.645869999999999891e+03,1.029900000000000121e-01,-4.143659999999999854e+03,-4.830140000000000327e+03,1.993400000000000105e+01,2.077999999999999847e+00,1.251400000000000068e+00,9.268999999999999773e+02,7.262499999999999512e-01,3.699100000000000055e+00,4.079999999999999738e-01,1.985400000000000054e+00,3.578300000000000036e+00,4.030000000000000249e-01
1.250923689649005022e-01,5.401915167482029823e-01,2.988299999999999912e+01,4.516000000000000014e+00,2.757000000000000117e+00,1.461899999999999977e+00,2.817699999999999818e+03,2.549599999999999909e+03,6.921800000000000175e-01,1.638880000000000109e+03,1.012600000000000028e-01,-4.158180000000000291e+03,-4.841750000000000000e+03,1.993400000000000105e+01,2.077399999999999913e+00,1.251500000000000057e+00,9.248999999999999773e+02,7.243600000000000039e-01,3.688200000000000145e+00,4.079999999999999738e-01,1.983999999999999986e+00,3.568700000000000205e+00,4.027000000000000024e-01
1.259991704149947545e-01,5.440216912657538373e-01,3.051099999999999923e+01,4.581699999999999662e+00,2.767999999999999794e+00,1.465100000000000069e+00,2.821599999999999909e+03,2.555199999999999818e+03,6.779300000000000326e-01,1.632039999999999964e+03,9.959099999999999897e-02,-4.172369999999999891e+03,-4.853090000000000146e+03,1.993400000000000105e+01,2.076999999999999957e+00,1.251500000000000057e+00,9.230000000000000000e+02,7.225099999999999856e-01,3.677700000000000191e+00,4.079999999999999738e-01,1.982599999999999918e+00,3.559400000000000119e+00,4.023999999999999799e-01
1.268969199652491830e-01,5.478518657833046923e-01,3.114000000000000057e+01,4.647199999999999775e+00,2.779999999999999805e+00,1.468199999999999950e+00,2.825300000000000182e+03,2.560599999999999909e+03,6.642299999999999871e-01,1.625359999999999900e+03,9.797900000000001053e-02,-4.186250000000000000e+03,-4.864170000000000073e+03,1.993400000000000105e+01,2.076499999999999790e+00,1.251600000000000046e+00,9.211000000000000227e+02,7.206900000000000528e-01,3.667400000000000215e+00,4.081000000000000183e-01,1.981300000000000061e+00,3.550199999999999800e+00,4.022000000000000020e-01
1.277858833968829322e-01,5.516820403008555473e-01,3.177100000000000080e+01,4.712600000000000122e+00,2.790999999999999925e+00,1.471300000000000052e+00,2.829000000000000000e+03,2.565900000000000091e+03,6.510299999999999976e-01,1.618819999999999936e+03,9.642099999999999282e-02,-4.199819999999999709e+03,-4.875020000000000437e+03,1.993400000000000105e+01,2.076099999999999834e+00,1.251600000000000046e+00,9.192999999999999545e+02,7.189200000000000035e-01,3.657599999999999962e+00,4.081000000000000183e-01,1.979899999999999993e+00,3.541300000000000114e+00,4.020000000000000240e-01
1.286663137338205365e-01,5.555122148184064024e-01,3.240400000000000347e+01,4.777700000000000280e+00,2.802000000000000046e+00,1.474199999999999955e+00,2.832599999999999909e+03,2.571000000000000000e+03,6.383299999999999530e-01,1.612420000000000073e+03,9.491499999999999937e-02,-4.213100000000000364e+03,-4.885630000000000109e+03,1.993499999999999872e+01,2.075699999999999878e+00,1.251700000000000035e+00,9.175000000000000000e+02,7.171800000000000397e-01,3.648000000000000131e+00,4.081000000000000183e-01,1.978599999999999914e+00,3.532500000000000195e+00,4.017000000000000015e-01
1.295384520838565034e-01,5.593423893359572574e-01,3.303699999999999903e+01,4.842699999999999783e+00,2.813000000000000167e+00,1.477100000000000080e+00,2.836099999999999909e+03,2.576099999999999909e+03,6.260799999999999699e-01,1.606160000000000082e+03,9.345700000000001229e-02,-4.226100000000000364e+03,-4.896010000000000218e+03,1.993499999999999872e+01,2.075400000000000134e+00,1.251700000000000035e+00,9.157000000000000455e+02,7.154800000000000049e-01,3.638700000000000045e+00,4.081000000000000183e-01,1.977300000000000058e+00,3.523899999999999810e+00,4.015000000000000235e-01
1.304025284098256909e-01,5.631725638535081124e-01,3.367300000000000182e+01,4.907499999999999751e+00,2.823999999999999844e+00,1.479999999999999982e+00,2.839599999999999909e+03,2.581000000000000000e+03,6.142800000000000482e-01,1.600019999999999982e+03,9.204700000000000382e-02,-4.238829999999999927e+03,-4.906180000000000291e+03,1.993499999999999872e+01,2.075099999999999945e+00,1.251800000000000024e+00,9.140000000000000000e+02,7.138099999999999445e-01,3.629700000000000149e+00,4.081000000000000183e-01,1.976099999999999968e+00,3.515600000000000058e+00,4.012000000000000011e-01
1.312587622377691388e-01,5.670027383710589675e-01,3.430899999999999750e+01,4.972199999999999953e+00,2.834999999999999964e+00,1.482699999999999907e+00,2.843000000000000000e+03,2.585900000000000091e+03,6.028799999999999715e-01,1.594009999999999991e+03,9.067999999999999672e-02,-4.251300000000000182e+03,-4.916149999999999636e+03,1.993499999999999872e+01,2.074800000000000200e+00,1.251800000000000024e+00,9.122999999999999545e+02,7.121699999999999697e-01,3.620899999999999785e+00,4.081000000000000183e-01,1.974800000000000111e+00,3.507400000000000073e+00,4.010000000000000231e-01
1.321073633082754106e-01,5.708329128886098225e-01,3.494700000000000273e+01,5.036699999999999733e+00,2.845000000000000195e+00,1.485400000000000054e+00,2.846300000000000182e+03,2.590599999999999909e+03,5.918799999999999617e-01,1.588109999999999900e+03,8.935600000000000487e-02,-4.263529999999999745e+03,-4.925909999999999854e+03,1.993499999999999872e+01,2.074500000000000011e+00,1.251800000000000024e+00,9.106000000000000227e+02,7.105700000000000349e-01,3.612400000000000055e+00,4.081000000000000183e-01,1.973600000000000021e+00,3.499400000000000066e+00,4.007000000000000006e-01
1.329485321764719008e-01,5.746630874061606775e-01,3.558599999999999852e+01,5.100999999999999979e+00,2.854999999999999982e+00,1.488099999999999978e+00,2.849500000000000000e+03,2.595199999999999818e+03,5.812500000000000444e-01,1.582339999999999918e+03,8.807099999999999651e-02,-4.275510000000000218e+03,-4.935479999999999563e+03,1.993499999999999872e+01,2.074300000000000033e+00,1.251800000000000024e+00,9.088999999999999773e+02,7.089900000000000091e-01,3.604200000000000070e+00,4.079999999999999738e-01,1.972399999999999931e+00,3.491499999999999826e+00,4.005000000000000226e-01
1.337824607655300202e-01,5.784932619237115325e-01,3.622599999999999909e+01,5.165199999999999569e+00,2.865000000000000213e+00,1.490699999999999914e+00,2.852699999999999818e+03,2.599699999999999818e+03,5.709699999999999775e-01,1.576670000000000073e+03,8.682499999999999940e-02,-4.287260000000000218e+03,-4.944869999999999891e+03,1.993499999999999872e+01,2.074100000000000055e+00,1.251900000000000013e+00,9.072999999999999545e+02,7.074500000000000233e-01,3.596200000000000063e+00,4.079999999999999738e-01,1.971200000000000063e+00,3.483800000000000008e+00,4.002999999999999892e-01
1.346093328780112452e-01,5.823234364412623876e-01,3.686800000000000210e+01,5.229300000000000281e+00,2.875000000000000000e+00,1.493200000000000083e+00,2.855800000000000182e+03,2.604199999999999818e+03,5.610399999999999832e-01,1.571109999999999900e+03,8.561600000000001154e-02,-4.298789999999999964e+03,-4.954079999999999927e+03,1.993499999999999872e+01,2.073900000000000077e+00,1.251900000000000013e+00,9.057000000000000455e+02,7.059299999999999464e-01,3.588299999999999823e+00,4.079999999999999738e-01,1.969999999999999973e+00,3.476300000000000168e+00,4.001000000000000112e-01
1.354293246689141639e-01,5.861536109588132426e-01,3.751100000000000279e+01,5.293199999999999683e+00,2.884999999999999787e+00,1.495700000000000029e+00,2.858800000000000182e+03,2.608500000000000000e+03,5.514200000000000212e-01,1.565650000000000091e+03,8.444200000000000317e-02,-4.310100000000000364e+03,-4.963109999999999673e+03,1.993499999999999872e+01,2.073700000000000099e+00,1.251900000000000013e+00,9.042000000000000455e+02,7.044399999999999551e-01,3.580700000000000216e+00,4.079999999999999738e-01,1.968900000000000095e+00,3.468900000000000095e+00,3.997999999999999887e-01
