1.071503579563073544e-01,0.000000000000000000e+00,1.000000000000000000e+00,3.750000000000000000e+00,0.000000000000000000e+00,0.000000000000000000e+00,0.000000000000000000e+00,0.000000000000000000e+00,1.723699999999999832e+01,3.231929999999999836e+03,1.331099999999999950e+00,-8.744700000000000273e+02,-2.169389999999999873e+03,2.075199999999999889e+01,4.334900000000000198e+00,1.160199999999999898e+00,1.225700000000000045e+03,9.820299999999999585e-01,1.086480000000000068e+01,3.917999999999999816e-01,2.129500000000000171e+00,3.514800000000000146e+00,5.949999999999999734e-01
1.071503579563073544e-01,1.888758136845118283e-03,1.000304040404040418e+00,3.750000000000000000e+00,1.626262626262626240e-03,1.122222222222222371e-03,6.818989898989899245e+01,1.990909090909090962e+00,1.723191919191918942e+01,3.231858989898989876e+03,1.330738383838383720e+00,-8.746662626262626645e+02,-2.169555555555555657e+03,2.075203030303030260e+01,4.334843434343434332e+00,1.160199999999999898e+00,1.225685858585858568e+03,9.820144444444444121e-01,1.086455252525252568e+01,3.917979797979797563e-01,2.129494949494949552e+00,3.514729292929293258e+00,5.950010101010100305e-01
1.071503579563073544e-01,3.777516273690236567e-03,1.000608080808080835e+00,3.750000000000000000e+00,3.252525252525252479e-03,2.244444444444444742e-03,1.363797979797979849e+02,3.981818181818181923e+00,1.722683838383838051e+01,3.231787979797979460e+03,1.330376767676767713e+00,-8.748625252525253018e+02,-2.169721111111110986e+03,2.075206060606060632e+01,4.334786868686868466e+00,1.160199999999999898e+00,1.225671717171717319e+03,9.819988888888888656e-01,1.086430505050505069e+01,3.917959595959595864e-01,2.129489898989899377e+00,3.514658585858585926e+00,5.950020202020201987e-01
1.071503579563073544e-01,5.666274410535354633e-03,1.000912121212121253e+00,3.750000000000000000e+00,4.878787878787878285e-03,3.366666666666667113e-03,2.045696969696969632e+02,5.972727272727272663e+00,1.722175757575757515e+01,3.231716969696969500e+03,1.330015151515151484e+00,-8.750587878787879390e+02,-2.169886666666666770e+03,2.075209090909090648e+01,4.334730303030303489e+00,1.160199999999999898e+00,1.225657575757575842e+03,9.819833333333333192e-01,1.086405757575757569e+01,3.917939393939393611e-01,2.129484848484848758e+00,3.514587878787879038e+00,5.950030303030302559e-01
1.071503579563073544e-01,7.555032547380473133e-03,1.001216161616161671e+00,3.750000000000000000e+00,6.505050505050504958e-03,4.488888888888889483e-03,2.727595959595959698e+02,7.963636363636363846e+00,1.721667676767676625e+01,3.231645959595959539e+03,1.329653535353535254e+00,-8.752550505050505762e+02,-2.170052222222222099e+03,2.075212121212121019e+01,4.334673737373737623e+00,1.160199999999999898e+00,1.225643434343434365e+03,9.819677777777777727e-01,1.086381010101010247e+01,3.917919191919191912e-01,2.129479797979798139e+00,3.514517171717171706e+00,5.950040404040404241e-01
1.071503579563073544e-01,9.443790684225591633e-03,1.001520202020202088e+00,3.750000000000000000e+00,8.131313131313131631e-03,5.611111111111111854e-03,3.409494949494949765e+02,9.954545454545455030e+00,1.721159595959595734e+01,3.231574949494949124e+03,1.329291919191919247e+00,-8.754513131313130998e+02,-2.170217777777777883e+03,2.075215151515151391e+01,4.334617171717171757e+00,1.160199999999999898e+00,1.225629292929292887e+03,9.819522222222222263e-01,1.086356262626262748e+01,3.917898989898989659e-01,2.129474747474747520e+00,3.514446464646464818e+00,5.950050505050504812e-01
1.071503579563073544e-01,1.133254882107070927e-02,1.001824242424242506e+00,3.750000000000000000e+00,9.757575757575756570e-03,6.733333333333334225e-03,4.091393939393939263e+02,1.194545454545454533e+01,1.720651515151514843e+01,3.231503939393939163e+03,1.328930303030303017e+00,-8.756475757575757370e+02,-2.170383333333333212e+03,2.075218181818181762e+01,4.334560606060605892e+00,1.160199999999999898e+00,1.225615151515151638e+03,9.819366666666666799e-01,1.086331515151515248e+01,3.917878787878787961e-01,2.129469696969697345e+00,3.514375757575757930e+00,5.950060606060605384e-01
1.071503579563073544e-01,1.322130695791582863e-02,1.002128282828282924e+00,3.750000000000000000e+00,1.138383838383838324e-02,7.855555555555556596e-03,4.773292929292929330e+02,1.393636363636363740e+01,1.720143434343434308e+01,3.231432929292929202e+03,1.328568686868686788e+00,-8.758438383838383743e+02,-2.170548888888888996e+03,2.075221212121212133e+01,4.334504040404040914e+00,1.160199999999999898e+00,1.225601010101010161e+03,9.819211111111110224e-01,1.086306767676767748e+01,3.917858585858585707e-01,2.129464646464646727e+00,3.514305050505050598e+00,5.950070707070707066e-01
1.071503579563073544e-01,1.511006509476094627e-02,1.002432323232323341e+00,3.750000000000000000e+00,1.301010101010100992e-02,8.977777777777778967e-03,5.455191919191919396e+02,1.592727272727272769e+01,1.719635353535353417e+01,3.231361919191919242e+03,1.328207070707070558e+00,-8.760401010101010115e+02,-2.170714444444444325e+03,2.075224242424242149e+01,4.334447474747475049e+00,1.160199999999999898e+00,1.225586868686868684e+03,9.819055555555554760e-01,1.086282020202020249e+01,3.917838383838383454e-01,2.129459595959596108e+00,3.514234343434343710e+00,5.950080808080807637e-01
1.071503579563073544e-01,1.699882323160606390e-02,1.002736363636363537e+00,3.750000000000000000e+00,1.463636363636363659e-02,1.010000000000000134e-02,6.137090909090909463e+02,1.791818181818181799e+01,1.719127272727272526e+01,3.231290909090908826e+03,1.327845454545454551e+00,-8.762363636363636488e+02,-2.170880000000000109e+03,2.075227272727272521e+01,4.334390909090909183e+00,1.160199999999999898e+00,1.225572727272727207e+03,9.818899999999999295e-01,1.086257272727272749e+01,3.917818181818181755e-01,2.129454545454545489e+00,3.514163636363636378e+00,5.950090909090909319e-01
1.071503579563073544e-01,1.888758136845118327e-02,1.003040404040403955e+00,3.750000000000000000e+00,1.626262626262626326e-02,1.122222222222222371e-02,6.818989898989899530e+02,1.990909090909091006e+01,1.718619191919191636e+01,3.231219898989898866e+03,1.327483838383838322e+00,-8.764326262626262860e+02,-2.171045555555555438e+03,2.075230303030302892e+01,4.334334343434343317e+00,1.160199999999999898e+00,1.225558585858585957e+03,9.818744444444443831e-01,1.086232525252525249e+01,3.917797979797979502e-01,2.129449494949495314e+00,3.514092929292929490e+00,5.950101010101009891e-01
1.071503579563073544e-01,2.077633950529630263e-02,1.003344444444444372e+00,3.750000000000000000e+00,1.788888888888888820e-02,1.234444444444444608e-02,7.500888888888889596e+02,2.190000000000000213e+01,1.718111111111111100e+01,3.231148888888888905e+03,1.327122222222222092e+00,-8.766288888888889232e+02,-2.171211111111111222e+03,2.075233333333333263e+01,4.334277777777778340e+00,1.160199999999999898e+00,1.225544444444444480e+03,9.818588888888888366e-01,1.086207777777777750e+01,3.917777777777777803e-01,2.129444444444444695e+00,3.514022222222222158e+00,5.950111111111110462e-01
1.071503579563073544e-01,2.266509764214141853e-02,1.003648484848484790e+00,3.750000000000000000e+00,1.951515151515151314e-02,1.346666666666666845e-02,8.182787878787878526e+02,2.389090909090909065e+01,1.717603030303030209e+01,3.231077878787878490e+03,1.326760606060606085e+00,-8.768251515151515605e+02,-2.171376666666666551e+03,2.075236363636363635e+01,4.334221212121212474e+00,1.160199999999999898e+00,1.225530303030303003e+03,9.818433333333332902e-01,1.086183030303030428e+01,3.917757575757575550e-01,2.129439393939394076e+00,3.513951515151515270e+00,5.950121212121212144e-01
1.071503579563073544e-01,2.455385577898653790e-02,1.003952525252525207e+00,3.750000000000000000e+00,2.114141414141414155e-02,1.458888888888889082e-02,8.864686868686868593e+02,2.588181818181818272e+01,1.717094949494949319e+01,3.231006868686868529e+03,1.326398989898989855e+00,-8.770214141414141977e+02,-2.171542222222222335e+03,2.075239393939394006e+01,4.334164646464646609e+00,1.160199999999999898e+00,1.225516161616161753e+03,9.818277777777777438e-01,1.086158282828282928e+01,3.917737373737373852e-01,2.129434343434343457e+00,3.513880808080808382e+00,5.950131313131312716e-01
1.071503579563073544e-01,2.644261391583165727e-02,1.004256565656565625e+00,3.750000000000000000e+00,2.276767676767676649e-02,1.571111111111111319e-02,9.546585858585858659e+02,2.787272727272727479e+01,1.716586868686868428e+01,3.230935858585858568e+03,1.326037373737373626e+00,-8.772176767676768350e+02,-2.171707777777777665e+03,2.075242424242424022e+01,4.334108080808080743e+00,1.160199999999999898e+00,1.225502020202020276e+03,9.818122222222221973e-01,1.086133535353535429e+01,3.917717171717171598e-01,2.129429292929293283e+00,3.513810101010101050e+00,5.950141414141414398e-01
1.071503579563073544e-01,2.833137205267677317e-02,1.004560606060606043e+00,3.750000000000000000e+00,2.439393939393939489e-02,1.683333333333333556e-02,1.022848484848484873e+03,2.986363636363636331e+01,1.716078787878787892e+01,3.230864848484848153e+03,1.325675757575757618e+00,-8.774139393939393585e+02,-2.171873333333333449e+03,2.075245454545454393e+01,4.334051515151514877e+00,1.160199999999999898e+00,1.225487878787878799e+03,9.817966666666666509e-01,1.086108787878787929e+01,3.917696969696969345e-01,2.129424242424242664e+00,3.513739393939394162e+00,5.950151515151514969e-01
1.071503579563073544e-01,3.022013018952189253e-02,1.004864646464646460e+00,3.750000000000000000e+00,2.602020202020201983e-02,1.795555555555555793e-02,1.091038383838383879e+03,3.185454545454545539e+01,1.715570707070707002e+01,3.230793838383838192e+03,1.325314141414141389e+00,-8.776102020202019958e+02,-2.172038888888888778e+03,2.075248484848484765e+01,4.333994949494949900e+00,1.160199999999999898e+00,1.225473737373737322e+03,9.817811111111111044e-01,1.086084040404040429e+01,3.917676767676767646e-01,2.129419191919192045e+00,3.513668686868686830e+00,5.950161616161615541e-01
1.071503579563073544e-01,3.210888832636701190e-02,1.005168686868686878e+00,3.750000000000000000e+00,2.764646464646464477e-02,1.907777777777778030e-02,1.159228282828282772e+03,3.384545454545454390e+01,1.715062626262626111e+01,3.230722828282828232e+03,1.324952525252525160e+00,-8.778064646464646330e+02,-2.172204444444444562e+03,2.075251515151515136e+01,4.333938383838384034e+00,1.160199999999999898e+00,1.225459595959596072e+03,9.817655555555555580e-01,1.086059292929292930e+01,3.917656565656565393e-01,2.129414141414141426e+00,3.513597979797979942e+00,5.950171717171717223e-01
1.071503579563073544e-01,3.399764646321212780e-02,1.005472727272727296e+00,3.750000000000000000e+00,2.927272727272727318e-02,2.020000000000000268e-02,1.227418181818181893e+03,3.583636363636363598e+01,1.714554545454545220e+01,3.230651818181818271e+03,1.324590909090908930e+00,-8.780027272727272702e+02,-2.172369999999999891e+03,2.075254545454545507e+01,4.333881818181818169e+00,1.160199999999999898e+00,1.225445454545454595e+03,9.817500000000000115e-01,1.086034545454545430e+01,3.917636363636363694e-01,2.129409090909091251e+00,3.513527272727273054e+00,5.950181818181817794e-01
1.071503579563073544e-01,3.588640460005725064e-02,1.005776767676767713e+00,3.750000000000000000e+00,3.089898989898989812e-02,2.132222222222222505e-02,1.295608080808080786e+03,3.782727272727272805e+01,1.714046464646464685e+01,3.230580808080807856e+03,1.324229292929292923e+00,-8.781989898989899075e+02,-2.172535555555555675e+03,2.075257575757575523e+01,4.333825252525252303e+00,1.160199999999999898e+00,1.225431313131313118e+03,9.817344444444443541e-01,1.086009797979797931e+01,3.917616161616161441e-01,2.129404040404040632e+00,3.513456565656565722e+00,5.950191919191918366e-01
1.071503579563073544e-01,3.777516273690236653e-02,1.006080808080808131e+00,3.750000000000000000e+00,3.252525252525252653e-02,2.244444444444444742e-02,1.363797979797979906e+03,3.981818181818182012e+01,1.713538383838383794e+01,3.230509797979797895e+03,1.323867676767676693e+00,-8.783952525252525447e+02,-2.172701111111111004e+03,2.075260606060605895e+01,4.333768686868687325e+00,1.160199999999999898e+00,1.225417171717171641e+03,9.817188888888888076e-01,1.085985050505050609e+01,3.917595959595959187e-01,2.129398989898990013e+00,3.513385858585858834e+00,5.950202020202020048e-01
1.071503579563073544e-01,3.966392087374748243e-02,1.006384848484848549e+00,3.750000000000000000e+00,3.415151515151514799e-02,2.356666666666666979e-02,1.431987878787878799e+03,4.180909090909091219e+01,1.713030303030302903e+01,3.230438787878787934e+03,1.323506060606060464e+00,-8.785915151515151820e+02,-2.172866666666666788e+03,2.075263636363636266e+01,4.333712121212121460e+00,1.160199999999999898e+00,1.225403030303030391e+03,9.817033333333332612e-01,1.085960303030303109e+01,3.917575757575757489e-01,2.129393939393939394e+00,3.513315151515151502e+00,5.950212121212120620e-01
1.071503579563073544e-01,4.155267901059260527e-02,1.006688888888888966e+00,3.750000000000000000e+00,3.577777777777777640e-02,2.468888888888889216e-02,1.500177777777777919e+03,4.380000000000000426e+01,1.712522222222222013e+01,3.230367777777777519e+03,1.323144444444444456e+00,-8.787877777777778192e+02,-2.173032222222222117e+03,2.075266666666666637e+01,4.333655555555555594e+00,1.160199999999999898e+00,1.225388888888888914e+03,9.816877777777777148e-01,1.085935555555555609e+01,3.917555555555555236e-01,2.129388888888889220e+00,3.513244444444444614e+00,5.950222222222222301e-01
1.071503579563073544e-01,4.344143714743772117e-02,1.006992929292929384e+00,3.750000000000000000e+00,3.740404040404040481e-02,2.581111111111111453e-02,1.568367676767676812e+03,4.579090909090908923e+01,1.712014141414141477e+01,3.230296767676767558e+03,1.322782828282828227e+00,-8.789840404040404565e+02,-2.173197777777777901e+03,2.075269696969697009e+01,4.333598989898989728e+00,1.160199999999999898e+00,1.225374747474747437e+03,9.816722222222221683e-01,1.085910808080808110e+01,3.917535353535353537e-01,2.129383838383838601e+00,3.513173737373737282e+00,5.950232323232322873e-01
1.071503579563073544e-01,4.533019528428283706e-02,1.007296969696969802e+00,3.750000000000000000e+00,3.903030303030302628e-02,2.693333333333333690e-02,1.636557575757575705e+03,4.778181818181818130e+01,1.711506060606060586e+01,3.230225757575757598e+03,1.322421212121211997e+00,-8.791803030303030937e+02,-2.173363333333333230e+03,2.075272727272727025e+01,4.333542424242424751e+00,1.160199999999999898e+00,1.225360606060606187e+03,9.816566666666666219e-01,1.085886060606060610e+01,3.917515151515151284e-01,2.129378787878787982e+00,3.513103030303030394e+00,5.950242424242423445e-01
1.071503579563073544e-01,4.721895342112795990e-02,1.007601010101009997e+00,3.750000000000000000e+00,4.065656565656565469e-02,2.805555555555555927e-02,1.704747474747474826e+03,4.977272727272727337e+01,1.710997979797979696e+01,3.230154747474747182e+03,1.322059595959595990e+00,-8.793765656565656172e+02,-2.173528888888889014e+03,2.075275757575757396e+01,4.333485858585858885e+00,1.160199999999999898e+00,1.225346464646464710e+03,9.816411111111110754e-01,1.085861313131313111e+01,3.917494949494949585e-01,2.129373737373737363e+00,3.513032323232323506e+00,5.950252525252525126e-01
1.071503579563073544e-01,4.910771155797307580e-02,1.007905050505050415e+00,3.750000000000000000e+00,4.228282828282828310e-02,2.917777777777778164e-02,1.772937373737373719e+03,5.176363636363636545e+01,1.710489898989898805e+01,3.230083737373737222e+03,1.321697979797979761e+00,-8.795728282828282545e+02,-2.173694444444444343e+03,2.075278787878787767e+01,4.333429292929293020e+00,1.160199999999999898e+00,1.225332323232323233e+03,9.816255555555555290e-01,1.085836565656565611e+01,3.917474747474747332e-01,2.129368686868687188e+00,3.512961616161616174e+00,5.950262626262625698e-01
1.071503579563073544e-01,5.099646969481819170e-02,1.008209090909090833e+00,3.750000000000000000e+00,4.390909090909091150e-02,3.030000000000000401e-02,1.841127272727272839e+03,5.375454545454545752e+01,1.709981818181818269e+01,3.230012727272727261e+03,1.321336363636363531e+00,-8.797690909090908917e+02,-2.173860000000000127e+03,2.075281818181818139e+01,4.333372727272727154e+00,1.160199999999999898e+00,1.225318181818181756e+03,9.816099999999999826e-01,1.085811818181818289e+01,3.917454545454545078e-01,2.129363636363636569e+00,3.512890909090909286e+00,5.950272727272727380e-01
1.071503579563073544e-01,5.288522783166331453e-02,1.008513131313131250e+00,3.750000000000000000e+00,4.553535353535353297e-02,3.142222222222222638e-02,1.909317171717171732e+03,5.574545454545454959e+01,1.709473737373737379e+01,3.229941717171717301e+03,1.320974747474747302e+00,-8.799653535353535290e+02,-2.174025555555555457e+03,2.075284848484848510e+01,4.333316161616162177e+00,1.160199999999999898e+00,1.225304040404040506e+03,9.815944444444444361e-01,1.085787070707070789e+01,3.917434343434343380e-01,2.129358585858585950e+00,3.512820202020201954e+00,5.950282828282827952e-01
1.071503579563073544e-01,5.477398596850843043e-02,1.008817171717171668e+00,3.750000000000000000e+00,4.716161616161616138e-02,3.254444444444444529e-02,1.977507070707070852e+03,5.773636363636363455e+01,1.708965656565656488e+01,3.229870707070706885e+03,1.320613131313131294e+00,-8.801616161616161662e+02,-2.174191111111111240e+03,2.075287878787878526e+01,4.333259595959596311e+00,1.160199999999999898e+00,1.225289898989899029e+03,9.815788888888888897e-01,1.085762323232323290e+01,3.917414141414141127e-01,2.129353535353535332e+00,3.512749494949495066e+00,5.950292929292928523e-01
1.071503579563073544e-01,5.666274410535354633e-02,1.009121212121212086e+00,3.750000000000000000e+00,4.878787878787878979e-02,3.366666666666667113e-02,2.045696969696969745e+03,5.972727272727272663e+01,1.708457575757575597e+01,3.229799696969696924e+03,1.320251515151515065e+00,-8.803578787878788035e+02,-2.174356666666666570e+03,2.075290909090908897e+01,4.333203030303030445e+00,1.160199999999999898e+00,1.225275757575757552e+03,9.815633333333333432e-01,1.085737575757575790e+01,3.917393939393939428e-01,2.129348484848485157e+00,3.512678787878788178e+00,5.950303030303030205e-01
1.071503579563073544e-01,5.855150224219866917e-02,1.009425252525252503e+00,3.750000000000000000e+00,5.041414141414141126e-02,3.478888888888889697e-02,2.113886868686868638e+03,6.171818181818181870e+01,1.707949494949495062e+01,3.229728686868686964e+03,1.319889898989898835e+00,-8.805541414141414407e+02,-2.174522222222222354e+03,2.075293939393939269e+01,4.333146464646464580e+00,1.160199999999999898e+00,1.225261616161616075e+03,9.815477777777776858e-01,1.085712828282828291e+01,3.917373737373737175e-01,2.129343434343434538e+00,3.512608080808080846e+00,5.950313131313130777e-01
1.071503579563073544e-01,6.044026037904378507e-02,1.009729292929292921e+00,3.750000000000000000e+00,5.204040404040403967e-02,3.591111111111111587e-02,2.182076767676767759e+03,6.370909090909091077e+01,1.707441414141414171e+01,3.229657676767676548e+03,1.319528282828282828e+00,-8.807504040404040779e+02,-2.174687777777777683e+03,2.075296969696969640e+01,4.333089898989898714e+00,1.160199999999999898e+00,1.225247474747474826e+03,9.815322222222221393e-01,1.085688080808080791e+01,3.917353535353535476e-01,2.129338383838383919e+00,3.512537373737373958e+00,5.950323232323232459e-01
1.071503579563073544e-01,6.232901851588890096e-02,1.010033333333333339e+00,3.750000000000000000e+00,5.366666666666666807e-02,3.703333333333333477e-02,2.250266666666666879e+03,6.570000000000000284e+01,1.706933333333333280e+01,3.229586666666666588e+03,1.319166666666666599e+00,-8.809466666666667152e+02,-2.174853333333333467e+03,2.075300000000000011e+01,4.333033333333333736e+00,1.160199999999999898e+00,1.225233333333333348e+03,9.815166666666665929e-01,1.085663333333333291e+01,3.917333333333333223e-01,2.129333333333333300e+00,3.512466666666666626e+00,5.950333333333333030e-01
1.071503579563073544e-01,6.421777665273402380e-02,1.010337373737373756e+00,3.750000000000000000e+00,5.529292929292928954e-02,3.815555555555556061e-02,2.318456565656565544e+03,6.769090909090908781e+01,1.706425252525252390e+01,3.229515656565656627e+03,1.318805050505050369e+00,-8.811429292929293524e+02,-2.175018888888888796e+03,2.075303030303030027e+01,4.332976767676767871e+00,1.160199999999999898e+00,1.225219191919191871e+03,9.815011111111110464e-01,1.085638585858585792e+01,3.917313131313130969e-01,2.129328282828283125e+00,3.512395959595959738e+00,5.950343434343433602e-01
1.071503579563073544e-01,6.610653478957914664e-02,1.010641414141414174e+00,3.750000000000000000e+00,5.691919191919191795e-02,3.927777777777778645e-02,2.386646464646464665e+03,6.968181818181818699e+01,1.705917171717171499e+01,3.229444646464646212e+03,1.318443434343434362e+00,-8.813391919191918760e+02,-2.175184444444444580e+03,2.075306060606060399e+01,4.332920202020202005e+00,1.160199999999999898e+00,1.225205050505050622e+03,9.814855555555555000e-01,1.085613838383838470e+01,3.917292929292929271e-01,2.129323232323232507e+00,3.512325252525252850e+00,5.950353535353535284e-01
1.071503579563073544e-01,6.799529292642425560e-02,1.010945454545454592e+00,3.750000000000000000e+00,5.854545454545454636e-02,4.040000000000000535e-02,2.454836363636363785e+03,7.167272727272727195e+01,1.705409090909090963e+01,3.229373636363636251e+03,1.318081818181818132e+00,-8.815354545454545132e+02,-2.175349999999999909e+03,2.075309090909090770e+01,4.332863636363636139e+00,1.160199999999999898e+00,1.225190909090909145e+03,9.814699999999999536e-01,1.085589090909090970e+01,3.917272727272727018e-01,2.129318181818181888e+00,3.512254545454545518e+00,5.950363636363635855e-01
1.071503579563073544e-01,6.988405106326937843e-02,1.011249494949495009e+00,3.750000000000000000e+00,6.017171717171716783e-02,4.152222222222222425e-02,2.523026262626262906e+03,7.366363636363637113e+01,1.704901010101010073e+01,3.229302626262626291e+03,1.317720202020201903e+00,-8.817317171717171504e+02,-2.175515555555555693e+03,2.075312121212121141e+01,4.332807070707071162e+00,1.160199999999999898e+00,1.225176767676767668e+03,9.814544444444444071e-01,1.085564343434343471e+01,3.917252525252525319e-01,2.129313131313131269e+00,3.512183838383838630e+00,5.950373737373737537e-01
1.071503579563073544e-01,7.177280920011450127e-02,1.011553535353535427e+00,3.750000000000000000e+00,6.179797979797979623e-02,4.264444444444445009e-02,2.591216161616161571e+03,7.565454545454545610e+01,1.704392929292929182e+01,3.229231616161615875e+03,1.317358585858585895e+00,-8.819279797979797877e+02,-2.175681111111111022e+03,2.075315151515151513e+01,4.332750505050505296e+00,1.160199999999999898e+00,1.225162626262626191e+03,9.814388888888888607e-01,1.085539595959595971e+01,3.917232323232323066e-01,2.129308080808081094e+00,3.512113131313131298e+00,5.950383838383838109e-01
1.071503579563073544e-01,7.366156733695961023e-02,1.011857575757575844e+00,3.750000000000000000e+00,6.342424242424242464e-02,4.376666666666667593e-02,2.659406060606060691e+03,7.764545454545454106e+01,1.703884848484848291e+01,3.229160606060605915e+03,1.316996969696969666e+00,-8.821242424242424249e+02,-2.175846666666666806e+03,2.075318181818181884e+01,4.332693939393939431e+00,1.160199999999999898e+00,1.225148484848484941e+03,9.814233333333333142e-01,1.085514848484848471e+01,3.917212121212121367e-01,2.129303030303030475e+00,3.512042424242424410e+00,5.950393939393938680e-01
1.071503579563073544e-01,7.555032547380473307e-02,1.012161616161616262e+00,3.750000000000000000e+00,6.505050505050505305e-02,4.488888888888889483e-02,2.727595959595959812e+03,7.963636363636364024e+01,1.703376767676767756e+01,3.229089595959595954e+03,1.316635353535353437e+00,-8.823205050505050622e+02,-2.176012222222222135e+03,2.075321212121211900e+01,4.332637373737373565e+00,1.160199999999999898e+00,1.225134343434343464e+03,9.814077777777777678e-01,1.085490101010100972e+01,3.917191919191919114e-01,2.129297979797979856e+00,3.511971717171717078e+00,5.950404040404040362e-01
1.071503579563073544e-01,7.743908361064985590e-02,1.012465656565656680e+00,3.750000000000000000e+00,6.667676767676768146e-02,4.601111111111111374e-02,2.795785858585858477e+03,8.162727272727272521e+01,1.702868686868686865e+01,3.229018585858585993e+03,1.316273737373737207e+00,-8.825167676767676994e+02,-2.176177777777777919e+03,2.075324242424242271e+01,4.332580808080808588e+00,1.160199999999999898e+00,1.225120202020201987e+03,9.813922222222222214e-01,1.085465353535353472e+01,3.917171717171716860e-01,2.129292929292929237e+00,3.511901010101010190e+00,5.950414141414140934e-01
1.071503579563073544e-01,7.932784174749496486e-02,1.012769696969696875e+00,3.750000000000000000e+00,6.830303030303029599e-02,4.713333333333333958e-02,2.863975757575757598e+03,8.361818181818182438e+01,1.702360606060605974e+01,3.228947575757575578e+03,1.315912121212121200e+00,-8.827130303030303367e+02,-2.176343333333333248e+03,2.075327272727272643e+01,4.332524242424242722e+00,1.160199999999999898e+00,1.225106060606060510e+03,9.813766666666666749e-01,1.085440606060606150e+01,3.917151515151515162e-01,2.129287878787879063e+00,3.511830303030303302e+00,5.950424242424242616e-01
1.071503579563073544e-01,8.121659988434008770e-02,1.013073737373737293e+00,3.750000000000000000e+00,6.992929292929292440e-02,4.825555555555556542e-02,2.932165656565656718e+03,8.560909090909090935e+01,1.701852525252525083e+01,3.228876565656565617e+03,1.315550505050504970e+00,-8.829092929292929739e+02,-2.176508888888889032e+03,2.075330303030303014e+01,4.332467676767676856e+00,1.160199999999999898e+00,1.225091919191919260e+03,9.813611111111111285e-01,1.085415858585858651e+01,3.917131313131312909e-01,2.129282828282828444e+00,3.511759595959595970e+00,5.950434343434343187e-01
1.071503579563073544e-01,8.310535802118521054e-02,1.013377777777777711e+00,3.750000000000000000e+00,7.155555555555555280e-02,4.937777777777778432e-02,3.000355555555555839e+03,8.760000000000000853e+01,1.701344444444444548e+01,3.228805555555555657e+03,1.315188888888888741e+00,-8.831055555555556111e+02,-2.176674444444444362e+03,2.075333333333333385e+01,4.332411111111110991e+00,1.160199999999999898e+00,1.225077777777777783e+03,9.813455555555554710e-01,1.085391111111111151e+01,3.917111111111111210e-01,2.129277777777777825e+00,3.511688888888889082e+00,5.950444444444443759e-01
1.071503579563073544e-01,8.499411615803031950e-02,1.013681818181818128e+00,3.750000000000000000e+00,7.318181818181818121e-02,5.050000000000000322e-02,3.068545454545454504e+03,8.959090909090909349e+01,1.700836363636363657e+01,3.228734545454545241e+03,1.314827272727272733e+00,-8.833018181818181347e+02,-2.176840000000000146e+03,2.075336363636363401e+01,4.332354545454545125e+00,1.160199999999999898e+00,1.225063636363636306e+03,9.813299999999999246e-01,1.085366363636363651e+01,3.917090909090908957e-01,2.129272727272727206e+00,3.511618181818181750e+00,5.950454545454545441e-01
1.071503579563073544e-01,8.688287429487544233e-02,1.013985858585858546e+00,3.750000000000000000e+00,7.480808080808080962e-02,5.162222222222222906e-02,3.136735353535353624e+03,9.158181818181817846e+01,1.700328282828282767e+01,3.228663535353535281e+03,1.314465656565656504e+00,-8.834980808080807719e+02,-2.177005555555555475e+03,2.075339393939393773e+01,4.332297979797980148e+00,1.160199999999999898e+00,1.225049494949495056e+03,9.813144444444443781e-01,1.085341616161616152e+01,3.917070707070707258e-01,2.129267676767677031e+00,3.511547474747474862e+00,5.950464646464646012e-01
1.071503579563073544e-01,8.877163243172056517e-02,1.014289898989898964e+00,3.750000000000000000e+00,7.643434343434343803e-02,5.274444444444445490e-02,3.204925252525252745e+03,9.357272727272727764e+01,1.699820202020201876e+01,3.228592525252525320e+03,1.314104040404040274e+00,-8.836943434343434092e+02,-2.177171111111111259e+03,2.075342424242424144e+01,4.332241414141414282e+00,1.160199999999999898e+00,1.225035353535353579e+03,9.812988888888888317e-01,1.085316868686868652e+01,3.917050505050505005e-01,2.129262626262626412e+00,3.511476767676767974e+00,5.950474747474747694e-01
1.071503579563073544e-01,9.066039056856567413e-02,1.014593939393939381e+00,3.750000000000000000e+00,7.806060606060605256e-02,5.386666666666667380e-02,3.273115151515151410e+03,9.556363636363636260e+01,1.699312121212121340e+01,3.228521515151514905e+03,1.313742424242424267e+00,-8.838906060606060464e+02,-2.177336666666666588e+03,2.075345454545454515e+01,4.332184848484848416e+00,1.160199999999999898e+00,1.225021212121212102e+03,9.812833333333332853e-01,1.085292121212121152e+01,3.917030303030302751e-01,2.129257575757575793e+00,3.511406060606060642e+00,5.950484848484848266e-01
1.071503579563073544e-01,9.254914870541079697e-02,1.014897979797979799e+00,3.750000000000000000e+00,7.968686868686868097e-02,5.498888888888889270e-02,3.341305050505050531e+03,9.755454545454546178e+01,1.698804040404040450e+01,3.228450505050504944e+03,1.313380808080808038e+00,-8.840868686868686837e+02,-2.177502222222222372e+03,2.075348484848484887e+01,4.332128282828282551e+00,1.160199999999999898e+00,1.225007070707070625e+03,9.812677777777777388e-01,1.085267373737373653e+01,3.917010101010101053e-01,2.129252525252525174e+00,3.511335353535353754e+00,5.950494949494948838e-01
1.071503579563073544e-01,9.443790684225591980e-02,1.015202020202020217e+00,3.750000000000000000e+00,8.131313131313130937e-02,5.611111111111111854e-02,3.409494949494949651e+03,9.954545454545454675e+01,1.698295959595959559e+01,3.228379494949494983e+03,1.313019191919191808e+00,-8.842831313131313209e+02,-2.177667777777777701e+03,2.075351515151514903e+01,4.332071717171717573e+00,1.160199999999999898e+00,1.224992929292929375e+03,9.812522222222221924e-01,1.085242626262626331e+01,3.916989898989898800e-01,2.129247474747475000e+00,3.511264646464646422e+00,5.950505050505050519e-01
1.071503579563073544e-01,9.632666497910102876e-02,1.015506060606060634e+00,3.750000000000000000e+00,8.293939393939393778e-02,5.723333333333334438e-02,3.477684848484848771e+03,1.015363636363636459e+02,1.697787878787878668e+01,3.228308484848485023e+03,1.312657575757575579e+00,-8.844793939393939581e+02,-2.177833333333333485e+03,2.075354545454545274e+01,4.332015151515151707e+00,1.160199999999999898e+00,1.224978787878787898e+03,9.812366666666666459e-01,1.085217878787878831e+01,3.916969696969697101e-01,2.129242424242424381e+00,3.511193939393939534e+00,5.950515151515151091e-01
1.071503579563073544e-01,9.821542311594615160e-02,1.015810101010101052e+00,3.750000000000000000e+00,8.456565656565656619e-02,5.835555555555556329e-02,3.545874747474747437e+03,1.035272727272727309e+02,1.697279797979798133e+01,3.228237474747474607e+03,1.312295959595959571e+00,-8.846756565656565954e+02,-2.177998888888888814e+03,2.075357575757575646e+01,4.331958585858585842e+00,1.160199999999999898e+00,1.224964646464646421e+03,9.812211111111110995e-01,1.085193131313131332e+01,3.916949494949494848e-01,2.129237373737373762e+00,3.511123232323232202e+00,5.950525252525251663e-01
1.071503579563073544e-01,1.001041812527912744e-01,1.016114141414141470e+00,3.750000000000000000e+00,8.619191919191919460e-02,5.947777777777778219e-02,3.614064646464646557e+03,1.055181818181818159e+02,1.696771717171717242e+01,3.228166464646464647e+03,1.311934343434343342e+00,-8.848719191919192326e+02,-2.178164444444444598e+03,2.075360606060606017e+01,4.331902020202019976e+00,1.160199999999999898e+00,1.224950505050504944e+03,9.812055555555555530e-01,1.085168383838383832e+01,3.916929292929292594e-01,2.129232323232323143e+00,3.511052525252525314e+00,5.950535353535353345e-01
1.071503579563073544e-01,1.019929393896363834e-01,1.016418181818181887e+00,3.750000000000000000e+00,8.781818181818182301e-02,6.060000000000000803e-02,3.682254545454545678e+03,1.075090909090909150e+02,1.696263636363636351e+01,3.228095454545454686e+03,1.311572727272727112e+00,-8.850681818181818699e+02,-2.178329999999999927e+03,2.075363636363636388e+01,4.331845454545454999e+00,1.160199999999999898e+00,1.224936363636363694e+03,9.811900000000000066e-01,1.085143636363636332e+01,3.916909090909090896e-01,2.129227272727272968e+00,3.510981818181818426e+00,5.950545454545453916e-01
1.071503579563073544e-01,1.038816975264815062e-01,1.016722222222222305e+00,3.750000000000000000e+00,8.944444444444443754e-02,6.172222222222223387e-02,3.750444444444444798e+03,1.095000000000000000e+02,1.695755555555555461e+01,3.228024444444444271e+03,1.311211111111111105e+00,-8.852644444444443934e+02,-2.178495555555555711e+03,2.075366666666666404e+01,4.331788888888889133e+00,1.160199999999999898e+00,1.224922222222222217e+03,9.811744444444444602e-01,1.085118888888888833e+01,3.916888888888888642e-01,2.129222222222222349e+00,3.510911111111111094e+00,5.950555555555555598e-01
1.071503579563073544e-01,1.057704556633266291e-01,1.017026262626262723e+00,3.750000000000000000e+00,9.107070707070706594e-02,6.284444444444445277e-02,3.818634343434343464e+03,1.114909090909090992e+02,1.695247474747474925e+01,3.227953434343434310e+03,1.310849494949494876e+00,-8.854607070707070307e+02,-2.178661111111111040e+03,2.075369696969696776e+01,4.331732323232323267e+00,1.160199999999999898e+00,1.224908080808080740e+03,9.811588888888888027e-01,1.085094141414141333e+01,3.916868686868686944e-01,2.129217171717171730e+00,3.510840404040404206e+00,5.950565656565656170e-01
1.071503579563073544e-01,1.076592138001717380e-01,1.017330303030303140e+00,3.750000000000000000e+00,9.269696969696969435e-02,6.396666666666667167e-02,3.886824242424242584e+03,1.134818181818181841e+02,1.694739393939394034e+01,3.227882424242424349e+03,1.310487878787878646e+00,-8.856569696969696679e+02,-2.178826666666666824e+03,2.075372727272727147e+01,4.331675757575757402e+00,1.160199999999999898e+00,1.224893939393939490e+03,9.811433333333332563e-01,1.085069393939393834e+01,3.916848484848484691e-01,2.129212121212121112e+00,3.510769696969696874e+00,5.950575757575756741e-01
1.071503579563073544e-01,1.095479719370168609e-01,1.017634343434343336e+00,3.750000000000000000e+00,9.432323232323232276e-02,6.508888888888889057e-02,3.955014141414141704e+03,1.154727272727272691e+02,1.694231313131313144e+01,3.227811414141413934e+03,1.310126262626262639e+00,-8.858532323232323051e+02,-2.178992222222222154e+03,2.075375757575757518e+01,4.331619191919191536e+00,1.160199999999999898e+00,1.224879797979798013e+03,9.811277777777777098e-01,1.085044646464646512e+01,3.916828282828282992e-01,2.129207070707070937e+00,3.510698989898989986e+00,5.950585858585858423e-01
1.071503579563073544e-01,1.114367300738619837e-01,1.017938383838383753e+00,3.750000000000000000e+00,9.594949494949495117e-02,6.621111111111112335e-02,4.023204040404040370e+03,1.174636363636363683e+02,1.693723232323232253e+01,3.227740404040403973e+03,1.309764646464646409e+00,-8.860494949494949424e+02,-2.179157777777777937e+03,2.075378787878787890e+01,4.331562626262626559e+00,1.160199999999999898e+00,1.224865656565656536e+03,9.811122222222221634e-01,1.085019898989899012e+01,3.916808080808080739e-01,2.129202020202020318e+00,3.510628282828283098e+00,5.950595959595958995e-01
1.071503579563073544e-01,1.133254882107070927e-01,1.018242424242424171e+00,3.750000000000000000e+00,9.757575757575757958e-02,6.733333333333334225e-02,4.091393939393939490e+03,1.194545454545454533e+02,1.693215151515151717e+01,3.227669393939394013e+03,1.309403030303030180e+00,-8.862457575757575796e+02,-2.179323333333333267e+03,2.075381818181817906e+01,4.331506060606060693e+00,1.160199999999999898e+00,1.224851515151515059e+03,9.810966666666666169e-01,1.084995151515151512e+01,3.916787878787878485e-01,2.129196969696969699e+00,3.510557575757575766e+00,5.950606060606060677e-01
1.071503579563073544e-01,1.152142463475522155e-01,1.018546464646464589e+00,3.750000000000000000e+00,9.920202020202019411e-02,6.845555555555556115e-02,4.159583838383838156e+03,1.214454545454545524e+02,1.692707070707070827e+01,3.227598383838384052e+03,1.309041414141413950e+00,-8.864420202020202169e+02,-2.179488888888889051e+03,2.075384848484848277e+01,4.331449494949494827e+00,1.160199999999999898e+00,1.224837373737373809e+03,9.810811111111110705e-01,1.084970404040404013e+01,3.916767676767676787e-01,2.129191919191919080e+00,3.510486868686868878e+00,5.950616161616161248e-01
1.071503579563073544e-01,1.171030044843973383e-01,1.018850505050505006e+00,3.750000000000000000e+00,1.008282828282828225e-01,6.957777777777779393e-02,4.227773737373737276e+03,1.234363636363636374e+02,1.692198989898989936e+01,3.227527373737373637e+03,1.308679797979797943e+00,-8.866382828282828541e+02,-2.179654444444444380e+03,2.075387878787878648e+01,4.331392929292928962e+00,1.160199999999999898e+00,1.224823232323232332e+03,9.810655555555555241e-01,1.084945656565656513e+01,3.916747474747474533e-01,2.129186868686868905e+00,3.510416161616161546e+00,5.950626262626261820e-01
1.071503579563073544e-01,1.189917626212424473e-01,1.019154545454545424e+00,3.750000000000000000e+00,1.024545454545454509e-01,7.070000000000001283e-02,4.295963636363636397e+03,1.254272727272727366e+02,1.691690909090909045e+01,3.227456363636363676e+03,1.308318181818181714e+00,-8.868345454545454913e+02,-2.179820000000000164e+03,2.075390909090909020e+01,4.331336363636363984e+00,1.160199999999999898e+00,1.224809090909090855e+03,9.810499999999999776e-01,1.084920909090909014e+01,3.916727272727272835e-01,2.129181818181818286e+00,3.510345454545454658e+00,5.950636363636363502e-01
1.071503579563073544e-01,1.208805207580875701e-01,1.019458585858585842e+00,3.750000000000000000e+00,1.040808080808080793e-01,7.182222222222223174e-02,4.364153535353535517e+03,1.274181818181818215e+02,1.691182828282828510e+01,3.227385353535353715e+03,1.307956565656565484e+00,-8.870308080808081286e+02,-2.179985555555555493e+03,2.075393939393939391e+01,4.331279797979798118e+00,1.160199999999999898e+00,1.224794949494949378e+03,9.810344444444444312e-01,1.084896161616161514e+01,3.916707070707070582e-01,2.129176767676767668e+00,3.510274747474747326e+00,5.950646464646464073e-01
1.071503579563073544e-01,1.227692788949326930e-01,1.019762626262626259e+00,3.750000000000000000e+00,1.057070707070707077e-01,7.294444444444445064e-02,4.432343434343434637e+03,1.294090909090909065e+02,1.690674747474747619e+01,3.227314343434343300e+03,1.307594949494949477e+00,-8.872270707070706521e+02,-2.180151111111111277e+03,2.075396969696969762e+01,4.331223232323232253e+00,1.160199999999999898e+00,1.224780808080808129e+03,9.810188888888888847e-01,1.084871414141414192e+01,3.916686868686868883e-01,2.129171717171717049e+00,3.510204040404040438e+00,5.950656565656565755e-01
1.071503579563073544e-01,1.246580370317778019e-01,1.020066666666666677e+00,3.750000000000000000e+00,1.073333333333333361e-01,7.406666666666666954e-02,4.500533333333333758e+03,1.314000000000000057e+02,1.690166666666666728e+01,3.227243333333333339e+03,1.307233333333333247e+00,-8.874233333333332894e+02,-2.180316666666666606e+03,2.075399999999999778e+01,4.331166666666666387e+00,1.160199999999999898e+00,1.224766666666666652e+03,9.810033333333333383e-01,1.084846666666666692e+01,3.916666666666666630e-01,2.129166666666666874e+00,3.510133333333333550e+00,5.950666666666666327e-01
1.071503579563073544e-01,1.265467951686229386e-01,1.020370707070707095e+00,3.750000000000000000e+00,1.089595959595959646e-01,7.518888888888890232e-02,4.568723232323232878e+03,1.333909090909091049e+02,1.689658585858585838e+01,3.227172323232323379e+03,1.306871717171717018e+00,-8.876195959595959266e+02,-2.180482222222222390e+03,2.075403030303030150e+01,4.331110101010101410e+00,1.160199999999999898e+00,1.224752525252525174e+03,9.809877777777777919e-01,1.084821919191919193e+01,3.916646464646464376e-01,2.129161616161616255e+00,3.510062626262626218e+00,5.950676767676766898e-01
1.071503579563073544e-01,1.284355533054680476e-01,1.020674747474747512e+00,3.750000000000000000e+00,1.105858585858585791e-01,7.631111111111112122e-02,4.636913131313131089e+03,1.353818181818181756e+02,1.689150505050504947e+01,3.227101313131312963e+03,1.306510101010101010e+00,-8.878158585858585639e+02,-2.180647777777777719e+03,2.075406060606060521e+01,4.331053535353535544e+00,1.160199999999999898e+00,1.224738383838383925e+03,9.809722222222222454e-01,1.084797171717171693e+01,3.916626262626262678e-01,2.129156565656565636e+00,3.509991919191919330e+00,5.950686868686868580e-01
1.071503579563073544e-01,1.303243114423131566e-01,1.020978787878787930e+00,3.750000000000000000e+00,1.122121212121212075e-01,7.743333333333334012e-02,4.705103030303030209e+03,1.373727272727272748e+02,1.688642424242424411e+01,3.227030303030303003e+03,1.306148484848484781e+00,-8.880121212121212011e+02,-2.180813333333333503e+03,2.075409090909090892e+01,4.330996969696969678e+00,1.160199999999999898e+00,1.224724242424242448e+03,9.809566666666665880e-01,1.084772424242424194e+01,3.916606060606060424e-01,2.129151515151515017e+00,3.509921212121211997e+00,5.950696969696969152e-01
1.071503579563073544e-01,1.322130695791582933e-01,1.021282828282828348e+00,3.750000000000000000e+00,1.138383838383838359e-01,7.855555555555557290e-02,4.773292929292929330e+03,1.393636363636363740e+02,1.688134343434343521e+01,3.226959292929293042e+03,1.305786868686868551e+00,-8.882083838383838383e+02,-2.180978888888888832e+03,2.075412121212121264e+01,4.330940404040403813e+00,1.160199999999999898e+00,1.224710101010100971e+03,9.809411111111110415e-01,1.084747676767676694e+01,3.916585858585858726e-01,2.129146464646464842e+00,3.509850505050505109e+00,5.950707070707070834e-01
1.071503579563073544e-01,1.341018277160034022e-01,1.021586868686868765e+00,3.750000000000000000e+00,1.154646464646464643e-01,7.967777777777779180e-02,4.841482828282828450e+03,1.413545454545454447e+02,1.687626262626262630e+01,3.226888282828282627e+03,1.305425252525252544e+00,-8.884046464646464756e+02,-2.181144444444444616e+03,2.075415151515151280e+01,4.330883838383837947e+00,1.160199999999999898e+00,1.224695959595959494e+03,9.809255555555554951e-01,1.084722929292929194e+01,3.916565656565656472e-01,2.129141414141414224e+00,3.509779797979798222e+00,5.950717171717171405e-01
1.071503579563073544e-01,1.359905858528485112e-01,1.021890909090909183e+00,3.750000000000000000e+00,1.170909090909090927e-01,8.080000000000001070e-02,4.909672727272727570e+03,1.433454545454545439e+02,1.687118181818181739e+01,3.226817272727272666e+03,1.305063636363636315e+00,-8.886009090909091128e+02,-2.181309999999999945e+03,2.075418181818181651e+01,4.330827272727272970e+00,1.160199999999999898e+00,1.224681818181818244e+03,9.809099999999999486e-01,1.084698181818181695e+01,3.916545454545454774e-01,2.129136363636363605e+00,3.509709090909090889e+00,5.950727272727271977e-01
1.071503579563073544e-01,1.378793439896936479e-01,1.022194949494949601e+00,3.750000000000000000e+00,1.187171717171717211e-01,8.192222222222222960e-02,4.977862626262626691e+03,1.453363636363636431e+02,1.686610101010101204e+01,3.226746262626262705e+03,1.304702020202020085e+00,-8.887971717171717501e+02,-2.181475555555555729e+03,2.075421212121212022e+01,4.330770707070707104e+00,1.160199999999999898e+00,1.224667676767676767e+03,9.808944444444444022e-01,1.084673434343434373e+01,3.916525252525252521e-01,2.129131313131312986e+00,3.509638383838384001e+00,5.950737373737373659e-01
1.071503579563073544e-01,1.397681021265387569e-01,1.022498989898990018e+00,3.750000000000000000e+00,1.203434343434343357e-01,8.304444444444444851e-02,5.046052525252525811e+03,1.473272727272727423e+02,1.686102020202020313e+01,3.226675252525252745e+03,1.304340404040403856e+00,-8.889934343434343873e+02,-2.181641111111111059e+03,2.075424242424242394e+01,4.330714141414141238e+00,1.160199999999999898e+00,1.224653535353535290e+03,9.808788888888888557e-01,1.084648686868686873e+01,3.916505050505050267e-01,2.129126262626262811e+00,3.509567676767676669e+00,5.950747474747474230e-01
1.071503579563073544e-01,1.416568602633838658e-01,1.022803030303030214e+00,3.750000000000000000e+00,1.219696969696969641e-01,8.416666666666668128e-02,5.114242424242424022e+03,1.493181818181818130e+02,1.685593939393939422e+01,3.226604242424242329e+03,1.303978787878787848e+00,-8.891896969696969109e+02,-2.181806666666666843e+03,2.075427272727272765e+01,4.330657575757575373e+00,1.160199999999999898e+00,1.224639393939393813e+03,9.808633333333333093e-01,1.084623939393939374e+01,3.916484848484848569e-01,2.129121212121212192e+00,3.509496969696969781e+00,5.950757575757575912e-01
1.071503579563073544e-01,1.435456184002290025e-01,1.023107070707070632e+00,3.750000000000000000e+00,1.235959595959595925e-01,8.528888888888890019e-02,5.182432323232323142e+03,1.513090909090909122e+02,1.685085858585858531e+01,3.226533232323232369e+03,1.303617171717171619e+00,-8.893859595959595481e+02,-2.181972222222222172e+03,2.075430303030302781e+01,4.330601010101010395e+00,1.160199999999999898e+00,1.224625252525252563e+03,9.808477777777777629e-01,1.084599191919191874e+01,3.916464646464646315e-01,2.129116161616161573e+00,3.509426262626262893e+00,5.950767676767676484e-01
1.071503579563073544e-01,1.454343765370741115e-01,1.023411111111111049e+00,3.750000000000000000e+00,1.252222222222222070e-01,8.641111111111111909e-02,5.250622222222222263e+03,1.533000000000000114e+02,1.684577777777777996e+01,3.226462222222222408e+03,1.303255555555555389e+00,-8.895822222222221853e+02,-2.182137777777777956e+03,2.075433333333333152e+01,4.330544444444444530e+00,1.160199999999999898e+00,1.224611111111111086e+03,9.808322222222222164e-01,1.084574444444444374e+01,3.916444444444444617e-01,2.129111111111110954e+00,3.509355555555555561e+00,5.950777777777777056e-01
1.071503579563073544e-01,1.473231346739192205e-01,1.023715151515151467e+00,3.750000000000000000e+00,1.268484848484848493e-01,8.753333333333335187e-02,5.318812121212121383e+03,1.552909090909090821e+02,1.684069696969697105e+01,3.226391212121211993e+03,1.302893939393939382e+00,-8.897784848484848226e+02,-2.182303333333333285e+03,2.075436363636363524e+01,4.330487878787878664e+00,1.160199999999999898e+00,1.224596969696969609e+03,9.808166666666666700e-01,1.084549696969696875e+01,3.916424242424242363e-01,2.129106060606060780e+00,3.509284848484848673e+00,5.950787878787878737e-01
1.071503579563073544e-01,1.492118928107643572e-01,1.024019191919191885e+00,3.750000000000000000e+00,1.284747474747474638e-01,8.865555555555557077e-02,5.387002020202020503e+03,1.572818181818181813e+02,1.683561616161616215e+01,3.226320202020202032e+03,1.302532323232323153e+00,-8.899747474747474598e+02,-2.182468888888889069e+03,2.075439393939393895e+01,4.330431313131312798e+00,1.160199999999999898e+00,1.224582828282828359e+03,9.808011111111111235e-01,1.084524949494949375e+01,3.916404040404040665e-01,2.129101010101010161e+00,3.509214141414141341e+00,5.950797979797979309e-01
1.071503579563073544e-01,1.511006509476094661e-01,1.024323232323232302e+00,3.750000000000000000e+00,1.301010101010101061e-01,8.977777777777778967e-02,5.455191919191919624e+03,1.592727272727272805e+02,1.683053535353535324e+01,3.226249191919192072e+03,1.302170707070706923e+00,-8.901710101010100971e+02,-2.182634444444444398e+03,2.075442424242424266e+01,4.330374747474747821e+00,1.160199999999999898e+00,1.224568686868686882e+03,9.807855555555555771e-01,1.084500202020202053e+01,3.916383838383838412e-01,2.129095959595959542e+00,3.509143434343434453e+00,5.950808080808080991e-01
1.071503579563073544e-01,1.529894090844545751e-01,1.024627272727272720e+00,3.750000000000000000e+00,1.317272727272727206e-01,9.090000000000000857e-02,5.523381818181818744e+03,1.612636363636363797e+02,1.682545454545454788e+01,3.226178181818181656e+03,1.301809090909090916e+00,-8.903672727272727343e+02,-2.182800000000000182e+03,2.075445454545454282e+01,4.330318181818181955e+00,1.160199999999999898e+00,1.224554545454545405e+03,9.807699999999999196e-01,1.084475454545454554e+01,3.916363636363636158e-01,2.129090909090908923e+00,3.509072727272727121e+00,5.950818181818181563e-01
1.071503579563073544e-01,1.548781672212997118e-01,1.024931313131313138e+00,3.750000000000000000e+00,1.333535353535353629e-01,9.202222222222222747e-02,5.591571717171716955e+03,1.632545454545454504e+02,1.682037373737373898e+01,3.226107171717171695e+03,1.301447474747474686e+00,-8.905635353535353715e+02,-2.182965555555555511e+03,2.075448484848484654e+01,4.330261616161616089e+00,1.160199999999999898e+00,1.224540404040403928e+03,9.807544444444443732e-01,1.084450707070707054e+01,3.916343434343434460e-01,2.129085858585858748e+00,3.509002020202020233e+00,5.950828282828282134e-01
1.071503579563073544e-01,1.567669253581448208e-01,1.025235353535353555e+00,3.750000000000000000e+00,1.349797979797979774e-01,9.314444444444446025e-02,5.659761616161616075e+03,1.652454545454545496e+02,1.681529292929293007e+01,3.226036161616161735e+03,1.301085858585858457e+00,-8.907597979797980088e+02,-2.183131111111111295e+03,2.075451515151515025e+01,4.330205050505050224e+00,1.160199999999999898e+00,1.224526262626262678e+03,9.807388888888888268e-01,1.084425959595959554e+01,3.916323232323232206e-01,2.129080808080808129e+00,3.508931313131313345e+00,5.950838383838383816e-01
1.071503579563073544e-01,1.586556834949899297e-01,1.025539393939393973e+00,3.750000000000000000e+00,1.366060606060605920e-01,9.426666666666667915e-02,5.727951515151515196e+03,1.672363636363636488e+02,1.681021212121212116e+01,3.225965151515151774e+03,1.300724242424242227e+00,-8.909560606060606460e+02,-2.183296666666666624e+03,2.075454545454545396e+01,4.330148484848485246e+00,1.160199999999999898e+00,1.224512121212121201e+03,9.807233333333332803e-01,1.084401212121212055e+01,3.916303030303030508e-01,2.129075757575757510e+00,3.508860606060606013e+00,5.950848484848484388e-01
1.071503579563073544e-01,1.605444416318350664e-01,1.025843434343434390e+00,3.750000000000000000e+00,1.382323232323232343e-01,9.538888888888889805e-02,5.796141414141414316e+03,1.692272727272727195e+02,1.680513131313131581e+01,3.225894141414141359e+03,1.300362626262626220e+00,-8.911523232323231696e+02,-2.183462222222222408e+03,2.075457575757575768e+01,4.330091919191919381e+00,1.160199999999999898e+00,1.224497979797979724e+03,9.807077777777777339e-01,1.084376464646464555e+01,3.916282828282828254e-01,2.129070707070706892e+00,3.508789898989899125e+00,5.950858585858584959e-01
1.071503579563073544e-01,1.624331997686801754e-01,1.026147474747474808e+00,3.750000000000000000e+00,1.398585858585858488e-01,9.651111111111113083e-02,5.864331313131313436e+03,1.712181818181818187e+02,1.680005050505050690e+01,3.225823131313131398e+03,1.300001010101009991e+00,-8.913485858585858068e+02,-2.183627777777777737e+03,2.075460606060605784e+01,4.330035353535353515e+00,1.160199999999999898e+00,1.224483838383838247e+03,9.806922222222221874e-01,1.084351717171717056e+01,3.916262626262626001e-01,2.129065656565656717e+00,3.508719191919191793e+00,5.950868686868686641e-01
1.071503579563073544e-01,1.643219579055252844e-01,1.026451515151515226e+00,3.750000000000000000e+00,1.414848484848484911e-01,9.763333333333334974e-02,5.932521212121212557e+03,1.732090909090909179e+02,1.679496969696969799e+01,3.225752121212121438e+03,1.299639393939393761e+00,-8.915448484848484441e+02,-2.183793333333333521e+03,2.075463636363636155e+01,4.329978787878787649e+00,1.160199999999999898e+00,1.224469696969696997e+03,9.806766666666666410e-01,1.084326969696969556e+01,3.916242424242424303e-01,2.129060606060606098e+00,3.508648484848484905e+00,5.950878787878787213e-01
1.071503579563073544e-01,1.662107160423704211e-01,1.026755555555555643e+00,3.750000000000000000e+00,1.431111111111111056e-01,9.875555555555556864e-02,6.000711111111111677e+03,1.752000000000000171e+02,1.678988888888888908e+01,3.225681111111111022e+03,1.299277777777777754e+00,-8.917411111111110813e+02,-2.183958888888888850e+03,2.075466666666666526e+01,4.329922222222221784e+00,1.160199999999999898e+00,1.224455555555555520e+03,9.806611111111110946e-01,1.084302222222222234e+01,3.916222222222222049e-01,2.129055555555555479e+00,3.508577777777778017e+00,5.950888888888888895e-01
1.071503579563073544e-01,1.680994741792155300e-01,1.027059595959596061e+00,3.750000000000000000e+00,1.447373737373737479e-01,9.987777777777778754e-02,6.068901010101009888e+03,1.771909090909090878e+02,1.678480808080808373e+01,3.225610101010101062e+03,1.298916161616161524e+00,-8.919373737373737185e+02,-2.184124444444444634e+03,2.075469696969696898e+01,4.329865656565656806e+00,1.160199999999999898e+00,1.224441414141414043e+03,9.806455555555555481e-01,1.084277474747474734e+01,3.916202020202020351e-01,2.129050505050504860e+00,3.508507070707070685e+00,5.950898989898989466e-01
1.071503579563073544e-01,1.699882323160606390e-01,1.027363636363636479e+00,3.750000000000000000e+00,1.463636363636363624e-01,1.010000000000000064e-01,6.137090909090909008e+03,1.791818181818181870e+02,1.677972727272727482e+01,3.225539090909091101e+03,1.298554545454545295e+00,-8.921336363636363558e+02,-2.184289999999999964e+03,2.075472727272727269e+01,4.329809090909090941e+00,1.160199999999999898e+00,1.224427272727272793e+03,9.806300000000000017e-01,1.084252727272727235e+01,3.916181818181818097e-01,2.129045454545454685e+00,3.508436363636363797e+00,5.950909090909090038e-01
1.071503579563073544e-01,1.718769904529057757e-01,1.027667676767676674e+00,3.750000000000000000e+00,1.479898989898989770e-01,1.021222222222222392e-01,6.205280808080808129e+03,1.811727272727272862e+02,1.677464646464646592e+01,3.225468080808080686e+03,1.298192929292929287e+00,-8.923298989898989930e+02,-2.184455555555555748e+03,2.075475757575757640e+01,4.329752525252525075e+00,1.160199999999999898e+00,1.224413131313131316e+03,9.806144444444444552e-01,1.084227979797979735e+01,3.916161616161616399e-01,2.129040404040404066e+00,3.508365656565656465e+00,5.950919191919191720e-01
1.071503579563073544e-01,1.737657485897508847e-01,1.027971717171717092e+00,3.750000000000000000e+00,1.496161616161616192e-01,1.032444444444444581e-01,6.273470707070707249e+03,1.831636363636363569e+02,1.676956565656565701e+01,3.225397070707070725e+03,1.297831313131313058e+00,-8.925261616161616303e+02,-2.184621111111111077e+03,2.075478787878787656e+01,4.329695959595959209e+00,1.160199999999999898e+00,1.224398989898989839e+03,9.805988888888889088e-01,1.084203232323232236e+01,3.916141414141414145e-01,2.129035353535353448e+00,3.508294949494949577e+00,5.950929292929292291e-01
1.071503579563073544e-01,1.756545067265959936e-01,1.028275757575757510e+00,3.750000000000000000e+00,1.512424242424242338e-01,1.043666666666666770e-01,6.341660606060606369e+03,1.851545454545454561e+02,1.676448484848485165e+01,3.225326060606060764e+03,1.297469696969696829e+00,-8.927224242424242675e+02,-2.184786666666666861e+03,2.075481818181818028e+01,4.329639393939394232e+00,1.160199999999999898e+00,1.224384848484848362e+03,9.805833333333332513e-01,1.084178484848484736e+01,3.916121212121211892e-01,2.129030303030302829e+00,3.508224242424242245e+00,5.950939393939393973e-01
1.071503579563073544e-01,1.775432648634411303e-01,1.028579797979797927e+00,3.750000000000000000e+00,1.528686868686868761e-01,1.054888888888889098e-01,6.409850505050505490e+03,1.871454545454545553e+02,1.675940404040404275e+01,3.225255050505050804e+03,1.297108080808080599e+00,-8.929186868686867911e+02,-2.184952222222222190e+03,2.075484848484848399e+01,4.329582828282828366e+00,1.160199999999999898e+00,1.224370707070707113e+03,9.805677777777777049e-01,1.084153737373737236e+01,3.916101010101010194e-01,2.129025252525252654e+00,3.508153535353535357e+00,5.950949494949494545e-01
1.071503579563073544e-01,1.794320230002862393e-01,1.028883838383838345e+00,3.750000000000000000e+00,1.544949494949494906e-01,1.066111111111111287e-01,6.478040404040404610e+03,1.891363636363636545e+02,1.675432323232323384e+01,3.225184040404040388e+03,1.296746464646464592e+00,-8.931149494949494283e+02,-2.185117777777777974e+03,2.075487878787878770e+01,4.329526262626262501e+00,1.160199999999999898e+00,1.224356565656565635e+03,9.805522222222221584e-01,1.084128989898989737e+01,3.916080808080807940e-01,2.129020202020202035e+00,3.508082828282828469e+00,5.950959595959595116e-01
1.071503579563073544e-01,1.813207811371313483e-01,1.029187878787878763e+00,3.750000000000000000e+00,1.561212121212121051e-01,1.077333333333333476e-01,6.546230303030302821e+03,1.911272727272727252e+02,1.674924242424242493e+01,3.225113030303030428e+03,1.296384848484848362e+00,-8.933112121212120655e+02,-2.185283333333333303e+03,2.075490909090909142e+01,4.329469696969696635e+00,1.160199999999999898e+00,1.224342424242424158e+03,9.805366666666666120e-01,1.084104242424242415e+01,3.916060606060606242e-01,2.129015151515151416e+00,3.508012121212121137e+00,5.950969696969696798e-01
1.071503579563073544e-01,1.832095392739764850e-01,1.029491919191919180e+00,3.750000000000000000e+00,1.577474747474747474e-01,1.088555555555555665e-01,6.614420202020201941e+03,1.931181818181818244e+02,1.674416161616161958e+01,3.225042020202020467e+03,1.296023232323232133e+00,-8.935074747474747028e+02,-2.185448888888889087e+03,2.075493939393939158e+01,4.329413131313131657e+00,1.160199999999999898e+00,1.224328282828282681e+03,9.805211111111110656e-01,1.084079494949494915e+01,3.916040404040403988e-01,2.129010101010100797e+00,3.507941414141414249e+00,5.950979797979797370e-01
1.071503579563073544e-01,1.850982974108215939e-01,1.029795959595959598e+00,3.750000000000000000e+00,1.593737373737373619e-01,1.099777777777777854e-01,6.682610101010101062e+03,1.951090909090909236e+02,1.673908080808081067e+01,3.224971010101010052e+03,1.295661616161616125e+00,-8.937037373737373400e+02,-2.185614444444444416e+03,2.075496969696969529e+01,4.329356565656565792e+00,1.160199999999999898e+00,1.224314141414141432e+03,9.805055555555555191e-01,1.084054747474747415e+01,3.916020202020202290e-01,2.129005050505050622e+00,3.507870707070706917e+00,5.950989898989899052e-01
1.071503579563073544e-01,1.869870555476667029e-01,1.030100000000000016e+00,3.750000000000000000e+00,1.610000000000000042e-01,1.111000000000000043e-01,6.750800000000000182e+03,1.970999999999999943e+02,1.673400000000000176e+01,3.224900000000000091e+03,1.295299999999999896e+00,-8.938999999999999773e+02,-2.185780000000000200e+03,2.075499999999999901e+01,4.329299999999999926e+00,1.160199999999999898e+00,1.224299999999999955e+03,9.804899999999999727e-01,1.084029999999999916e+01,3.916000000000000036e-01,2.129000000000000004e+00,3.507800000000000029e+00,5.950999999999999623e-01
1.071060700230115209e-01,1.905391763731145160e-01,1.030100000000000016e+00,3.746900000000000119e+00,1.610000000000000042e-01,1.111999999999999933e-01,6.745399999999999636e+03,1.973000000000000114e+02,1.673300000000000054e+01,3.224889999999999873e+03,1.295299999999999896e+00,-8.939299999999999500e+02,-2.185809999999999945e+03,2.075499999999999901e+01,4.329200000000000159e+00,1.160199999999999898e+00,1.224299999999999955e+03,9.804899999999999727e-01,1.084019999999999939e+01,3.916000000000000036e-01,2.129000000000000004e+00,3.507800000000000029e+00,5.950999999999999623e-01
1.069731235175089973e-01,1.940912971985623570e-01,1.030200000000000005e+00,3.737600000000000033e+00,1.620000000000000051e-01,1.115000000000000019e-01,6.729100000000000364e+03,1.978000000000000114e+02,1.673199999999999932e+01,3.224860000000000127e+03,1.295199999999999907e+00,-8.940299999999999727e+02,-2.185889999999999873e+03,2.075499999999999901e+01,4.329200000000000159e+00,1.160199999999999898e+00,1.224299999999999955e+03,9.804800000000000182e-01,1.083990000000000009e+01,3.916000000000000036e-01,2.129000000000000004e+00,3.507800000000000029e+00,5.950999999999999623e-01
1.067512695487824320e-01,1.976434180240101701e-01,1.030299999999999994e+00,3.722100000000000186e+00,1.620000000000000051e-01,1.120000000000000023e-01,6.702100000000000364e+03,1.985999999999999943e+02,1.673000000000000043e+01,3.224809999999999945e+03,1.294999999999999929e+00,-8.942000000000000455e+02,-2.186039999999999964e+03,2.075499999999999901e+01,4.328999999999999737e+00,1.160199999999999898e+00,1.224200000000000045e+03,9.804699999999999527e-01,1.083939999999999948e+01,3.916000000000000036e-01,2.129000000000000004e+00,3.507699999999999818e+00,5.950999999999999623e-01
1.064400907009224323e-01,2.011955388494579833e-01,1.030499999999999972e+00,3.700499999999999901e+00,1.630000000000000060e-01,1.126000000000000056e-01,6.664199999999999818e+03,1.998000000000000114e+02,1.672700000000000031e+01,3.224739999999999782e+03,1.294799999999999951e+00,-8.944299999999999500e+02,-2.186239999999999782e+03,2.075499999999999901e+01,4.328800000000000203e+00,1.160199999999999898e+00,1.224200000000000045e+03,9.804500000000000437e-01,1.083869999999999933e+01,3.916000000000000036e-01,2.129000000000000004e+00,3.507699999999999818e+00,5.950999999999999623e-01
1.060389970767296325e-01,2.047476596749058242e-01,1.030799999999999939e+00,3.672600000000000087e+00,1.650000000000000078e-01,1.135000000000000037e-01,6.615600000000000364e+03,2.014000000000000057e+02,1.672299999999999898e+01,3.224650000000000091e+03,1.294599999999999973e+00,-8.947500000000000000e+02,-2.186510000000000218e+03,2.075600000000000023e+01,4.328599999999999781e+00,1.160199999999999898e+00,1.224200000000000045e+03,9.804300000000000237e-01,1.083779999999999966e+01,3.916000000000000036e-01,2.129000000000000004e+00,3.507600000000000051e+00,5.950999999999999623e-01
1.055472206361382642e-01,2.082997805003536373e-01,1.031099999999999905e+00,3.638599999999999834e+00,1.660000000000000087e-01,1.145999999999999935e-01,6.556300000000000182e+03,2.033000000000000114e+02,1.671799999999999997e+01,3.224530000000000200e+03,1.294200000000000017e+00,-8.951399999999999864e+02,-2.186849999999999909e+03,2.075600000000000023e+01,4.328199999999999825e+00,1.160199999999999898e+00,1.224200000000000045e+03,9.804100000000000037e-01,1.083670000000000044e+01,3.916000000000000036e-01,2.129000000000000004e+00,3.507499999999999840e+00,5.950999999999999623e-01
1.049638077009290710e-01,2.118519013258014505e-01,1.031400000000000095e+00,3.598500000000000032e+00,1.680000000000000104e-01,1.159000000000000030e-01,6.486300000000000182e+03,2.056999999999999886e+02,1.671099999999999852e+01,3.224389999999999873e+03,1.293800000000000061e+00,-8.956100000000000136e+02,-2.187260000000000218e+03,2.075600000000000023e+01,4.327799999999999869e+00,1.160199999999999898e+00,1.224200000000000045e+03,9.803800000000000292e-01,1.083530000000000015e+01,3.916000000000000036e-01,2.129000000000000004e+00,3.507299999999999862e+00,5.950999999999999623e-01
1.042876094516100166e-01,2.154040221512492637e-01,1.031900000000000039e+00,3.552299999999999791e+00,1.700000000000000122e-01,1.174999999999999933e-01,6.405600000000000364e+03,2.084000000000000057e+02,1.670400000000000063e+01,3.224219999999999800e+03,1.293299999999999894e+00,-8.961799999999999500e+02,-2.187750000000000000e+03,2.075600000000000023e+01,4.327399999999999913e+00,1.160199999999999898e+00,1.224099999999999909e+03,9.803399999999999892e-01,1.083370000000000033e+01,3.916000000000000036e-01,2.129000000000000004e+00,3.507099999999999884e+00,5.950999999999999623e-01
1.035172701893166541e-01,2.189561429766971046e-01,1.032399999999999984e+00,3.500000000000000000e+00,1.729999999999999871e-01,1.193000000000000033e-01,6.314399999999999636e+03,2.115999999999999943e+02,1.669500000000000028e+01,3.224019999999999982e+03,1.292699999999999960e+00,-8.968600000000000136e+02,-2.188329999999999927e+03,2.075600000000000023e+01,4.326800000000000423e+00,1.160199999999999898e+00,1.224099999999999909e+03,9.802999999999999492e-01,1.083179999999999943e+01,3.916000000000000036e-01,2.129000000000000004e+00,3.506899999999999906e+00,5.950999999999999623e-01
1.026512130725151933e-01,2.225082638021449177e-01,1.033099999999999907e+00,3.441699999999999982e+00,1.759999999999999898e-01,1.213999999999999940e-01,6.212800000000000182e+03,2.153000000000000114e+02,1.668499999999999872e+01,3.223789999999999964e+03,1.292000000000000037e+00,-8.976499999999999773e+02,-2.189010000000000218e+03,2.075600000000000023e+01,4.326100000000000279e+00,1.160199999999999898e+00,1.224000000000000000e+03,9.802400000000000002e-01,1.082949999999999946e+01,3.916000000000000036e-01,2.128899999999999793e+00,3.506699999999999928e+00,5.950999999999999623e-01
1.016876229618444011e-01,2.260603846275927309e-01,1.033800000000000052e+00,3.377400000000000180e+00,1.789999999999999925e-01,1.237999999999999934e-01,6.100800000000000182e+03,2.195999999999999943e+02,1.667299999999999827e+01,3.223510000000000218e+03,1.291299999999999892e+00,-8.985700000000000500e+02,-2.189809999999999945e+03,2.075700000000000145e+01,4.325400000000000134e+00,1.160199999999999898e+00,1.224000000000000000e+03,9.801800000000000512e-01,1.082690000000000019e+01,3.916000000000000036e-01,2.128899999999999793e+00,3.506400000000000183e+00,5.950999999999999623e-01
1.006244259122810597e-01,2.296125054530405718e-01,1.034699999999999953e+00,3.307100000000000151e+00,1.829999999999999960e-01,1.265000000000000013e-01,5.978500000000000000e+03,2.244000000000000057e+02,1.665899999999999892e+01,3.223190000000000055e+03,1.290300000000000002e+00,-8.996399999999999864e+02,-2.190730000000000018e+03,2.075700000000000145e+01,4.324499999999999567e+00,1.160199999999999898e+00,1.223900000000000091e+03,9.801100000000000367e-01,1.082380000000000031e+01,3.916000000000000036e-01,2.128899999999999793e+00,3.505999999999999783e+00,5.950999999999999623e-01
9.945926473422593561e-02,2.331646262784883850e-01,1.035700000000000065e+00,3.230999999999999872e+00,1.880000000000000004e-01,1.295999999999999930e-01,5.846100000000000364e+03,2.299000000000000057e+02,1.664300000000000068e+01,3.222820000000000164e+03,1.289299999999999891e+00,-9.008799999999999955e+02,-2.191800000000000182e+03,2.075700000000000145e+01,4.323400000000000354e+00,1.160199999999999898e+00,1.223799999999999955e+03,9.800299999999999567e-01,1.082019999999999982e+01,3.916000000000000036e-01,2.128899999999999793e+00,3.505700000000000038e+00,5.950999999999999623e-01
9.818946989639958101e-02,2.367167471039361981e-01,1.036799999999999944e+00,3.149000000000000021e+00,1.930000000000000049e-01,1.330999999999999961e-01,5.703699999999999818e+03,2.360999999999999943e+02,1.662500000000000000e+01,3.222389999999999873e+03,1.288000000000000034e+00,-9.023300000000000409e+02,-2.193050000000000182e+03,2.075799999999999912e+01,4.322199999999999598e+00,1.160199999999999898e+00,1.223700000000000045e+03,9.799400000000000333e-01,1.081610000000000049e+01,3.916000000000000036e-01,2.128899999999999793e+00,3.505199999999999871e+00,5.951999999999999513e-01
9.681202485315683337e-02,2.402688679293840113e-01,1.038200000000000012e+00,3.061300000000000132e+00,1.990000000000000102e-01,1.370000000000000107e-01,5.551500000000000000e+03,2.430999999999999943e+02,1.660300000000000153e+01,3.221889999999999873e+03,1.286599999999999966e+00,-9.040199999999999818e+02,-2.194500000000000000e+03,2.075799999999999912e+01,4.320800000000000196e+00,1.160300000000000109e+00,1.223599999999999909e+03,9.798299999999999788e-01,1.081129999999999924e+01,3.916000000000000036e-01,2.128800000000000026e+00,3.504700000000000149e+00,5.951999999999999513e-01
9.532352463258482456e-02,2.438209887548318522e-01,1.039800000000000058e+00,2.967900000000000205e+00,2.049999999999999878e-01,1.414999999999999869e-01,5.389699999999999818e+03,2.510999999999999943e+02,1.657799999999999940e+01,3.221300000000000182e+03,1.284899999999999931e+00,-9.059900000000000091e+02,-2.196199999999999818e+03,2.075900000000000034e+01,4.319200000000000372e+00,1.160300000000000109e+00,1.223500000000000000e+03,9.797000000000000153e-01,1.080560000000000009e+01,3.916000000000000036e-01,2.128800000000000026e+00,3.504100000000000215e+00,5.951999999999999513e-01
9.372012619946400169e-02,2.473731095802796653e-01,1.041600000000000081e+00,2.868900000000000006e+00,2.129999999999999949e-01,1.466000000000000081e-01,5.218399999999999636e+03,2.601000000000000227e+02,1.654799999999999827e+01,3.220610000000000127e+03,1.282899999999999929e+00,-9.083099999999999454e+02,-2.198199999999999818e+03,2.076000000000000156e+01,4.317300000000000360e+00,1.160300000000000109e+00,1.223400000000000091e+03,9.795500000000000318e-01,1.079889999999999972e+01,3.916000000000000036e-01,2.128699999999999815e+00,3.503299999999999859e+00,5.951999999999999513e-01
9.199748868047248618e-02,2.509252304057275063e-01,1.043900000000000050e+00,2.764400000000000190e+00,2.210000000000000020e-01,1.524999999999999967e-01,5.037800000000000182e+03,2.705000000000000000e+02,1.651300000000000168e+01,3.219800000000000182e+03,1.280499999999999972e+00,-9.110499999999999545e+02,-2.200559999999999945e+03,2.076099999999999923e+01,4.315000000000000391e+00,1.160300000000000109e+00,1.223200000000000045e+03,9.793699999999999628e-01,1.079110000000000014e+01,3.916000000000000036e-01,2.128699999999999815e+00,3.502499999999999947e+00,5.951999999999999513e-01
9.015070096723380721e-02,2.544773512311753194e-01,1.046499999999999986e+00,2.654500000000000082e+00,2.310000000000000109e-01,1.590999999999999914e-01,4.848600000000000364e+03,2.823000000000000114e+02,1.647100000000000009e+01,3.218829999999999927e+03,1.277700000000000058e+00,-9.143099999999999454e+02,-2.203380000000000109e+03,2.076200000000000045e+01,4.312299999999999578e+00,1.160300000000000109e+00,1.223000000000000000e+03,9.791600000000000303e-01,1.078170000000000073e+01,3.916000000000000036e-01,2.128600000000000048e+00,3.501500000000000057e+00,5.951999999999999513e-01
8.817419343680088506e-02,2.580294720566231326e-01,1.049700000000000077e+00,2.539400000000000102e+00,2.419999999999999929e-01,1.668000000000000038e-01,4.650899999999999636e+03,2.958999999999999773e+02,1.642099999999999937e+01,3.217659999999999854e+03,1.274399999999999977e+00,-9.182400000000000091e+02,-2.206760000000000218e+03,2.076300000000000168e+01,4.309000000000000163e+00,1.160400000000000098e+00,1.222799999999999955e+03,9.788999999999999924e-01,1.077040000000000042e+01,3.916000000000000036e-01,2.128499999999999837e+00,3.500199999999999978e+00,5.953000000000000513e-01
8.606162946152756676e-02,2.615815928820709457e-01,1.053600000000000092e+00,2.419200000000000017e+00,2.550000000000000044e-01,1.756000000000000061e-01,4.445000000000000000e+03,3.116000000000000227e+02,1.635999999999999943e+01,3.216239999999999782e+03,1.270299999999999985e+00,-9.230000000000000000e+02,-2.210869999999999891e+03,2.076399999999999935e+01,4.304999999999999716e+00,1.160400000000000098e+00,1.222500000000000000e+03,9.785899999999999599e-01,1.075670000000000037e+01,3.916000000000000036e-01,2.128400000000000070e+00,3.498800000000000132e+00,5.953000000000000513e-01
8.380577088958869603e-02,2.651337137075187589e-01,1.058400000000000007e+00,2.294000000000000039e+00,2.700000000000000178e-01,1.859000000000000097e-01,4.231699999999999818e+03,3.298999999999999773e+02,1.628600000000000136e+01,3.214489999999999782e+03,1.265400000000000080e+00,-9.288700000000000045e+02,-2.215920000000000073e+03,2.076599999999999824e+01,4.300099999999999589e+00,1.160400000000000098e+00,1.222099999999999909e+03,9.782100000000000239e-01,1.073990000000000045e+01,3.916999999999999926e-01,2.128299999999999859e+00,3.496900000000000119e+00,5.954000000000000403e-01
8.139830956234510306e-02,2.686858345329665720e-01,1.064400000000000013e+00,2.164099999999999913e+00,2.879999999999999782e-01,1.980999999999999983e-01,4.011300000000000182e+03,3.513999999999999773e+02,1.619300000000000139e+01,3.212300000000000182e+03,1.259200000000000097e+00,-9.362000000000000455e+02,-2.222239999999999782e+03,2.076800000000000068e+01,4.293999999999999595e+00,1.160500000000000087e+00,1.221599999999999909e+03,9.777299999999999880e-01,1.071879999999999988e+01,3.916999999999999926e-01,2.128099999999999881e+00,3.494600000000000151e+00,5.954000000000000403e-01
7.891109019472614117e-02,2.722379553584144407e-01,1.071900000000000075e+00,2.033900000000000041e+00,3.079999999999999960e-01,2.119999999999999940e-01,3.791800000000000182e+03,3.761000000000000227e+02,1.607999999999999829e+01,3.209610000000000127e+03,1.251600000000000046e+00,-9.452100000000000364e+02,-2.230000000000000000e+03,2.077100000000000080e+01,4.286400000000000432e+00,1.160500000000000087e+00,1.221099999999999909e+03,9.771499999999999631e-01,1.069280000000000008e+01,3.916999999999999926e-01,2.128000000000000114e+00,3.491800000000000015e+00,5.955000000000000293e-01
7.642386841611586989e-02,2.757900761838622539e-01,1.080999999999999961e+00,1.907699999999999951e+00,3.310000000000000164e-01,2.277000000000000135e-01,3.580699999999999818e+03,4.040000000000000000e+02,1.594500000000000028e+01,3.206360000000000127e+03,1.242499999999999938e+00,-9.560599999999999454e+02,-2.239349999999999909e+03,2.077400000000000091e+01,4.277300000000000324e+00,1.160600000000000076e+00,1.220400000000000091e+03,9.764399999999999746e-01,1.066150000000000020e+01,3.916999999999999926e-01,2.127699999999999925e+00,3.488399999999999945e+00,5.956000000000000183e-01
7.393664663750562638e-02,2.793421970093100670e-01,1.092200000000000060e+00,1.785500000000000087e+00,3.569999999999999840e-01,2.454000000000000070e-01,3.378300000000000182e+03,4.353999999999999773e+02,1.578100000000000058e+01,3.202409999999999854e+03,1.231500000000000039e+00,-9.692699999999999818e+02,-2.250730000000000018e+03,2.077799999999999869e+01,4.266200000000000436e+00,1.160700000000000065e+00,1.219599999999999909e+03,9.755700000000000482e-01,1.062340000000000018e+01,3.917999999999999816e-01,2.127400000000000180e+00,3.484300000000000175e+00,5.957000000000000073e-01
7.144942485889535511e-02,2.828943178347578802e-01,1.106200000000000072e+00,1.667399999999999993e+00,3.870000000000000107e-01,2.656999999999999917e-01,3.184900000000000091e+03,4.713999999999999773e+02,1.558200000000000074e+01,3.197519999999999982e+03,1.218099999999999961e+00,-9.855900000000000318e+02,-2.264789999999999964e+03,2.078300000000000125e+01,4.252500000000000391e+00,1.160800000000000054e+00,1.218599999999999909e+03,9.745000000000000329e-01,1.057610000000000028e+01,3.917999999999999816e-01,2.127099999999999991e+00,3.479200000000000070e+00,5.957999999999999963e-01
6.900394424745918964e-02,2.864464386602056933e-01,1.123799999999999910e+00,1.555199999999999916e+00,4.209999999999999853e-01,2.888000000000000012e-01,3.003699999999999818e+03,5.122999999999999545e+02,1.533799999999999919e+01,3.191469999999999800e+03,1.201699999999999990e+00,-1.005720000000000027e+03,-2.282130000000000109e+03,2.078900000000000148e+01,4.235500000000000043e+00,1.161000000000000032e+00,1.217299999999999955e+03,9.731800000000000450e-01,1.051779999999999937e+01,3.919000000000000261e-01,2.126700000000000035e+00,3.472799999999999887e+00,5.958999999999999853e-01
6.679201257547098813e-02,2.899985594856535065e-01,1.144200000000000106e+00,1.457100000000000062e+00,4.570000000000000173e-01,3.130999999999999894e-01,2.847800000000000182e+03,5.553999999999999773e+02,1.506400000000000006e+01,3.184559999999999945e+03,1.183100000000000041e+00,-1.028700000000000045e+03,-2.301929999999999836e+03,2.079599999999999937e+01,4.216000000000000192e+00,1.161200000000000010e+00,1.215900000000000091e+03,9.716599999999999682e-01,1.045100000000000051e+01,3.920000000000000151e-01,2.126199999999999868e+00,3.465599999999999792e+00,5.960999999999999632e-01
6.481788940167720892e-02,2.935506803111013197e-01,1.167799999999999949e+00,1.372300000000000075e+00,4.939999999999999947e-01,3.382999999999999896e-01,2.715599999999999909e+03,6.002000000000000455e+02,1.476099999999999923e+01,3.176750000000000000e+03,1.162600000000000078e+00,-1.054569999999999936e+03,-2.324199999999999818e+03,2.080399999999999849e+01,4.194099999999999717e+00,1.161399999999999988e+00,1.214299999999999955e+03,9.699499999999999789e-01,1.037560000000000038e+01,3.921000000000000041e-01,2.125599999999999934e+00,3.457500000000000018e+00,5.963000000000000522e-01
6.306286064658322976e-02,2.971028011365491883e-01,1.194700000000000095e+00,1.298899999999999944e+00,5.330000000000000293e-01,3.644999999999999907e-01,2.603900000000000091e+03,6.466000000000000227e+02,1.442699999999999960e+01,3.168000000000000000e+03,1.139999999999999902e+00,-1.083519999999999982e+03,-2.349119999999999891e+03,2.081200000000000117e+01,4.169400000000000439e+00,1.161599999999999966e+00,1.212500000000000000e+03,9.680299999999999461e-01,1.029100000000000037e+01,3.921999999999999931e-01,2.125000000000000000e+00,3.448300000000000143e+00,5.965000000000000302e-01
6.151190828525986143e-02,3.006549219619970015e-01,1.225700000000000012e+00,1.235800000000000010e+00,5.739999999999999547e-01,3.916000000000000036e-01,2.509900000000000091e+03,6.947999999999999545e+02,1.406300000000000061e+01,3.158199999999999818e+03,1.115099999999999980e+00,-1.115809999999999945e+03,-2.376920000000000073e+03,2.082199999999999918e+01,4.141799999999999926e+00,1.161899999999999933e+00,1.210500000000000000e+03,9.658799999999999608e-01,1.019619999999999926e+01,3.924000000000000266e-01,2.124299999999999855e+00,3.438099999999999934e+00,5.967999999999999972e-01
6.015288546642585943e-02,3.042070427874448146e-01,1.260999999999999899e+00,1.181799999999999962e+00,6.159999999999999920e-01,4.197000000000000175e-01,2.431699999999999818e+03,7.445000000000000000e+02,1.366900000000000048e+01,3.147289999999999964e+03,1.088200000000000056e+00,-1.151619999999999891e+03,-2.407739999999999782e+03,2.083299999999999841e+01,4.111100000000000421e+00,1.162199999999999900e+00,1.208200000000000045e+03,9.634899999999999576e-01,1.009079999999999977e+01,3.925000000000000155e-01,2.123499999999999943e+00,3.426699999999999857e+00,5.970999999999999641e-01
5.897593064909710525e-02,3.077591636128926278e-01,1.301399999999999890e+00,1.135999999999999899e+00,6.600000000000000311e-01,4.485999999999999988e-01,2.367300000000000182e+03,7.957999999999999545e+02,1.324399999999999977e+01,3.135199999999999818e+03,1.058999999999999941e+00,-1.191150000000000091e+03,-2.441750000000000000e+03,2.084400000000000119e+01,4.077099999999999724e+00,1.162500000000000089e+00,1.205799999999999955e+03,9.608299999999999619e-01,9.974099999999999966e+00,3.927999999999999825e-01,2.122599999999999820e+00,3.414099999999999913e+00,5.974000000000000421e-01
5.797304346433949929e-02,3.113112844383404409e-01,1.347499999999999920e+00,1.097699999999999898e+00,7.049999999999999600e-01,4.783000000000000029e-01,2.315099999999999909e+03,8.486000000000000227e+02,1.279199999999999982e+01,3.121869999999999891e+03,1.027800000000000047e+00,-1.234539999999999964e+03,-2.479070000000000164e+03,2.085699999999999932e+01,4.039600000000000080e+00,1.162900000000000045e+00,1.203000000000000000e+03,9.578999999999999737e-01,9.845399999999999707e+00,3.930000000000000160e-01,2.121599999999999930e+00,3.400199999999999889e+00,5.977000000000000091e-01
5.713777344166337535e-02,3.148634052637883096e-01,1.399999999999999911e+00,1.066300000000000026e+00,7.520000000000000018e-01,5.089000000000000190e-01,2.273900000000000091e+03,9.027999999999999545e+02,1.231199999999999939e+01,3.107219999999999800e+03,9.946000000000000396e-01,-1.281990000000000009e+03,-2.519860000000000127e+03,2.087099999999999866e+01,3.998400000000000176e+00,1.163399999999999990e+00,1.200099999999999909e+03,9.546700000000000186e-01,9.704100000000000392e+00,3.934000000000000274e-01,2.120499999999999829e+00,3.384900000000000020e+00,5.979999999999999760e-01
5.646498985086283173e-02,3.184155260892360673e-01,1.459799999999999986e+00,1.041400000000000103e+00,8.010000000000000453e-01,5.402000000000000135e-01,2.242500000000000000e+03,9.582999999999999545e+02,1.180700000000000038e+01,3.091190000000000055e+03,9.594799999999999995e-01,-1.333619999999999891e+03,-2.564230000000000018e+03,2.088500000000000156e+01,3.953500000000000014e+00,1.163999999999999924e+00,1.196799999999999955e+03,9.511300000000000310e-01,9.549799999999999400e+00,3.937999999999999834e-01,2.119200000000000195e+00,3.368300000000000072e+00,5.984000000000000430e-01
5.595071158835265845e-02,3.219676469146839359e-01,1.527900000000000036e+00,1.022499999999999964e+00,8.509999999999999787e-01,5.721000000000000529e-01,2.219699999999999818e+03,1.014899999999999977e+03,1.128100000000000058e+01,3.073719999999999800e+03,9.226499999999999702e-01,-1.389519999999999982e+03,-2.612239999999999782e+03,2.090099999999999980e+01,3.904700000000000060e+00,1.164600000000000080e+00,1.193299999999999955e+03,9.472699999999999454e-01,9.381999999999999673e+00,3.941999999999999948e-01,2.117900000000000116e+00,3.350099999999999856e+00,5.988999999999999879e-01
5.559198293459410856e-02,3.255197677401317491e-01,1.605299999999999949e+00,1.009400000000000075e+00,9.020000000000000240e-01,6.046000000000000263e-01,2.204599999999999909e+03,1.072700000000000045e+03,1.073700000000000010e+01,3.054760000000000218e+03,8.843199999999999950e-01,-1.449759999999999991e+03,-2.663949999999999818e+03,2.091799999999999926e+01,3.851999999999999869e+00,1.165300000000000002e+00,1.189500000000000000e+03,9.430800000000000294e-01,9.200400000000000134e+00,3.947999999999999843e-01,2.116400000000000059e+00,3.330400000000000027e+00,5.993000000000000549e-01
5.538678562565656216e-02,3.290718885655795622e-01,1.693300000000000027e+00,1.002000000000000002e+00,9.539999999999999591e-01,6.375999999999999446e-01,2.196500000000000000e+03,1.131200000000000045e+03,1.017900000000000027e+01,3.034289999999999964e+03,8.447500000000000009e-01,-1.514309999999999945e+03,-2.719329999999999927e+03,2.093599999999999994e+01,3.795399999999999885e+00,1.165999999999999925e+00,1.185400000000000091e+03,9.385499999999999954e-01,9.005200000000000315e+00,3.956000000000000072e-01,2.114799999999999791e+00,3.309200000000000141e+00,5.997999999999999998e-01
5.533220692065889817e-02,3.320813572496061350e-01,1.777500000000000080e+00,1.000000000000000000e+00,1.000000000000000000e+00,6.660000000000000364e-01,2.194400000000000091e+03,1.181599999999999909e+03,9.697100000000000719e+00,3.015650000000000091e+03,8.103199999999999292e-01,-1.572589999999999918e+03,-2.769300000000000182e+03,2.095200000000000173e+01,3.744200000000000195e+00,1.166800000000000059e+00,1.181599999999999909e+03,9.344099999999999628e-01,8.828300000000000480e+00,3.962999999999999856e-01,2.113300000000000178e+00,3.289899999999999824e+00,6.001999999999999558e-01
5.533600844983024153e-02,3.326240093910273754e-01,1.803500000000000103e+00,1.000099999999999989e+00,1.012999999999999901e+00,6.743000000000000105e-01,2.194599999999999909e+03,1.196200000000000045e+03,9.557499999999999218e+00,3.010079999999999927e+03,8.003100000000000769e-01,-1.589930000000000064e+03,-2.784150000000000091e+03,2.095700000000000074e+01,3.728899999999999881e+00,1.167000000000000037e+00,1.180500000000000000e+03,9.331700000000000550e-01,8.775600000000000733e+00,3.965000000000000191e-01,2.112899999999999778e+00,3.284100000000000019e+00,6.004000000000000448e-01
5.554926313420700118e-02,3.361761302164751886e-01,1.975700000000000012e+00,1.007900000000000018e+00,1.094000000000000083e+00,7.235000000000000320e-01,2.201800000000000182e+03,1.283500000000000000e+03,8.724399999999999267e+00,2.975019999999999982e+03,7.401800000000000601e-01,-1.698130000000000109e+03,-2.876809999999999945e+03,2.098600000000000065e+01,3.633999999999999897e+00,1.168500000000000094e+00,1.173599999999999909e+03,9.253700000000000259e-01,8.445999999999999730e+00,3.981000000000000094e-01,2.109999999999999876e+00,3.247900000000000009e+00,6.011999999999999567e-01
5.609456549408340514e-02,3.397282510419230572e-01,2.187500000000000000e+00,1.027700000000000058e+00,1.177999999999999936e+00,7.740000000000000213e-01,2.219000000000000000e+03,1.373200000000000045e+03,7.879699999999999704e+00,2.935789999999999964e+03,6.784500000000001085e-01,-1.817289999999999964e+03,-2.978710000000000036e+03,2.101699999999999946e+01,3.529700000000000060e+00,1.170299999999999896e+00,1.165900000000000091e+03,9.166100000000000358e-01,8.082200000000000273e+00,4.002999999999999892e-01,2.106700000000000017e+00,3.207500000000000018e+00,6.020999999999999686e-01
5.698656273545886497e-02,3.432803718673708149e-01,2.447299999999999809e+00,1.060699999999999976e+00,1.264999999999999902e+00,8.254000000000000226e-01,2.244500000000000000e+03,1.464299999999999955e+03,7.043300000000000338e+00,2.892460000000000036e+03,6.164800000000000280e-01,-1.946539999999999964e+03,-3.089050000000000182e+03,2.105000000000000071e+01,3.417499999999999982e+00,1.172500000000000098e+00,1.157400000000000091e+03,9.069099999999999939e-01,7.687599999999999767e+00,4.032000000000000028e-01,2.103000000000000203e+00,3.162900000000000045e+00,6.029999999999999805e-01
5.825115053228960976e-02,3.468324926928186835e-01,2.768800000000000150e+00,1.108300000000000063e+00,1.356000000000000094e+00,8.774999999999999467e-01,2.277400000000000091e+03,1.556799999999999955e+03,6.225399999999999601e+00,2.844630000000000109e+03,5.549400000000000999e-01,-2.086300000000000182e+03,-3.208119999999999891e+03,2.108299999999999841e+01,3.297800000000000065e+00,1.175100000000000033e+00,1.148099999999999909e+03,8.961500000000000021e-01,7.262599999999999945e+00,4.068999999999999839e-01,2.098800000000000221e+00,3.113900000000000112e+00,6.039999999999999813e-01
5.992971346000106753e-02,3.503846135182664967e-01,3.171800000000000175e+00,1.173100000000000032e+00,1.451000000000000068e+00,9.305999999999999828e-01,2.316699999999999818e+03,1.650900000000000091e+03,5.434300000000000352e+00,2.791760000000000218e+03,4.944100000000000161e-01,-2.237210000000000036e+03,-3.336380000000000109e+03,2.111799999999999855e+01,3.171199999999999797e+00,1.178099999999999925e+00,1.138000000000000000e+03,8.842200000000000060e-01,6.807699999999999640e+00,4.118999999999999884e-01,2.093900000000000095e+00,3.060000000000000053e+00,6.050999999999999712e-01
6.208737660388258250e-02,3.539367343437143099e-01,3.685900000000000176e+00,1.259100000000000108e+00,1.550000000000000044e+00,9.847000000000000197e-01,2.361900000000000091e+03,1.747000000000000000e+03,4.676400000000000112e+00,2.733070000000000164e+03,4.353100000000000858e-01,-2.400449999999999818e+03,-3.474719999999999800e+03,2.115299999999999869e+01,3.038400000000000212e+00,1.181799999999999962e+00,1.126700000000000045e+03,8.708900000000000530e-01,6.323299999999999699e+00,4.184999999999999831e-01,2.088299999999999823e+00,3.000300000000000189e+00,6.061999999999999611e-01
6.448373012712516061e-02,3.574888551691621230e-01,4.271700000000000053e+00,1.358100000000000085e+00,1.643999999999999906e+00,1.034000000000000030e+00,2.406800000000000182e+03,1.834500000000000000e+03,4.035199999999999676e+00,2.675170000000000073e+03,3.843100000000000405e-01,-2.557090000000000146e+03,-3.607059999999999945e+03,2.118400000000000105e+01,2.916100000000000136e+00,1.185599999999999987e+00,1.115700000000000045e+03,8.576899999999999524e-01,5.869299999999999962e+00,4.260999999999999788e-01,2.082599999999999785e+00,2.941600000000000215e+00,6.071999999999999620e-01
6.669655649384720331e-02,3.610409759946099362e-01,4.835399999999999920e+00,1.453000000000000069e+00,1.719999999999999973e+00,1.072899999999999965e+00,2.444400000000000091e+03,1.903400000000000091e+03,3.564799999999999969e+00,2.626320000000000164e+03,3.462100000000000177e-01,-2.685969999999999800e+03,-3.715619999999999891e+03,2.120799999999999841e+01,2.819799999999999862e+00,1.188900000000000068e+00,1.106400000000000091e+03,8.464899999999999647e-01,5.506199999999999761e+00,4.334999999999999964e-01,2.077500000000000124e+00,2.892399999999999860e+00,6.079999999999999849e-01
6.875979055475581192e-02,3.645930968200578048e-01,5.384199999999999875e+00,1.544200000000000017e+00,1.784999999999999920e+00,1.104899999999999993e+00,2.476599999999999909e+03,1.960200000000000045e+03,3.201400000000000023e+00,2.583820000000000164e+03,3.163100000000000356e-01,-2.795730000000000018e+03,-3.807829999999999927e+03,2.122599999999999909e+01,2.741400000000000059e+00,1.191899999999999959e+00,1.098299999999999955e+03,8.367099999999999538e-01,5.206100000000000172e+00,4.405999999999999917e-01,2.072999999999999954e+00,2.849600000000000133e+00,6.087000000000000188e-01
7.070020479518408785e-02,3.681452176455055625e-01,5.923499999999999766e+00,1.632600000000000051e+00,1.840999999999999970e+00,1.132200000000000095e+00,2.504699999999999818e+03,2.008599999999999909e+03,2.909899999999999931e+00,2.546019999999999982e+03,2.919900000000000273e-01,-2.891610000000000127e+03,-3.888179999999999836e+03,2.124200000000000088e+01,2.675800000000000178e+00,1.194499999999999895e+00,1.091099999999999909e+03,8.279800000000000493e-01,4.951800000000000423e+00,4.474000000000000199e-01,2.068900000000000183e+00,2.811700000000000088e+00,6.091999999999999638e-01
7.253742706465529655e-02,3.716973384709534312e-01,6.456000000000000405e+00,1.718599999999999905e+00,1.891000000000000014e+00,1.155799999999999939e+00,2.529699999999999818e+03,2.050500000000000000e+03,2.669900000000000162e+00,2.511880000000000109e+03,2.717100000000000071e-01,-2.976800000000000182e+03,-3.959420000000000073e+03,2.125400000000000134e+01,2.619899999999999896e+00,1.197000000000000064e+00,1.084500000000000000e+03,8.200699999999999656e-01,4.732800000000000118e+00,4.540000000000000147e-01,2.065100000000000158e+00,2.777600000000000069e+00,6.097000000000000197e-01
7.428635521894630389e-02,3.752494592964012443e-01,6.983600000000000030e+00,1.802400000000000002e+00,1.935999999999999943e+00,1.176700000000000079e+00,2.552199999999999818e+03,2.087599999999999909e+03,2.468199999999999950e+00,2.480710000000000036e+03,2.544700000000000295e-01,-3.053480000000000018e+03,-4.023429999999999836e+03,2.126500000000000057e+01,2.571699999999999875e+00,1.199200000000000044e+00,1.078500000000000000e+03,8.128199999999999870e-01,4.541699999999999626e+00,4.602999999999999869e-01,2.061500000000000110e+00,2.746500000000000163e+00,6.100999999999999757e-01
7.595861401117380562e-02,3.788015801218490575e-01,7.507600000000000051e+00,1.884500000000000064e+00,1.977000000000000091e+00,1.195400000000000018e+00,2.572599999999999909e+03,2.120699999999999818e+03,2.295900000000000052e+00,2.452000000000000000e+03,2.395800000000000152e-01,-3.123239999999999782e+03,-4.081550000000000182e+03,2.127400000000000091e+01,2.529700000000000060e+00,1.201300000000000034e+00,1.072900000000000091e+03,8.061300000000000132e-01,4.373199999999999754e+00,4.662999999999999923e-01,2.058199999999999807e+00,2.717900000000000205e+00,6.105000000000000426e-01
7.756348127008806659e-02,3.823537009472968706e-01,8.028900000000000148e+00,1.965000000000000080e+00,2.013999999999999790e+00,1.212299999999999933e+00,2.591300000000000182e+03,2.150699999999999818e+03,2.146900000000000031e+00,2.425360000000000127e+03,2.265699999999999936e-01,-3.187210000000000036e+03,-4.134760000000000218e+03,2.128200000000000003e+01,2.492599999999999927e+00,1.203200000000000047e+00,1.067700000000000045e+03,7.999000000000000554e-01,4.223399999999999821e+00,4.721000000000000196e-01,2.055000000000000160e+00,2.691399999999999793e+00,6.108000000000000096e-01
7.910850210977472818e-02,3.859058217727446838e-01,8.548299999999999343e+00,2.044000000000000039e+00,2.048999999999999932e+00,1.227700000000000014e+00,2.608500000000000000e+03,2.178000000000000000e+03,2.016399999999999970e+00,2.400510000000000218e+03,2.150799999999999934e-01,-3.246289999999999964e+03,-4.183829999999999927e+03,2.128900000000000148e+01,2.459700000000000220e+00,1.204900000000000082e+00,1.062799999999999955e+03,7.940800000000000081e-01,4.089199999999999946e+00,4.777000000000000135e-01,2.052000000000000046e+00,2.666700000000000070e+00,6.109999999999999876e-01
8.059991073157642127e-02,3.894579425981925525e-01,9.066800000000000637e+00,2.121799999999999908e+00,2.081999999999999851e+00,1.241800000000000015e+00,2.624400000000000091e+03,2.203099999999999909e+03,1.901100000000000012e+00,2.377179999999999836e+03,2.048200000000000021e-01,-3.301219999999999800e+03,-4.229390000000000327e+03,2.129500000000000171e+01,2.430299999999999905e+00,1.206499999999999906e+00,1.058200000000000045e+03,7.885999999999999677e-01,3.968199999999999950e+00,4.829999999999999849e-01,2.049199999999999910e+00,2.643600000000000172e+00,6.112999999999999545e-01
8.204292872781253354e-02,3.930100634236403101e-01,9.583600000000000563e+00,2.198500000000000121e+00,2.112000000000000099e+00,1.254799999999999915e+00,2.639199999999999818e+03,2.226199999999999818e+03,1.798599999999999977e+00,2.355239999999999782e+03,1.956299999999999983e-01,-3.352429999999999836e+03,-4.271810000000000400e+03,2.130000000000000071e+01,2.403900000000000148e+00,1.207999999999999963e+00,1.053900000000000091e+03,7.834400000000000253e-01,3.858699999999999797e+00,4.880999999999999783e-01,2.046400000000000219e+00,2.621799999999999908e+00,6.115000000000000435e-01
8.344198140068655178e-02,3.965621842490881788e-01,1.009999999999999964e+01,2.274099999999999788e+00,2.141000000000000014e+00,1.266899999999999915e+00,2.653000000000000000e+03,2.247699999999999818e+03,1.706700000000000106e+00,2.334510000000000218e+03,1.873200000000000143e-01,-3.400449999999999818e+03,-4.311529999999999745e+03,2.130499999999999972e+01,2.380100000000000104e+00,1.209500000000000020e+00,1.049700000000000045e+03,7.785499999999999643e-01,3.759100000000000108e+00,4.929000000000000048e-01,2.043800000000000061e+00,2.601300000000000168e+00,6.117000000000000215e-01
8.480085806153067618e-02,4.001143050745359919e-01,1.061599999999999966e+01,2.348800000000000221e+00,2.168000000000000149e+00,1.278200000000000003e+00,2.666000000000000000e+03,2.267699999999999818e+03,1.623699999999999921e+00,2.314849999999999909e+03,1.797700000000000131e-01,-3.445639999999999873e+03,-4.348880000000000109e+03,2.130900000000000105e+01,2.358499999999999819e+00,1.210800000000000098e+00,1.045799999999999955e+03,7.739000000000000323e-01,3.668000000000000149e+00,4.975999999999999868e-01,2.041300000000000114e+00,2.581900000000000084e+00,6.118000000000000105e-01
8.612283308282714378e-02,4.036664258999838051e-01,1.113199999999999967e+01,2.422600000000000087e+00,2.193999999999999950e+00,1.288799999999999946e+00,2.678199999999999818e+03,2.286400000000000091e+03,1.548499999999999988e+00,2.296170000000000073e+03,1.728600000000000136e-01,-3.488320000000000164e+03,-4.384109999999999673e+03,2.131299999999999883e+01,2.338799999999999990e+00,1.211999999999999966e+00,1.042000000000000000e+03,7.694699999999999873e-01,3.584499999999999797e+00,5.020999999999999908e-01,2.038899999999999935e+00,2.563499999999999890e+00,6.119999999999999885e-01
8.741075884521945505e-02,4.072185467254316182e-01,1.164700000000000024e+01,2.495600000000000041e+00,2.218999999999999861e+00,1.298699999999999966e+00,2.689699999999999818e+03,2.304000000000000000e+03,1.479899999999999993e+00,2.278369999999999891e+03,1.665200000000000014e-01,-3.528739999999999782e+03,-4.417439999999999600e+03,2.131599999999999895e+01,2.320800000000000196e+00,1.213200000000000056e+00,1.038299999999999955e+03,7.652499999999999858e-01,3.507600000000000051e+00,5.062999999999999723e-01,2.036500000000000199e+00,2.545999999999999819e+00,6.120999999999999774e-01
8.866713816577118101e-02,4.107706675508794314e-01,1.216300000000000026e+01,2.567800000000000082e+00,2.241999999999999993e+00,1.308100000000000041e+00,2.700699999999999818e+03,2.320599999999999909e+03,1.417100000000000026e+00,2.261360000000000127e+03,1.606800000000000173e-01,-3.567119999999999891e+03,-4.449060000000000400e+03,2.131899999999999906e+01,2.304300000000000015e+00,1.214199999999999946e+00,1.034799999999999955e+03,7.612100000000000533e-01,3.436500000000000110e+00,5.103999999999999648e-01,2.034299999999999997e+00,2.529199999999999893e+00,6.121999999999999664e-01
8.989418148627785488e-02,4.143227883763273001e-01,1.267999999999999972e+01,2.639400000000000190e+00,2.265000000000000124e+00,1.316899999999999959e+00,2.711000000000000000e+03,2.336300000000000182e+03,1.359399999999999942e+00,2.245090000000000146e+03,1.552700000000000191e-01,-3.603650000000000091e+03,-4.479140000000000327e+03,2.132199999999999918e+01,2.289099999999999913e+00,1.215300000000000047e+00,1.031500000000000000e+03,7.573299999999999477e-01,3.370800000000000018e+00,5.142999999999999794e-01,2.032099999999999795e+00,2.513199999999999878e+00,6.122999999999999554e-01
9.109385256679171372e-02,4.178749092017750577e-01,1.319699999999999918e+01,2.710300000000000153e+00,2.286999999999999922e+00,1.325299999999999923e+00,2.720900000000000091e+03,2.351199999999999818e+03,1.306200000000000028e+00,2.229489999999999782e+03,1.502499999999999947e-01,-3.638500000000000000e+03,-4.507800000000000182e+03,2.132400000000000162e+01,2.275199999999999889e+00,1.216199999999999948e+00,1.028200000000000045e+03,7.536100000000000021e-01,3.309699999999999864e+00,5.180000000000000160e-01,2.029999999999999805e+00,2.497900000000000009e+00,6.124000000000000554e-01
9.226790538810611397e-02,4.214270300272229264e-01,1.371400000000000041e+01,2.780600000000000183e+00,2.306999999999999940e+00,1.333199999999999941e+00,2.730300000000000182e+03,2.365300000000000182e+03,1.256899999999999906e+00,2.214510000000000218e+03,1.455800000000000149e-01,-3.671809999999999945e+03,-4.535180000000000291e+03,2.132600000000000051e+01,2.262199999999999989e+00,1.217100000000000071e+00,1.025099999999999909e+03,7.500299999999999745e-01,3.252899999999999903e+00,5.215999999999999526e-01,2.027899999999999814e+00,2.483200000000000074e+00,6.125000000000000444e-01
9.341791424602893801e-02,4.249791508526707395e-01,1.423199999999999932e+01,2.850400000000000045e+00,2.326999999999999957e+00,1.340799999999999992e+00,2.739300000000000182e+03,2.378800000000000182e+03,1.211200000000000054e+00,2.200099999999999909e+03,1.412199999999999844e-01,-3.703710000000000036e+03,-4.561380000000000109e+03,2.132799999999999940e+01,2.250199999999999978e+00,1.217999999999999972e+00,1.022100000000000023e+03,7.465899999999999759e-01,3.199899999999999967e+00,5.250000000000000222e-01,2.025900000000000034e+00,2.468999999999999861e+00,6.126000000000000334e-01
9.454529851245269123e-02,4.285312716781185527e-01,1.475000000000000000e+01,2.919599999999999973e+00,2.346999999999999975e+00,1.348100000000000076e+00,2.747900000000000091e+03,2.391599999999999909e+03,1.168600000000000083e+00,2.186230000000000018e+03,1.371300000000000019e-01,-3.734300000000000182e+03,-4.586489999999999782e+03,2.132999999999999829e+01,2.239100000000000090e+00,1.218800000000000106e+00,1.019100000000000023e+03,7.432600000000000318e-01,3.150300000000000100e+00,5.282999999999999918e-01,2.024000000000000021e+00,2.455400000000000027e+00,6.127000000000000224e-01
9.565134317481599480e-02,4.320833925035663658e-01,1.526900000000000013e+01,2.988300000000000178e+00,2.365000000000000213e+00,1.354999999999999982e+00,2.756199999999999818e+03,2.403800000000000182e+03,1.128800000000000026e+00,2.172849999999999909e+03,1.332899999999999918e-01,-3.763690000000000055e+03,-4.610590000000000146e+03,2.133200000000000074e+01,2.228699999999999903e+00,1.219600000000000017e+00,1.016299999999999955e+03,7.400499999999999856e-01,3.103899999999999881e+00,5.313999999999999835e-01,2.022100000000000009e+00,2.442299999999999915e+00,6.127000000000000224e-01
9.673721600168405654e-02,4.356355133290141790e-01,1.578899999999999970e+01,3.056500000000000217e+00,2.383000000000000007e+00,1.361599999999999921e+00,2.764099999999999909e+03,2.415599999999999909e+03,1.091699999999999893e+00,2.159929999999999836e+03,1.296799999999999897e-01,-3.791960000000000036e+03,-4.633770000000000437e+03,2.133399999999999963e+01,2.219100000000000072e+00,1.220299999999999940e+00,1.013500000000000000e+03,7.369499999999999940e-01,3.060299999999999798e+00,5.343999999999999861e-01,2.020199999999999996e+00,2.429699999999999971e+00,6.128000000000000114e-01
9.780398198805986820e-02,4.391876341544620477e-01,1.630999999999999872e+01,3.124299999999999855e+00,2.400999999999999801e+00,1.367899999999999894e+00,2.771699999999999818e+03,2.426800000000000182e+03,1.056799999999999962e+00,2.147449999999999818e+03,1.262800000000000034e-01,-3.819199999999999818e+03,-4.656079999999999927e+03,2.133500000000000085e+01,2.210100000000000176e+00,1.221000000000000085e+00,1.010899999999999977e+03,7.339400000000000368e-01,3.019299999999999873e+00,5.372000000000000108e-01,2.018400000000000194e+00,2.417499999999999982e+00,6.128000000000000114e-01
9.885261558945879212e-02,4.427397549799098608e-01,1.683200000000000074e+01,3.191699999999999982e+00,2.418000000000000149e+00,1.374000000000000110e+00,2.779000000000000000e+03,2.437599999999999909e+03,1.024100000000000010e+00,2.135369999999999891e+03,1.230699999999999988e-01,-3.845460000000000036e+03,-4.677579999999999927e+03,2.133699999999999974e+01,2.201600000000000001e+00,1.221600000000000019e+00,1.008200000000000045e+03,7.310299999999999576e-01,2.980700000000000127e+00,5.400000000000000355e-01,2.016700000000000159e+00,2.405600000000000183e+00,6.128000000000000114e-01
9.988401114489839361e-02,4.462918758053576740e-01,1.735399999999999920e+01,3.258599999999999941e+00,2.434000000000000163e+00,1.379899999999999904e+00,2.786000000000000000e+03,2.448000000000000000e+03,9.932600000000000318e-01,2.123679999999999836e+03,1.200299999999999978e-01,-3.870820000000000164e+03,-4.698340000000000146e+03,2.133800000000000097e+01,2.193700000000000205e+00,1.222299999999999942e+00,1.005700000000000045e+03,7.282100000000000239e-01,2.944300000000000139e+00,5.425999999999999712e-01,2.015000000000000124e+00,2.394200000000000106e+00,6.129000000000000004e-01
1.008989918060924362e-01,4.498439966308054871e-01,1.787699999999999889e+01,3.325200000000000156e+00,2.450000000000000178e+00,1.385499999999999954e+00,2.792800000000000182e+03,2.458000000000000000e+03,9.641899999999999915e-01,2.112340000000000146e+03,1.171500000000000041e-01,-3.895340000000000146e+03,-4.718390000000000327e+03,2.133899999999999864e+01,2.186300000000000132e+00,1.222800000000000109e+00,1.003200000000000045e+03,7.254699999999999482e-01,2.909899999999999931e+00,5.451000000000000290e-01,2.013300000000000090e+00,2.383100000000000218e+00,6.129000000000000004e-01
1.018983172264646409e-01,4.533961174562533003e-01,1.840099999999999980e+01,3.391399999999999970e+00,2.466000000000000192e+00,1.390900000000000025e+00,2.799400000000000091e+03,2.467599999999999909e+03,9.367299999999999516e-01,2.101340000000000146e+03,1.144099999999999978e-01,-3.919050000000000182e+03,-4.737779999999999745e+03,2.133999999999999986e+01,2.179300000000000015e+00,1.223400000000000043e+00,1.000799999999999955e+03,7.228099999999999525e-01,2.877400000000000180e+00,5.474999999999999867e-01,2.011699999999999822e+00,2.372399999999999842e+00,6.129000000000000004e-01
1.028826902142288002e-01,4.569482382817011135e-01,1.892599999999999838e+01,3.457199999999999829e+00,2.480999999999999872e+00,1.396200000000000108e+00,2.805800000000000182e+03,2.476900000000000091e+03,9.107499999999999485e-01,2.090659999999999854e+03,1.118100000000000205e-01,-3.942019999999999982e+03,-4.756550000000000182e+03,2.134100000000000108e+01,2.172800000000000065e+00,1.223899999999999988e+00,9.985000000000000000e+02,7.202199999999999713e-01,2.846600000000000019e+00,5.496999999999999664e-01,2.010099999999999998e+00,2.362000000000000099e+00,6.129000000000000004e-01
1.038527625151795253e-01,4.605003591071489266e-01,1.945200000000000173e+01,3.522699999999999942e+00,2.495000000000000107e+00,1.401200000000000001e+00,2.811900000000000091e+03,2.485900000000000091e+03,8.861299999999999732e-01,2.080289999999999964e+03,1.093399999999999928e-01,-3.964289999999999964e+03,-4.774739999999999782e+03,2.134199999999999875e+01,2.166599999999999859e+00,1.224399999999999933e+00,9.962000000000000455e+02,7.177000000000000046e-01,2.817299999999999915e+00,5.518999999999999462e-01,2.008500000000000174e+00,2.351900000000000102e+00,6.129000000000000004e-01
1.048091398604196200e-01,4.640524799325967953e-01,1.997899999999999920e+01,3.587899999999999867e+00,2.509999999999999787e+00,1.406099999999999905e+00,2.817900000000000091e+03,2.494599999999999909e+03,8.627599999999999714e-01,2.070199999999999818e+03,1.069800000000000195e-01,-3.985889999999999873e+03,-4.792380000000000109e+03,2.134299999999999997e+01,2.160699999999999843e+00,1.224900000000000100e+00,9.938999999999999773e+02,7.152500000000000524e-01,2.789499999999999869e+00,5.540000000000000480e-01,2.007000000000000117e+00,2.342099999999999849e+00,6.129000000000000004e-01
1.057523863900848293e-01,4.676046007580446084e-01,2.050600000000000023e+01,3.652800000000000047e+00,2.524000000000000021e+00,1.410800000000000054e+00,2.823599999999999909e+03,2.503000000000000000e+03,8.405599999999999739e-01,2.060380000000000109e+03,1.047299999999999898e-01,-4.006869999999999891e+03,-4.809500000000000000e+03,2.134400000000000119e+01,2.155199999999999783e+00,1.225400000000000045e+00,9.917000000000000455e+02,7.128600000000000492e-01,2.763100000000000112e+00,5.560000000000000497e-01,2.005500000000000060e+00,2.332500000000000018e+00,6.129000000000000004e-01
1.066830285448679277e-01,4.711567215834924216e-01,2.103500000000000014e+01,3.717400000000000038e+00,2.536999999999999922e+00,1.415399999999999991e+00,2.829199999999999818e+03,2.511099999999999909e+03,8.194399999999999462e-01,2.050820000000000164e+03,1.025700000000000084e-01,-4.027250000000000000e+03,-4.826130000000000109e+03,2.134400000000000119e+01,2.149999999999999911e+00,1.225800000000000001e+00,9.896000000000000227e+02,7.105399999999999494e-01,2.737999999999999989e+00,5.580000000000000515e-01,2.004000000000000004e+00,2.323199999999999932e+00,6.129000000000000004e-01
1.076015585015131781e-01,4.747088424089402348e-01,2.156500000000000128e+01,3.781600000000000072e+00,2.551000000000000156e+00,1.419899999999999940e+00,2.834699999999999818e+03,2.519000000000000000e+03,7.993099999999999650e-01,2.041509999999999991e+03,1.005100000000000160e-01,-4.047070000000000164e+03,-4.842289999999999964e+03,2.134499999999999886e+01,2.145099999999999785e+00,1.226299999999999946e+00,9.875000000000000000e+02,7.082699999999999552e-01,2.713999999999999968e+00,5.597999999999999643e-01,2.002600000000000158e+00,2.314099999999999824e+00,6.129000000000000004e-01
1.085084372159951516e-01,4.782609632343880479e-01,2.209499999999999886e+01,3.845699999999999896e+00,2.564000000000000057e+00,1.424199999999999910e+00,2.839900000000000091e+03,2.526599999999999909e+03,7.801200000000000356e-01,2.032430000000000064e+03,9.854200000000000459e-02,-4.066349999999999909e+03,-4.858020000000000437e+03,2.134600000000000009e+01,2.140400000000000080e+00,1.226699999999999902e+00,9.853999999999999773e+02,7.060499999999999554e-01,2.691100000000000048e+00,5.615999999999999881e-01,2.001199999999999868e+00,2.305299999999999905e+00,6.129000000000000004e-01
1.094040971277573659e-01,4.818130840598358611e-01,2.262699999999999889e+01,3.909400000000000208e+00,2.576999999999999957e+00,1.428399999999999892e+00,2.845099999999999909e+03,2.534000000000000000e+03,7.618000000000000327e-01,2.023579999999999927e+03,9.665100000000001468e-02,-4.085130000000000109e+03,-4.873319999999999709e+03,2.134600000000000009e+01,2.136000000000000121e+00,1.227000000000000091e+00,9.833999999999999773e+02,7.038900000000000157e-01,2.669299999999999784e+00,5.633000000000000229e-01,1.999800000000000022e+00,2.296699999999999964e+00,6.129000000000000004e-01
1.102889445700482862e-01,4.853652048852836742e-01,2.315899999999999892e+01,3.972900000000000098e+00,2.588999999999999968e+00,1.432399999999999896e+00,2.850099999999999909e+03,2.541199999999999818e+03,7.442800000000000527e-01,2.014940000000000055e+03,9.483599999999998975e-02,-4.103420000000000073e+03,-4.888229999999999563e+03,2.134700000000000131e+01,2.131699999999999928e+00,1.227400000000000047e+00,9.815000000000000000e+02,7.017799999999999594e-01,2.648400000000000087e+00,5.648999999999999577e-01,1.998399999999999954e+00,2.288300000000000001e+00,6.129000000000000004e-01
1.111633619244754012e-01,4.889173257107315429e-01,2.369200000000000017e+01,4.036200000000000010e+00,2.600999999999999979e+00,1.436399999999999899e+00,2.854900000000000091e+03,2.548199999999999818e+03,7.275300000000000100e-01,2.006500000000000000e+03,9.309300000000000908e-02,-4.121250000000000000e+03,-4.902750000000000000e+03,2.134700000000000131e+01,2.127699999999999925e+00,1.227800000000000002e+00,9.795000000000000000e+02,6.997100000000000541e-01,2.628400000000000070e+00,5.664000000000000146e-01,1.997100000000000097e+00,2.280100000000000016e+00,6.129000000000000004e-01
1.120277095521904076e-01,4.924694465361793561e-01,2.422700000000000031e+01,4.099199999999999733e+00,2.612999999999999989e+00,1.440199999999999925e+00,2.859699999999999818e+03,2.555099999999999909e+03,7.114800000000000013e-01,1.998259999999999991e+03,9.141799999999999926e-02,-4.138649999999999636e+03,-4.916920000000000073e+03,2.134799999999999898e+01,2.123899999999999899e+00,1.228099999999999969e+00,9.777000000000000455e+02,6.976900000000000324e-01,2.609300000000000175e+00,5.678999999999999604e-01,1.995800000000000018e+00,2.272100000000000009e+00,6.128000000000000114e-01
1.128823275293734663e-01,4.960215673616271692e-01,2.476200000000000045e+01,4.161900000000000155e+00,2.625000000000000000e+00,1.443899999999999961e+00,2.864300000000000182e+03,2.561699999999999818e+03,6.961000000000000520e-01,1.990210000000000036e+03,8.980600000000001082e-02,-4.155619999999999891e+03,-4.930739999999999782e+03,2.134799999999999898e+01,2.120299999999999851e+00,1.228399999999999936e+00,9.757999999999999545e+02,6.957200000000000051e-01,2.590899999999999981e+00,5.693000000000000282e-01,1.994499999999999940e+00,2.264299999999999979e+00,6.128000000000000114e-01
1.137275372107225957e-01,4.995736881870749824e-01,2.529799999999999827e+01,4.224499999999999922e+00,2.637000000000000011e+00,1.447599999999999998e+00,2.868800000000000182e+03,2.568199999999999818e+03,6.813399999999999457e-01,1.982329999999999927e+03,8.825300000000001199e-02,-4.172199999999999818e+03,-4.944229999999999563e+03,2.134900000000000020e+01,2.116899999999999782e+00,1.228699999999999903e+00,9.740000000000000000e+02,6.937799999999999523e-01,2.573300000000000143e+00,5.706999999999999851e-01,1.993200000000000083e+00,2.256699999999999928e+00,6.128000000000000114e-01
1.145636426413357695e-01,5.031258090125227955e-01,2.583599999999999852e+01,4.286800000000000388e+00,2.648000000000000131e+00,1.451100000000000056e+00,2.873199999999999818e+03,2.574500000000000000e+03,6.671799999999999953e-01,1.974630000000000109e+03,8.675700000000001466e-02,-4.188390000000000327e+03,-4.957399999999999636e+03,2.134900000000000020e+01,2.113599999999999923e+00,1.229000000000000092e+00,9.722000000000000455e+02,6.918900000000000050e-01,2.556400000000000006e+00,5.719999999999999529e-01,1.991900000000000004e+00,2.249200000000000088e+00,6.128000000000000114e-01
1.153909318345675838e-01,5.066779298379706642e-01,2.637399999999999878e+01,4.349000000000000199e+00,2.658999999999999808e+00,1.454599999999999893e+00,2.877500000000000000e+03,2.580599999999999909e+03,6.535600000000000298e-01,1.967089999999999918e+03,8.531400000000000095e-02,-4.204210000000000036e+03,-4.970279999999999745e+03,2.135000000000000142e+01,2.110399999999999832e+00,1.229300000000000059e+00,9.703999999999999773e+02,6.900399999999999867e-01,2.540200000000000014e+00,5.733000000000000318e-01,1.990699999999999914e+00,2.241899999999999782e+00,6.127000000000000224e-01
1.162096779311061756e-01,5.102300506634185329e-01,2.691300000000000026e+01,4.410899999999999821e+00,2.669999999999999929e+00,1.457999999999999963e+00,2.881599999999999909e+03,2.586599999999999909e+03,6.404699999999999838e-01,1.959710000000000036e+03,8.392099999999999560e-02,-4.219680000000000291e+03,-4.982859999999999673e+03,2.135000000000000142e+01,2.107400000000000162e+00,1.229600000000000026e+00,9.687000000000000455e+02,6.882200000000000539e-01,2.524500000000000188e+00,5.745000000000000107e-01,1.989500000000000046e+00,2.234799999999999898e+00,6.127000000000000224e-01
1.170201402524737866e-01,5.137821714888662905e-01,2.745299999999999940e+01,4.472699999999999676e+00,2.681000000000000050e+00,1.461300000000000043e+00,2.885699999999999818e+03,2.592400000000000091e+03,6.278700000000000392e-01,1.952480000000000018e+03,8.257599999999999663e-02,-4.234819999999999709e+03,-4.995170000000000073e+03,2.135099999999999909e+01,2.104600000000000026e+00,1.229899999999999993e+00,9.670000000000000000e+02,6.864400000000000501e-01,2.509500000000000064e+00,5.756999999999999895e-01,1.988299999999999956e+00,2.227799999999999780e+00,6.127000000000000224e-01
1.178225652604844575e-01,5.173342923143140482e-01,2.799399999999999977e+01,4.534200000000000230e+00,2.690999999999999837e+00,1.464499999999999913e+00,2.889699999999999818e+03,2.598099999999999909e+03,6.157299999999999995e-01,1.945400000000000091e+03,8.127600000000000102e-02,-4.249630000000000109e+03,-5.007210000000000036e+03,2.135099999999999909e+01,2.101799999999999891e+00,1.230099999999999971e+00,9.653999999999999773e+02,6.846900000000000208e-01,2.495000000000000107e+00,5.767999999999999794e-01,1.987200000000000077e+00,2.220899999999999874e+00,6.126000000000000334e-01
1.186171874327150988e-01,5.208864131397619168e-01,2.853600000000000136e+01,4.595600000000000129e+00,2.701999999999999957e+00,1.467600000000000016e+00,2.893599999999999909e+03,2.603699999999999818e+03,6.040400000000000214e-01,1.938460000000000036e+03,8.001899999999999291e-02,-4.264130000000000109e+03,-5.019000000000000000e+03,2.135099999999999909e+01,2.099200000000000177e+00,1.230399999999999938e+00,9.637000000000000455e+02,6.829800000000000315e-01,2.480999999999999872e+00,5.778999999999999693e-01,1.985999999999999988e+00,2.214199999999999946e+00,6.126000000000000334e-01
1.194042300628059133e-01,5.244385339652097855e-01,2.907900000000000063e+01,4.656799999999999606e+00,2.712000000000000188e+00,1.470699999999999896e+00,2.897500000000000000e+03,2.609199999999999818e+03,5.927599999999999536e-01,1.931660000000000082e+03,7.880299999999999805e-02,-4.278340000000000146e+03,-5.030539999999999964e+03,2.135200000000000031e+01,2.096699999999999786e+00,1.230599999999999916e+00,9.621000000000000227e+02,6.813000000000000167e-01,2.467499999999999805e+00,5.788999999999999702e-01,1.984900000000000109e+00,2.207599999999999785e+00,6.126000000000000334e-01
1.201839059933310916e-01,5.279906547906575431e-01,2.962300000000000111e+01,4.717800000000000438e+00,2.721999999999999975e+00,1.473700000000000010e+00,2.901199999999999818e+03,2.614500000000000000e+03,5.818799999999999528e-01,1.924980000000000018e+03,7.762499999999999956e-02,-4.292250000000000000e+03,-5.041850000000000364e+03,2.135200000000000031e+01,2.094300000000000050e+00,1.230799999999999894e+00,9.605000000000000000e+02,6.796499999999999764e-01,2.454499999999999904e+00,5.798999999999999710e-01,1.983700000000000019e+00,2.201200000000000045e+00,6.125000000000000444e-01
1.209564182880561722e-01,5.315427756161053008e-01,3.016799999999999926e+01,4.778599999999999959e+00,2.732000000000000206e+00,1.476599999999999913e+00,2.904900000000000091e+03,2.619699999999999818e+03,5.713700000000000445e-01,1.918440000000000055e+03,7.648399999999999643e-02,-4.305890000000000327e+03,-5.052930000000000291e+03,2.135200000000000031e+01,2.092000000000000082e+00,1.231100000000000083e+00,9.590000000000000000e+02,6.780300000000000216e-01,2.442000000000000171e+00,5.808999999999999719e-01,1.982599999999999918e+00,2.194799999999999862e+00,6.125000000000000444e-01
1.217219608495993949e-01,5.350948964415531695e-01,3.071300000000000097e+01,4.839299999999999713e+00,2.741000000000000103e+00,1.479500000000000037e+00,2.908500000000000000e+03,2.624800000000000182e+03,5.612200000000000522e-01,1.912009999999999991e+03,7.537900000000000156e-02,-4.319260000000000218e+03,-5.063789999999999964e+03,2.135200000000000031e+01,2.089799999999999880e+00,1.231300000000000061e+00,9.575000000000000000e+02,6.764299999999999757e-01,2.429800000000000182e+00,5.817999999999999838e-01,1.981600000000000028e+00,2.188600000000000101e+00,6.124000000000000554e-01
1.224807189878196895e-01,5.386470172670010381e-01,3.126000000000000156e+01,4.899799999999999933e+00,2.750999999999999890e+00,1.482299999999999951e+00,2.912000000000000000e+03,2.629800000000000182e+03,5.514000000000000012e-01,1.905710000000000036e+03,7.430599999999999705e-02,-4.332380000000000109e+03,-5.074439999999999600e+03,2.135300000000000153e+01,2.087699999999999889e+00,1.231500000000000039e+00,9.558999999999999773e+02,6.748699999999999699e-01,2.418099999999999916e+00,5.826999999999999957e-01,1.980499999999999927e+00,2.182599999999999874e+00,6.124000000000000554e-01
