5.943611887223774343e-02,0.000000000000000000e+00,1.000000000000000000e+00,4.500099999999999767e+00,0.000000000000000000e+00,0.000000000000000000e+00,0.000000000000000000e+00,0.000000000000000000e+00,1.799500000000000099e+01,3.041539999999999964e+03,1.407899999999999929e+00,-9.044299999999999500e+02,-2.182630000000000109e+03,1.978500000000000014e+01,3.366999999999999993e+00,1.184900000000000064e+00,1.230700000000000045e+03,9.224400000000000377e-01,8.123400000000000176e+00,3.822999999999999732e-01,2.164800000000000058e+00,3.487299999999999844e+00,5.725999999999999979e-01
5.943611887223774343e-02,9.642496382132745769e-04,1.000213131313131276e+00,4.500099999999999767e+00,1.343434343434343585e-03,9.474747474747473698e-04,8.026767676767676107e+01,1.655555555555555669e+00,1.799125252525252705e+01,3.041488181818181602e+03,1.407631313131312956e+00,-9.045657575757575160e+02,-2.182742828282828214e+03,1.978502020202020262e+01,3.366955555555555701e+00,1.184900000000000064e+00,1.230688888888888869e+03,9.224285858585858922e-01,8.123185858585859620e+00,3.823010101010100859e-01,2.164795959595959829e+00,3.487245454545454315e+00,5.726010101010100550e-01
5.943611887223774343e-02,1.928499276426549154e-03,1.000426262626262552e+00,4.500099999999999767e+00,2.686868686868687170e-03,1.894949494949494740e-03,1.605353535353535221e+02,3.311111111111111338e+00,1.798750505050505311e+01,3.041436363636363694e+03,1.407362626262626204e+00,-9.047015151515150819e+02,-2.182855656565656773e+03,1.978504040404040509e+01,3.366911111111110966e+00,1.184900000000000064e+00,1.230677777777777919e+03,9.224171717171717466e-01,8.122971717171717287e+00,3.823020202020201985e-01,2.164791919191919156e+00,3.487190909090908786e+00,5.726020202020202232e-01
5.943611887223774343e-02,2.892748914639823622e-03,1.000639393939393829e+00,4.500099999999999767e+00,4.030303030303030755e-03,2.842424242424242218e-03,2.408030303030302832e+02,4.966666666666666785e+00,1.798375757575757561e+01,3.041384545454545332e+03,1.407093939393939230e+00,-9.048372727272726479e+02,-2.182968484848484877e+03,1.978506060606060757e+01,3.366866666666666674e+00,1.184900000000000064e+00,1.230666666666666742e+03,9.224057575757576011e-01,8.122757575757576731e+00,3.823030303030302557e-01,2.164787878787878928e+00,3.487136363636363701e+00,5.726030303030302804e-01
5.943611887223774343e-02,3.856998552853098308e-03,1.000852525252525327e+00,4.500099999999999767e+00,5.373737373737374340e-03,3.789898989898989479e-03,3.210707070707070443e+02,6.622222222222222676e+00,1.798001010101010166e+01,3.041332727272727425e+03,1.406825252525252479e+00,-9.049730303030302139e+02,-2.183081313131313436e+03,1.978508080808080649e+01,3.366822222222222383e+00,1.184900000000000064e+00,1.230655555555555566e+03,9.223943434343434555e-01,8.122543434343434399e+00,3.823040404040403684e-01,2.164783838383838255e+00,3.487081818181818171e+00,5.726040404040404486e-01
5.943611887223774343e-02,4.821248191066372993e-03,1.001065656565656603e+00,4.500099999999999767e+00,6.717171717171717925e-03,4.737373737373737174e-03,4.013383838383838338e+02,8.277777777777778567e+00,1.797626262626262772e+01,3.041280909090909063e+03,1.406556565656565505e+00,-9.051087878787877798e+02,-2.183194141414141541e+03,1.978510101010100897e+01,3.366777777777777647e+00,1.184900000000000064e+00,1.230644444444444389e+03,9.223829292929293100e-01,8.122329292929293842e+00,3.823050505050504810e-01,2.164779797979798026e+00,3.487027272727272642e+00,5.726050505050505057e-01
5.943611887223774343e-02,5.785497829279647244e-03,1.001278787878787879e+00,4.500099999999999767e+00,8.060606060606061510e-03,5.684848484848484436e-03,4.816060606060605664e+02,9.933333333333333570e+00,1.797251515151515378e+01,3.041229090909090701e+03,1.406287878787878753e+00,-9.052445454545454595e+02,-2.183306969696969645e+03,1.978512121212121144e+01,3.366733333333333356e+00,1.184900000000000064e+00,1.230633333333333439e+03,9.223715151515151645e-01,8.122115151515151510e+00,3.823060606060605937e-01,2.164775757575757797e+00,3.486972727272727113e+00,5.726060606060605629e-01
5.943611887223774343e-02,6.749747467492922363e-03,1.001491919191919155e+00,4.500099999999999767e+00,9.404040404040404227e-03,6.632323232323231697e-03,5.618737373737372991e+02,1.158888888888889035e+01,1.796876767676767628e+01,3.041177272727272793e+03,1.406019191919191780e+00,-9.053803030303030255e+02,-2.183419797979798204e+03,1.978514141414141392e+01,3.366688888888889064e+00,1.184900000000000064e+00,1.230622222222222263e+03,9.223601010101010189e-01,8.121901010101010954e+00,3.823070707070707064e-01,2.164771717171717125e+00,3.486918181818181584e+00,5.726070707070707311e-01
5.943611887223774343e-02,7.713997105706196615e-03,1.001705050505050432e+00,4.500099999999999767e+00,1.074747474747474868e-02,7.579797979797978959e-03,6.421414141414140886e+02,1.324444444444444535e+01,1.796502020202020233e+01,3.041125454545454431e+03,1.405750505050505028e+00,-9.055160606060605915e+02,-2.183532626262626309e+03,1.978516161616161639e+01,3.366644444444444328e+00,1.184900000000000064e+00,1.230611111111111086e+03,9.223486868686868734e-01,8.121686868686868621e+00,3.823080808080807635e-01,2.164767676767676896e+00,3.486863636363636054e+00,5.726080808080807882e-01
5.943611887223774343e-02,8.678246743919471734e-03,1.001918181818181708e+00,4.500099999999999767e+00,1.209090909090909313e-02,8.527272727272727088e-03,7.224090909090908781e+02,1.490000000000000036e+01,1.796127272727272839e+01,3.041073636363636524e+03,1.405481818181818054e+00,-9.056518181818181574e+02,-2.183645454545454868e+03,1.978518181818181887e+01,3.366600000000000037e+00,1.184900000000000064e+00,1.230600000000000136e+03,9.223372727272727278e-01,8.121472727272728065e+00,3.823090909090908762e-01,2.164763636363636223e+00,3.486809090909090969e+00,5.726090909090909564e-01
5.943611887223774343e-02,9.642496382132745986e-03,1.002131313131313206e+00,4.500099999999999767e+00,1.343434343434343585e-02,9.474747474747474349e-03,8.026767676767676676e+02,1.655555555555555713e+01,1.795752525252525444e+01,3.041021818181818162e+03,1.405213131313131303e+00,-9.057875757575757234e+02,-2.183758282828282972e+03,1.978520202020202134e+01,3.366555555555555745e+00,1.184900000000000064e+00,1.230588888888888960e+03,9.223258585858585823e-01,8.121258585858585732e+00,3.823101010101009889e-01,2.164759595959595995e+00,3.486754545454545440e+00,5.726101010101010136e-01
5.943611887223774343e-02,1.060674602034602024e-02,1.002344444444444482e+00,4.500099999999999767e+00,1.477777777777777857e-02,1.042222222222222161e-02,8.829444444444443434e+02,1.821111111111111214e+01,1.795377777777777695e+01,3.040969999999999800e+03,1.404944444444444329e+00,-9.059233333333332894e+02,-2.183871111111111077e+03,1.978522222222222382e+01,3.366511111111111010e+00,1.184900000000000064e+00,1.230577777777777783e+03,9.223144444444444368e-01,8.121044444444445176e+00,3.823111111111111016e-01,2.164755555555555766e+00,3.486699999999999910e+00,5.726111111111110707e-01
5.943611887223774343e-02,1.157099565855929449e-02,1.002557575757575759e+00,4.500099999999999767e+00,1.612121212121212302e-02,1.136969696969696887e-02,9.632121212121211329e+02,1.986666666666666714e+01,1.795003030303030300e+01,3.040918181818181893e+03,1.404675757575757578e+00,-9.060590909090908553e+02,-2.183983939393939636e+03,1.978524242424242274e+01,3.366466666666666718e+00,1.184900000000000064e+00,1.230566666666666606e+03,9.223030303030302912e-01,8.120830303030302844e+00,3.823121212121212142e-01,2.164751515151515093e+00,3.486645454545454381e+00,5.726121212121212389e-01
5.943611887223774343e-02,1.253524529677256874e-02,1.002770707070707035e+00,4.500099999999999767e+00,1.746464646464646747e-02,1.231717171717171613e-02,1.043479797979797922e+03,2.152222222222222214e+01,1.794628282828282906e+01,3.040866363636363531e+03,1.404407070707070604e+00,-9.061948484848484213e+02,-2.184096767676767740e+03,1.978526262626262522e+01,3.366422222222222427e+00,1.184900000000000064e+00,1.230555555555555657e+03,9.222916161616161457e-01,8.120616161616162287e+00,3.823131313131312714e-01,2.164747474747474865e+00,3.486590909090908852e+00,5.726131313131312961e-01
5.943611887223774343e-02,1.349949493498584473e-02,1.002983838383838311e+00,4.500099999999999767e+00,1.880808080808080845e-02,1.326464646464646339e-02,1.123747474747474598e+03,2.317777777777778070e+01,1.794253535353535511e+01,3.040814545454545623e+03,1.404138383838383852e+00,-9.063306060606059873e+02,-2.184209595959596300e+03,1.978528282828282769e+01,3.366377777777777691e+00,1.184900000000000064e+00,1.230544444444444480e+03,9.222802020202020001e-01,8.120402020202019955e+00,3.823141414141413841e-01,2.164743434343434192e+00,3.486536363636363323e+00,5.726141414141414643e-01
5.943611887223774343e-02,1.446374457319911898e-02,1.003196969696969587e+00,4.500099999999999767e+00,2.015151515151515291e-02,1.421212121212121066e-02,1.204015151515151501e+03,2.483333333333333570e+01,1.793878787878788117e+01,3.040762727272727261e+03,1.403869696969696879e+00,-9.064663636363635533e+02,-2.184322424242424404e+03,1.978530303030303017e+01,3.366333333333333400e+00,1.184900000000000064e+00,1.230533333333333303e+03,9.222687878787878546e-01,8.120187878787879399e+00,3.823151515151514968e-01,2.164739393939393963e+00,3.486481818181818237e+00,5.726151515151515214e-01
5.943611887223774343e-02,1.542799421141239323e-02,1.003410101010101085e+00,4.500099999999999767e+00,2.149494949494949736e-02,1.515959595959595792e-02,1.284282828282828177e+03,2.648888888888889070e+01,1.793504040404040367e+01,3.040710909090908899e+03,1.403601010101010127e+00,-9.066021212121211192e+02,-2.184435252525252508e+03,1.978532323232323265e+01,3.366288888888889108e+00,1.184900000000000064e+00,1.230522222222222354e+03,9.222573737373737091e-01,8.119973737373737066e+00,3.823161616161616094e-01,2.164735353535353735e+00,3.486427272727272708e+00,5.726161616161615786e-01
5.943611887223774343e-02,1.639224384962566922e-02,1.003623232323232362e+00,4.500099999999999767e+00,2.283838383838384181e-02,1.610707070707070518e-02,1.364550505050504853e+03,2.814444444444444571e+01,1.793129292929292973e+01,3.040659090909090992e+03,1.403332323232323153e+00,-9.067378787878787989e+02,-2.184548080808081068e+03,1.978534343434343512e+01,3.366244444444444373e+00,1.184900000000000064e+00,1.230511111111111177e+03,9.222459595959596745e-01,8.119759595959596510e+00,3.823171717171717221e-01,2.164731313131313062e+00,3.486372727272727179e+00,5.726171717171717468e-01
5.943611887223774343e-02,1.735649348783894347e-02,1.003836363636363638e+00,4.500099999999999767e+00,2.418181818181818626e-02,1.705454545454545418e-02,1.444818181818181756e+03,2.980000000000000071e+01,1.792754545454545578e+01,3.040607272727272630e+03,1.403063636363636402e+00,-9.068736363636363649e+02,-2.184660909090909172e+03,1.978536363636363760e+01,3.366200000000000081e+00,1.184900000000000064e+00,1.230500000000000000e+03,9.222345454545455290e-01,8.119545454545454177e+00,3.823181818181817793e-01,2.164727272727272833e+00,3.486318181818181650e+00,5.726181818181818040e-01
5.943611887223774343e-02,1.832074312605221772e-02,1.004049494949494914e+00,4.500099999999999767e+00,2.552525252525252725e-02,1.800202020202019970e-02,1.525085858585858432e+03,3.145555555555555927e+01,1.792379797979798184e+01,3.040555454545454268e+03,1.402794949494949428e+00,-9.070093939393939309e+02,-2.184773737373737276e+03,1.978538383838384007e+01,3.366155555555555345e+00,1.184900000000000064e+00,1.230488888888888823e+03,9.222231313131313835e-01,8.119331313131313621e+00,3.823191919191918919e-01,2.164723232323232605e+00,3.486263636363636120e+00,5.726191919191918611e-01
5.943611887223774343e-02,1.928499276426549197e-02,1.004262626262626190e+00,4.500099999999999767e+00,2.686868686868687170e-02,1.894949494949494870e-02,1.605353535353535335e+03,3.311111111111111427e+01,1.792005050505050434e+01,3.040503636363636360e+03,1.402526262626262454e+00,-9.071451515151514968e+02,-2.184886565656565836e+03,1.978540404040403899e+01,3.366111111111111054e+00,1.184900000000000064e+00,1.230477777777777874e+03,9.222117171717172379e-01,8.119117171717171288e+00,3.823202020202020046e-01,2.164719191919191932e+00,3.486209090909090591e+00,5.726202020202020293e-01
5.943611887223774343e-02,2.024924240247876622e-02,1.004475757575757466e+00,4.500099999999999767e+00,2.821212121212121615e-02,1.989696969696969422e-02,1.685621212121212011e+03,3.476666666666666572e+01,1.791630303030303040e+01,3.040451818181817998e+03,1.402257575757575703e+00,-9.072809090909090628e+02,-2.184999393939393940e+03,1.978542424242424147e+01,3.366066666666666762e+00,1.184900000000000064e+00,1.230466666666666697e+03,9.222003030303030924e-01,8.118903030303030732e+00,3.823212121212121173e-01,2.164715151515151703e+00,3.486154545454545506e+00,5.726212121212120865e-01
5.943611887223774343e-02,2.121349204069204047e-02,1.004688888888888965e+00,4.500099999999999767e+00,2.955555555555555713e-02,2.084444444444444322e-02,1.765888888888888687e+03,3.642222222222222427e+01,1.791255555555555645e+01,3.040400000000000091e+03,1.401988888888888729e+00,-9.074166666666666288e+02,-2.185112222222222499e+03,1.978544444444444395e+01,3.366022222222222027e+00,1.184900000000000064e+00,1.230455555555555520e+03,9.221888888888889468e-01,8.118688888888888400e+00,3.823222222222222300e-01,2.164711111111111030e+00,3.486099999999999977e+00,5.726222222222222547e-01
5.943611887223774343e-02,2.217774167890531473e-02,1.004902020202020241e+00,4.500099999999999767e+00,3.089898989898990159e-02,2.179191919191918875e-02,1.846156565656565590e+03,3.807777777777778283e+01,1.790880808080808251e+01,3.040348181818181729e+03,1.401720202020201977e+00,-9.075524242424241947e+02,-2.185225050505050604e+03,1.978546464646464642e+01,3.365977777777777735e+00,1.184900000000000064e+00,1.230444444444444571e+03,9.221774747474748013e-01,8.118474747474747844e+00,3.823232323232322871e-01,2.164707070707070802e+00,3.486045454545454447e+00,5.726232323232323118e-01
5.943611887223774343e-02,2.314199131711858898e-02,1.005115151515151517e+00,4.500099999999999767e+00,3.224242424242424604e-02,2.273939393939393774e-02,1.926424242424242266e+03,3.973333333333333428e+01,1.790506060606060501e+01,3.040296363636363367e+03,1.401451515151515004e+00,-9.076881818181817607e+02,-2.185337878787878708e+03,1.978548484848484890e+01,3.365933333333333444e+00,1.184900000000000064e+00,1.230433333333333394e+03,9.221660606060606558e-01,8.118260606060605511e+00,3.823242424242423998e-01,2.164703030303030573e+00,3.485990909090908918e+00,5.726242424242423690e-01
5.943611887223774343e-02,2.410624095533186323e-02,1.005328282828282793e+00,4.500099999999999767e+00,3.358585858585858702e-02,2.368686868686868327e-02,2.006691919191918942e+03,4.138888888888889284e+01,1.790131313131313107e+01,3.040244545454545460e+03,1.401182828282828252e+00,-9.078239393939393267e+02,-2.185450707070707267e+03,1.978550505050505137e+01,3.365888888888888708e+00,1.184900000000000064e+00,1.230422222222222217e+03,9.221546464646465102e-01,8.118046464646464955e+00,3.823252525252525125e-01,2.164698989898989900e+00,3.485936363636363389e+00,5.726252525252525372e-01
5.943611887223774343e-02,2.507049059354513748e-02,1.005541414141414069e+00,4.500099999999999767e+00,3.492929292929293494e-02,2.463434343434343227e-02,2.086959595959595845e+03,4.304444444444444429e+01,1.789756565656565712e+01,3.040192727272727097e+03,1.400914141414141278e+00,-9.079596969696968927e+02,-2.185563535353535372e+03,1.978552525252525385e+01,3.365844444444444417e+00,1.184900000000000064e+00,1.230411111111111040e+03,9.221432323232323647e-01,8.117832323232322622e+00,3.823262626262626251e-01,2.164694949494949672e+00,3.485881818181817859e+00,5.726262626262625943e-01
5.943611887223774343e-02,2.603474023175841520e-02,1.005754545454545346e+00,4.500099999999999767e+00,3.627272727272727593e-02,2.558181818181817779e-02,2.167227272727272521e+03,4.470000000000000284e+01,1.789381818181818318e+01,3.040140909090909190e+03,1.400645454545454527e+00,-9.080954545454544586e+02,-2.185676363636363931e+03,1.978554545454545277e+01,3.365800000000000125e+00,1.184900000000000064e+00,1.230400000000000091e+03,9.221318181818182191e-01,8.117618181818182066e+00,3.823272727272727378e-01,2.164690909090908999e+00,3.485827272727272774e+00,5.726272727272727625e-01
5.943611887223774343e-02,2.699898986997168945e-02,1.005967676767676844e+00,4.500099999999999767e+00,3.761616161616161691e-02,2.652929292929292679e-02,2.247494949494949196e+03,4.635555555555556140e+01,1.789007070707070568e+01,3.040089090909090828e+03,1.400376767676767553e+00,-9.082312121212121383e+02,-2.185789191919192035e+03,1.978556565656565525e+01,3.365755555555555389e+00,1.184900000000000064e+00,1.230388888888888914e+03,9.221204040404040736e-01,8.117404040404039733e+00,3.823282828282827950e-01,2.164686868686868770e+00,3.485772727272727245e+00,5.726282828282828197e-01
5.943611887223774343e-02,2.796323950818496371e-02,1.006180808080808120e+00,4.500099999999999767e+00,3.895959595959596483e-02,2.747676767676767232e-02,2.327762626262625872e+03,4.801111111111111285e+01,1.788632323232323174e+01,3.040037272727272466e+03,1.400108080808080802e+00,-9.083669696969697043e+02,-2.185902020202020140e+03,1.978558585858585772e+01,3.365711111111111098e+00,1.184900000000000064e+00,1.230377777777777737e+03,9.221089898989899281e-01,8.117189898989899177e+00,3.823292929292929077e-01,2.164682828282828542e+00,3.485718181818181716e+00,5.726292929292928768e-01
5.943611887223774343e-02,2.892748914639823796e-02,1.006393939393939396e+00,4.500099999999999767e+00,4.030303030303030581e-02,2.842424242424242131e-02,2.408030303030303003e+03,4.966666666666667140e+01,1.788257575757575779e+01,3.039985454545454559e+03,1.399839393939393828e+00,-9.085027272727272702e+02,-2.186014848484848699e+03,1.978560606060606020e+01,3.365666666666666806e+00,1.184900000000000064e+00,1.230366666666666561e+03,9.220975757575757825e-01,8.116975757575756845e+00,3.823303030303030203e-01,2.164678787878787869e+00,3.485663636363636186e+00,5.726303030303030450e-01
5.943611887223774343e-02,2.989173878461151221e-02,1.006607070707070672e+00,4.500099999999999767e+00,4.164646464646465374e-02,2.937171717171716684e-02,2.488297979797979679e+03,5.132222222222222285e+01,1.787882828282828385e+01,3.039933636363636197e+03,1.399570707070707076e+00,-9.086384848484848362e+02,-2.186127676767676803e+03,1.978562626262626267e+01,3.365622222222222071e+00,1.184900000000000064e+00,1.230355555555555611e+03,9.220861616161616370e-01,8.116761616161616288e+00,3.823313131313131330e-01,2.164674747474747640e+00,3.485609090909090657e+00,5.726313131313131022e-01
5.943611887223774343e-02,3.085598842282478646e-02,1.006820202020201949e+00,4.500099999999999767e+00,4.298989898989899472e-02,3.031919191919191583e-02,2.568565656565656354e+03,5.297777777777778141e+01,1.787508080808080990e+01,3.039881818181818289e+03,1.399302020202020103e+00,-9.087742424242424022e+02,-2.186240505050505362e+03,1.978564646464646515e+01,3.365577777777777779e+00,1.184900000000000064e+00,1.230344444444444434e+03,9.220747474747474914e-01,8.116547474747473956e+00,3.823323232323232457e-01,2.164670707070706968e+00,3.485554545454545128e+00,5.726323232323232704e-01
5.943611887223774343e-02,3.182023806103806418e-02,1.007033333333333225e+00,4.500099999999999767e+00,4.433333333333333570e-02,3.126666666666666483e-02,2.648833333333333030e+03,5.463333333333333997e+01,1.787133333333333240e+01,3.039829999999999927e+03,1.399033333333333351e+00,-9.089099999999999682e+02,-2.186353333333333467e+03,1.978566666666666762e+01,3.365533333333333488e+00,1.184900000000000064e+00,1.230333333333333258e+03,9.220633333333333459e-01,8.116333333333333400e+00,3.823333333333333028e-01,2.164666666666666739e+00,3.485500000000000043e+00,5.726333333333333275e-01
5.943611887223774343e-02,3.278448769925133843e-02,1.007246464646464501e+00,4.500099999999999767e+00,4.567676767676768362e-02,3.221414141414141036e-02,2.729101010101009706e+03,5.628888888888889142e+01,1.786758585858585846e+01,3.039778181818181565e+03,1.398764646464646377e+00,-9.090457575757575341e+02,-2.186466161616161571e+03,1.978568686868687010e+01,3.365488888888888752e+00,1.184900000000000064e+00,1.230322222222222308e+03,9.220519191919192004e-01,8.116119191919192843e+00,3.823343434343434155e-01,2.164662626262626510e+00,3.485445454545454513e+00,5.726343434343433847e-01
5.943611887223774343e-02,3.374873733746461268e-02,1.007459595959595999e+00,4.500099999999999767e+00,4.702020202020202461e-02,3.316161616161615588e-02,2.809368686868686837e+03,5.794444444444444997e+01,1.786383838383838452e+01,3.039726363636363658e+03,1.398495959595959626e+00,-9.091815151515151001e+02,-2.186578989898990130e+03,1.978570707070706902e+01,3.365444444444444461e+00,1.184900000000000064e+00,1.230311111111111131e+03,9.220405050505050548e-01,8.115905050505050511e+00,3.823353535353535282e-01,2.164658585858585838e+00,3.485390909090908984e+00,5.726353535353535529e-01
5.943611887223774343e-02,3.471298697567788694e-02,1.007672727272727276e+00,4.500099999999999767e+00,4.836363636363637253e-02,3.410909090909090835e-02,2.889636363636363512e+03,5.960000000000000142e+01,1.786009090909091057e+01,3.039674545454545296e+03,1.398227272727272652e+00,-9.093172727272726661e+02,-2.186691818181818235e+03,1.978572727272727150e+01,3.365400000000000169e+00,1.184900000000000064e+00,1.230299999999999955e+03,9.220290909090909093e-01,8.115690909090909955e+00,3.823363636363636409e-01,2.164654545454545609e+00,3.485336363636363455e+00,5.726363636363636100e-01
5.943611887223774343e-02,3.567723661389116119e-02,1.007885858585858552e+00,4.500099999999999767e+00,4.970707070707071351e-02,3.505656565656565388e-02,2.969904040404040188e+03,6.125555555555555998e+01,1.785634343434343307e+01,3.039622727272727388e+03,1.397958585858585900e+00,-9.094530303030302321e+02,-2.186804646464646794e+03,1.978574747474747397e+01,3.365355555555555434e+00,1.184900000000000064e+00,1.230288888888888778e+03,9.220176767676767637e-01,8.115476767676767622e+00,3.823373737373737535e-01,2.164650505050504936e+00,3.485281818181817926e+00,5.726373737373737782e-01
5.943611887223774343e-02,3.664148625210443544e-02,1.008098989898989828e+00,4.500099999999999767e+00,5.105050505050505449e-02,3.600404040404039940e-02,3.050171717171716864e+03,6.291111111111111853e+01,1.785259595959595913e+01,3.039570909090909026e+03,1.397689898989898927e+00,-9.095887878787877980e+02,-2.186917474747474898e+03,1.978576767676767645e+01,3.365311111111111142e+00,1.184900000000000064e+00,1.230277777777777828e+03,9.220062626262626182e-01,8.115262626262627066e+00,3.823383838383838107e-01,2.164646464646464707e+00,3.485227272727272840e+00,5.726383838383838354e-01
5.943611887223774343e-02,3.760573589031770969e-02,1.008312121212121104e+00,4.500099999999999767e+00,5.239393939393940242e-02,3.695151515151514493e-02,3.130439393939393540e+03,6.456666666666667709e+01,1.784884848484848519e+01,3.039519090909090664e+03,1.397421212121212175e+00,-9.097245454545454777e+02,-2.187030303030303003e+03,1.978578787878787892e+01,3.365266666666666850e+00,1.184900000000000064e+00,1.230266666666666652e+03,9.219948484848484727e-01,8.115048484848484733e+00,3.823393939393939234e-01,2.164642424242424479e+00,3.485172727272727311e+00,5.726393939393938926e-01
5.943611887223774343e-02,3.856998552853098394e-02,1.008525252525252380e+00,4.500099999999999767e+00,5.373737373737374340e-02,3.789898989898989740e-02,3.210707070707070670e+03,6.622222222222222854e+01,1.784510101010101124e+01,3.039467272727272757e+03,1.397152525252525201e+00,-9.098603030303030437e+02,-2.187143131313131562e+03,1.978580808080808140e+01,3.365222222222222115e+00,1.184900000000000064e+00,1.230255555555555475e+03,9.219834343434343271e-01,8.114834343434344177e+00,3.823404040404040360e-01,2.164638383838383806e+00,3.485118181818181782e+00,5.726404040404040607e-01
5.943611887223774343e-02,3.953423516674425819e-02,1.008738383838383879e+00,4.500099999999999767e+00,5.508080808080808438e-02,3.884646464646464292e-02,3.290974747474747346e+03,6.787777777777777999e+01,1.784135353535353374e+01,3.039415454545454395e+03,1.396883838383838228e+00,-9.099960606060606096e+02,-2.187255959595959666e+03,1.978582828282828388e+01,3.365177777777777823e+00,1.184900000000000064e+00,1.230244444444444525e+03,9.219720202020201816e-01,8.114620202020201845e+00,3.823414141414141487e-01,2.164634343434343577e+00,3.485063636363636252e+00,5.726414141414141179e-01
5.943611887223774343e-02,4.049848480495753245e-02,1.008951515151515155e+00,4.500099999999999767e+00,5.642424242424243230e-02,3.979393939393938845e-02,3.371242424242424022e+03,6.953333333333333144e+01,1.783760606060605980e+01,3.039363636363636488e+03,1.396615151515151476e+00,-9.101318181818181756e+02,-2.187368787878788225e+03,1.978584848484848280e+01,3.365133333333333532e+00,1.184900000000000064e+00,1.230233333333333348e+03,9.219606060606060360e-01,8.114406060606061288e+00,3.823424242424242614e-01,2.164630303030302905e+00,3.485009090909090723e+00,5.726424242424242861e-01
5.943611887223774343e-02,4.146273444317080670e-02,1.009164646464646431e+00,4.500099999999999767e+00,5.776767676767677329e-02,4.074141414141413398e-02,3.451510101010100698e+03,7.118888888888889710e+01,1.783385858585858585e+01,3.039311818181818126e+03,1.396346464646464502e+00,-9.102675757575757416e+02,-2.187481616161616330e+03,1.978586868686868527e+01,3.365088888888888796e+00,1.184900000000000064e+00,1.230222222222222172e+03,9.219491919191918905e-01,8.114191919191918956e+00,3.823434343434343186e-01,2.164626262626262676e+00,3.484954545454545194e+00,5.726434343434343432e-01
5.943611887223774343e-02,4.242698408138408095e-02,1.009377777777777707e+00,4.500099999999999767e+00,5.911111111111111427e-02,4.168888888888888644e-02,3.531777777777777374e+03,7.284444444444444855e+01,1.783011111111111191e+01,3.039259999999999764e+03,1.396077777777777751e+00,-9.104033333333333076e+02,-2.187594444444444434e+03,1.978588888888888775e+01,3.365044444444444505e+00,1.184900000000000064e+00,1.230211111111110995e+03,9.219377777777777450e-01,8.113977777777778400e+00,3.823444444444444312e-01,2.164622222222222447e+00,3.484900000000000109e+00,5.726444444444444004e-01
5.943611887223774343e-02,4.339123371959735520e-02,1.009590909090908983e+00,4.500099999999999767e+00,6.045454545454546219e-02,4.263636363636363197e-02,3.612045454545454049e+03,7.450000000000000000e+01,1.782636363636363797e+01,3.039208181818181856e+03,1.395809090909090777e+00,-9.105390909090908735e+02,-2.187707272727272994e+03,1.978590909090909022e+01,3.365000000000000213e+00,1.184900000000000064e+00,1.230200000000000045e+03,9.219263636363635994e-01,8.113763636363636067e+00,3.823454545454545439e-01,2.164618181818181775e+00,3.484845454545454579e+00,5.726454545454545686e-01
5.943611887223774343e-02,4.435548335781062945e-02,1.009804040404040260e+00,4.500099999999999767e+00,6.179797979797980317e-02,4.358383838383837749e-02,3.692313131313131180e+03,7.615555555555556566e+01,1.782261616161616047e+01,3.039156363636363494e+03,1.395540404040404026e+00,-9.106748484848484395e+02,-2.187820101010101098e+03,1.978592929292929270e+01,3.364955555555555478e+00,1.184900000000000064e+00,1.230188888888888869e+03,9.219149494949494539e-01,8.113549494949495511e+00,3.823464646464646566e-01,2.164614141414141546e+00,3.484790909090909050e+00,5.726464646464646258e-01
5.943611887223774343e-02,4.531973299602390370e-02,1.010017171717171758e+00,4.500099999999999767e+00,6.314141414141415110e-02,4.453131313131312302e-02,3.772580808080807856e+03,7.781111111111111711e+01,1.781886868686868652e+01,3.039104545454545587e+03,1.395271717171717052e+00,-9.108106060606060055e+02,-2.187932929292929657e+03,1.978594949494949518e+01,3.364911111111111186e+00,1.184900000000000064e+00,1.230177777777777692e+03,9.219035353535353083e-01,8.113335353535353178e+00,3.823474747474747693e-01,2.164610101010100873e+00,3.484736363636363521e+00,5.726474747474747939e-01
5.943611887223774343e-02,4.628398263423717796e-02,1.010230303030303034e+00,4.500099999999999767e+00,6.448484848484849208e-02,4.547878787878787549e-02,3.852848484848484532e+03,7.946666666666666856e+01,1.781512121212121258e+01,3.039052727272727225e+03,1.395003030303030300e+00,-9.109463636363635715e+02,-2.188045757575757762e+03,1.978596969696969765e+01,3.364866666666666895e+00,1.184900000000000064e+00,1.230166666666666742e+03,9.218921212121211628e-01,8.113121212121212622e+00,3.823484848484848264e-01,2.164606060606060645e+00,3.484681818181817992e+00,5.726484848484848511e-01
5.943611887223774343e-02,4.724823227245045221e-02,1.010443434343434310e+00,4.500099999999999767e+00,6.582828282828283306e-02,4.642626262626262101e-02,3.933116161616161207e+03,8.112222222222223422e+01,1.781137373737373863e+01,3.039000909090908863e+03,1.394734343434343327e+00,-9.110821212121211374e+02,-2.188158585858585866e+03,1.978598989898990013e+01,3.364822222222222159e+00,1.184900000000000064e+00,1.230155555555555566e+03,9.218807070707070173e-01,8.112907070707070289e+00,3.823494949494949391e-01,2.164602020202020416e+00,3.484627272727272462e+00,5.726494949494949083e-01
5.943611887223774343e-02,4.821248191066372646e-02,1.010656565656565586e+00,4.500099999999999767e+00,6.717171717171717404e-02,4.737373737373736654e-02,4.013383838383837883e+03,8.277777777777778567e+01,1.780762626262626114e+01,3.038949090909090955e+03,1.394465656565656575e+00,-9.112178787878788171e+02,-2.188271414141414425e+03,1.978601010101009905e+01,3.364777777777777867e+00,1.184900000000000064e+00,1.230144444444444389e+03,9.218692929292929827e-01,8.112692929292929733e+00,3.823505050505050518e-01,2.164597979797979743e+00,3.484572727272727377e+00,5.726505050505050765e-01
5.943611887223774343e-02,4.917673154887700071e-02,1.010869696969696863e+00,4.500099999999999767e+00,6.851515151515152890e-02,4.832121212121211901e-02,4.093651515151515014e+03,8.443333333333333712e+01,1.780387878787878719e+01,3.038897272727272593e+03,1.394196969696969601e+00,-9.113536363636363831e+02,-2.188384242424242530e+03,1.978603030303030152e+01,3.364733333333333132e+00,1.184900000000000064e+00,1.230133333333333212e+03,9.218578787878788372e-01,8.112478787878787401e+00,3.823515151515151644e-01,2.164593939393939515e+00,3.484518181818181848e+00,5.726515151515151336e-01
5.943611887223774343e-02,5.014098118709027496e-02,1.011082828282828139e+00,4.500099999999999767e+00,6.985858585858586989e-02,4.926868686868686453e-02,4.173919191919191690e+03,8.608888888888888857e+01,1.780013131313131325e+01,3.038845454545454231e+03,1.393928282828282850e+00,-9.114893939393939490e+02,-2.188497070707070634e+03,1.978605050505050400e+01,3.364688888888888840e+00,1.184900000000000064e+00,1.230122222222222263e+03,9.218464646464646917e-01,8.112264646464646844e+00,3.823525252525252216e-01,2.164589898989899286e+00,3.484463636363636319e+00,5.726525252525251908e-01
5.943611887223774343e-02,5.110523082530354921e-02,1.011295959595959637e+00,4.500099999999999767e+00,7.120202020202021087e-02,5.021616161616161006e-02,4.254186868686868365e+03,8.774444444444445423e+01,1.779638383838383930e+01,3.038793636363636324e+03,1.393659595959595876e+00,-9.116251515151515150e+02,-2.188609898989899193e+03,1.978607070707070648e+01,3.364644444444444549e+00,1.184900000000000064e+00,1.230111111111111086e+03,9.218350505050505461e-01,8.112050505050504512e+00,3.823535353535353343e-01,2.164585858585858613e+00,3.484409090909090789e+00,5.726535353535353590e-01
5.943611887223774343e-02,5.206948046351683040e-02,1.011509090909090913e+00,4.500099999999999767e+00,7.254545454545455185e-02,5.116363636363635559e-02,4.334454545454545041e+03,8.940000000000000568e+01,1.779263636363636181e+01,3.038741818181817962e+03,1.393390909090909124e+00,-9.117609090909090810e+02,-2.188722727272727298e+03,1.978609090909090895e+01,3.364599999999999813e+00,1.184900000000000064e+00,1.230099999999999909e+03,9.218236363636364006e-01,8.111836363636363956e+00,3.823545454545454469e-01,2.164581818181818385e+00,3.484354545454545260e+00,5.726545454545454161e-01
5.943611887223774343e-02,5.303373010173010466e-02,1.011722222222222189e+00,4.500099999999999767e+00,7.388888888888889284e-02,5.211111111111110805e-02,4.414722222222221717e+03,9.105555555555555713e+01,1.778888888888888786e+01,3.038690000000000055e+03,1.393122222222222151e+00,-9.118966666666666470e+02,-2.188835555555555857e+03,1.978611111111111143e+01,3.364555555555555522e+00,1.184900000000000064e+00,1.230088888888888960e+03,9.218122222222222550e-01,8.111622222222221623e+00,3.823555555555555596e-01,2.164577777777777712e+00,3.484299999999999731e+00,5.726555555555555843e-01
5.943611887223774343e-02,5.399797973994337891e-02,1.011935353535353466e+00,4.500099999999999767e+00,7.523232323232323382e-02,5.305858585858585358e-02,4.494989898989898393e+03,9.271111111111112280e+01,1.778514141414141392e+01,3.038638181818181693e+03,1.392853535353535399e+00,-9.120324242424242129e+02,-2.188948383838383961e+03,1.978613131313131390e+01,3.364511111111111230e+00,1.184900000000000064e+00,1.230077777777777783e+03,9.218008080808081095e-01,8.111408080808081067e+00,3.823565656565656723e-01,2.164573737373737483e+00,3.484245454545454646e+00,5.726565656565656415e-01
5.943611887223774343e-02,5.496222937815665316e-02,1.012148484848484742e+00,4.500099999999999767e+00,7.657575757575758868e-02,5.400606060606059911e-02,4.575257575757575069e+03,9.436666666666667425e+01,1.778139393939393997e+01,3.038586363636363330e+03,1.392584848484848425e+00,-9.121681818181817789e+02,-2.189061212121212066e+03,1.978615151515151638e+01,3.364466666666666494e+00,1.184900000000000064e+00,1.230066666666666606e+03,9.217893939393939640e-01,8.111193939393938734e+00,3.823575757575757295e-01,2.164569696969697254e+00,3.484190909090909116e+00,5.726575757575756986e-01
5.943611887223774343e-02,5.592647901636992741e-02,1.012361616161616018e+00,4.500099999999999767e+00,7.791919191919192966e-02,5.495353535353534463e-02,4.655525252525251744e+03,9.602222222222222570e+01,1.777764646464646603e+01,3.038534545454545423e+03,1.392316161616161674e+00,-9.123039393939393449e+02,-2.189174040404040625e+03,1.978617171717171530e+01,3.364422222222222203e+00,1.184900000000000064e+00,1.230055555555555429e+03,9.217779797979798184e-01,8.110979797979798178e+00,3.823585858585858421e-01,2.164565656565656582e+00,3.484136363636363587e+00,5.726585858585858668e-01
5.943611887223774343e-02,5.689072865458320166e-02,1.012574747474747516e+00,4.500099999999999767e+00,7.926262626262627065e-02,5.590101010101009710e-02,4.735792929292929330e+03,9.767777777777779136e+01,1.777389898989898853e+01,3.038482727272727061e+03,1.392047474747474700e+00,-9.124396969696969109e+02,-2.189286868686868729e+03,1.978619191919191778e+01,3.364377777777777911e+00,1.184900000000000064e+00,1.230044444444444480e+03,9.217665656565656729e-01,8.110765656565655846e+00,3.823595959595959548e-01,2.164561616161616353e+00,3.484081818181818058e+00,5.726595959595959240e-01
5.943611887223774343e-02,5.785497829279647591e-02,1.012787878787878793e+00,4.500099999999999767e+00,8.060606060606061163e-02,5.684848484848484262e-02,4.816060606060606005e+03,9.933333333333334281e+01,1.777015151515151459e+01,3.038430909090909154e+03,1.391778787878787726e+00,-9.125754545454544768e+02,-2.189399696969697288e+03,1.978621212121212025e+01,3.364333333333333176e+00,1.184900000000000064e+00,1.230033333333333303e+03,9.217551515151515273e-01,8.110551515151515289e+00,3.823606060606060675e-01,2.164557575757575680e+00,3.484027272727272528e+00,5.726606060606060922e-01
5.943611887223774343e-02,5.881922793100975017e-02,1.013001010101010069e+00,4.500099999999999767e+00,8.194949494949495261e-02,5.779595959595958815e-02,4.896328282828282681e+03,1.009888888888888943e+02,1.776640404040404064e+01,3.038379090909090792e+03,1.391510101010100975e+00,-9.127112121212121565e+02,-2.189512525252525393e+03,1.978623232323232273e+01,3.364288888888888884e+00,1.184900000000000064e+00,1.230022222222222126e+03,9.217437373737373818e-01,8.110337373737372957e+00,3.823616161616161802e-01,2.164553535353535452e+00,3.483972727272726999e+00,5.726616161616161493e-01
5.943611887223774343e-02,5.978347756922302442e-02,1.013214141414141345e+00,4.500099999999999767e+00,8.329292929292930747e-02,5.874343434343433368e-02,4.976595959595959357e+03,1.026444444444444457e+02,1.776265656565656670e+01,3.038327272727272430e+03,1.391241414141414001e+00,-9.128469696969697225e+02,-2.189625353535353497e+03,1.978625252525252520e+01,3.364244444444444593e+00,1.184900000000000064e+00,1.230011111111111177e+03,9.217323232323232363e-01,8.110123232323232401e+00,3.823626262626262373e-01,2.164549494949495223e+00,3.483918181818181914e+00,5.726626262626262065e-01
5.943611887223774343e-02,6.074772720743629867e-02,1.013427272727272621e+00,4.500099999999999767e+00,8.463636363636364845e-02,5.969090909090908614e-02,5.056863636363636033e+03,1.043000000000000114e+02,1.775890909090908920e+01,3.038275454545454522e+03,1.390972727272727250e+00,-9.129827272727272884e+02,-2.189738181818182056e+03,1.978627272727272768e+01,3.364199999999999857e+00,1.184900000000000064e+00,1.230000000000000000e+03,9.217209090909090907e-01,8.109909090909090068e+00,3.823636363636363500e-01,2.164545454545454550e+00,3.483863636363636385e+00,5.726636363636363747e-01
5.943611887223774343e-02,6.171197684564957292e-02,1.013640404040403897e+00,4.500099999999999767e+00,8.597979797979798944e-02,6.063838383838383167e-02,5.137131313131312709e+03,1.059555555555555628e+02,1.775516161616161526e+01,3.038223636363636160e+03,1.390704040404040276e+00,-9.131184848484848544e+02,-2.189851010101010161e+03,1.978629292929293015e+01,3.364155555555555566e+00,1.184900000000000064e+00,1.229988888888888823e+03,9.217094949494949452e-01,8.109694949494949512e+00,3.823646464646464627e-01,2.164541414141414322e+00,3.483809090909090855e+00,5.726646464646464318e-01
5.943611887223774343e-02,6.267622648386285411e-02,1.013853535353535396e+00,4.500099999999999767e+00,8.732323232323233042e-02,6.158585858585857720e-02,5.217398989898989385e+03,1.076111111111111143e+02,1.775141414141414131e+01,3.038171818181818253e+03,1.390435353535353524e+00,-9.132542424242424204e+02,-2.189963838383838720e+03,1.978631313131312908e+01,3.364111111111111274e+00,1.184900000000000064e+00,1.229977777777777646e+03,9.216980808080807996e-01,8.109480808080807179e+00,3.823656565656565753e-01,2.164537373737373649e+00,3.483754545454545326e+00,5.726656565656566000e-01
5.943611887223774343e-02,6.364047612207612836e-02,1.014066666666666672e+00,4.500099999999999767e+00,8.866666666666667140e-02,6.253333333333332966e-02,5.297666666666666060e+03,1.092666666666666799e+02,1.774766666666666737e+01,3.038119999999999891e+03,1.390166666666666551e+00,-9.133899999999999864e+02,-2.190076666666666824e+03,1.978633333333333155e+01,3.364066666666666539e+00,1.184900000000000064e+00,1.229966666666666697e+03,9.216866666666666541e-01,8.109266666666666623e+00,3.823666666666666880e-01,2.164533333333333420e+00,3.483699999999999797e+00,5.726666666666666572e-01
5.943611887223774343e-02,6.460472576028940261e-02,1.014279797979797948e+00,4.500099999999999767e+00,9.001010101010102626e-02,6.348080808080806825e-02,5.377934343434342736e+03,1.109222222222222314e+02,1.774391919191918987e+01,3.038068181818181529e+03,1.389897979797979799e+00,-9.135257575757575523e+02,-2.190189494949494929e+03,1.978635353535353403e+01,3.364022222222222247e+00,1.184900000000000064e+00,1.229955555555555520e+03,9.216752525252525086e-01,8.109052525252526067e+00,3.823676767676767452e-01,2.164529292929293192e+00,3.483645454545454712e+00,5.726676767676767144e-01
5.943611887223774343e-02,6.556897539850267687e-02,1.014492929292929224e+00,4.500099999999999767e+00,9.135353535353536725e-02,6.442828282828282072e-02,5.458202020202019412e+03,1.125777777777777828e+02,1.774017171717171593e+01,3.038016363636363621e+03,1.389629292929292825e+00,-9.136615151515151183e+02,-2.190302323232323488e+03,1.978637373737373650e+01,3.363977777777777955e+00,1.184900000000000064e+00,1.229944444444444343e+03,9.216638383838383630e-01,8.108838383838383734e+00,3.823686868686868578e-01,2.164525252525252519e+00,3.483590909090909182e+00,5.726686868686868825e-01
5.943611887223774343e-02,6.653322503671595112e-02,1.014706060606060500e+00,4.500099999999999767e+00,9.269696969696970823e-02,6.537575757575757318e-02,5.538469696969696088e+03,1.142333333333333343e+02,1.773642424242424198e+01,3.037964545454545259e+03,1.389360606060606074e+00,-9.137972727272726843e+02,-2.190415151515151592e+03,1.978639393939393898e+01,3.363933333333333220e+00,1.184900000000000064e+00,1.229933333333333394e+03,9.216524242424242175e-01,8.108624242424243178e+00,3.823696969696969705e-01,2.164521212121212290e+00,3.483536363636363653e+00,5.726696969696969397e-01
5.943611887223774343e-02,6.749747467492922537e-02,1.014919191919191777e+00,4.500099999999999767e+00,9.404040404040404921e-02,6.632323232323231177e-02,5.618737373737373673e+03,1.158888888888888999e+02,1.773267676767676804e+01,3.037912727272727352e+03,1.389091919191919100e+00,-9.139330303030302503e+02,-2.190527979797980151e+03,1.978641414141414145e+01,3.363888888888888928e+00,1.184900000000000064e+00,1.229922222222222217e+03,9.216410101010100719e-01,8.108410101010100846e+00,3.823707070707070832e-01,2.164517171717171617e+00,3.483481818181818124e+00,5.726707070707071079e-01
5.943611887223774343e-02,6.846172431314249962e-02,1.015132323232323053e+00,4.500099999999999767e+00,9.538383838383839020e-02,6.727070707070706423e-02,5.699005050505050349e+03,1.175444444444444514e+02,1.772892929292929409e+01,3.037860909090908990e+03,1.388823232323232348e+00,-9.140687878787878162e+02,-2.190640808080808256e+03,1.978643434343434393e+01,3.363844444444444637e+00,1.184900000000000064e+00,1.229911111111111040e+03,9.216295959595959264e-01,8.108195959595960289e+00,3.823717171717171959e-01,2.164513131313131389e+00,3.483427272727272594e+00,5.726717171717171651e-01
5.943611887223774343e-02,6.942597395135577387e-02,1.015345454545454551e+00,4.500099999999999767e+00,9.672727272727274506e-02,6.821818181818181670e-02,5.779272727272727025e+03,1.192000000000000028e+02,1.772518181818181660e+01,3.037809090909090628e+03,1.388554545454545375e+00,-9.142045454545454959e+02,-2.190753636363636360e+03,1.978645454545454641e+01,3.363799999999999901e+00,1.184900000000000064e+00,1.229899999999999864e+03,9.216181818181817809e-01,8.107981818181817957e+00,3.823727272727272530e-01,2.164509090909091160e+00,3.483372727272727065e+00,5.726727272727272222e-01
5.943611887223774343e-02,7.039022358956904812e-02,1.015558585858585827e+00,4.500099999999999767e+00,9.807070707070708604e-02,6.916565656565655529e-02,5.859540404040403700e+03,1.208555555555555685e+02,1.772143434343434265e+01,3.037757272727272721e+03,1.388285858585858623e+00,-9.143403030303030619e+02,-2.190866464646464919e+03,1.978647474747474533e+01,3.363755555555555610e+00,1.184900000000000064e+00,1.229888888888888914e+03,9.216067676767676353e-01,8.107767676767677401e+00,3.823737373737373657e-01,2.164505050505050487e+00,3.483318181818181980e+00,5.726737373737373904e-01
5.943611887223774343e-02,7.135447322778232238e-02,1.015771717171717103e+00,4.500099999999999767e+00,9.941414141414142702e-02,7.011313131313130775e-02,5.939808080808080376e+03,1.225111111111111200e+02,1.771768686868686871e+01,3.037705454545454359e+03,1.388017171717171649e+00,-9.144760606060606278e+02,-2.190979292929293024e+03,1.978649494949494780e+01,3.363711111111111318e+00,1.184900000000000064e+00,1.229877777777777737e+03,9.215953535353534898e-01,8.107553535353535068e+00,3.823747474747474784e-01,2.164501010101010259e+00,3.483263636363636451e+00,5.726747474747474476e-01
5.943611887223774343e-02,7.231872286599559663e-02,1.015984848484848380e+00,4.500099999999999767e+00,1.007575757575757680e-01,7.106060606060604634e-02,6.020075757575757052e+03,1.241666666666666714e+02,1.771393939393939476e+01,3.037653636363636451e+03,1.387748484848484898e+00,-9.146118181818181938e+02,-2.191092121212121583e+03,1.978651515151515028e+01,3.363666666666666583e+00,1.184900000000000064e+00,1.229866666666666561e+03,9.215839393939393442e-01,8.107339393939394512e+00,3.823757575757575911e-01,2.164496969696969586e+00,3.483209090909090921e+00,5.726757575757576157e-01
5.943611887223774343e-02,7.328297250420887088e-02,1.016197979797979656e+00,4.500099999999999767e+00,1.021010101010101090e-01,7.200808080808079881e-02,6.100343434343433728e+03,1.258222222222222371e+02,1.771019191919191726e+01,3.037601818181818089e+03,1.387479797979797924e+00,-9.147475757575757598e+02,-2.191204949494949688e+03,1.978653535353535275e+01,3.363622222222222291e+00,1.184900000000000064e+00,1.229855555555555384e+03,9.215725252525251987e-01,8.107125252525252179e+00,3.823767676767677037e-01,2.164492929292929357e+00,3.483154545454545392e+00,5.726767676767676729e-01
5.943611887223774343e-02,7.424722214242214513e-02,1.016411111111110932e+00,4.500099999999999767e+00,1.034444444444444500e-01,7.295555555555555127e-02,6.180611111111110404e+03,1.274777777777777885e+02,1.770644444444444332e+01,3.037549999999999727e+03,1.387211111111111173e+00,-9.148833333333333258e+02,-2.191317777777777792e+03,1.978655555555555523e+01,3.363577777777778000e+00,1.184900000000000064e+00,1.229844444444444434e+03,9.215611111111110532e-01,8.106911111111111623e+00,3.823777777777777609e-01,2.164488888888889129e+00,3.483099999999999863e+00,5.726777777777777301e-01
5.943611887223774343e-02,7.521147178063541938e-02,1.016624242424242430e+00,4.500099999999999767e+00,1.047878787878788048e-01,7.390303030303028986e-02,6.260878787878787080e+03,1.291333333333333542e+02,1.770269696969696938e+01,3.037498181818181820e+03,1.386942424242424199e+00,-9.150190909090908917e+02,-2.191430606060606351e+03,1.978657575757575771e+01,3.363533333333333264e+00,1.184900000000000064e+00,1.229833333333333258e+03,9.215496969696969076e-01,8.106696969696969290e+00,3.823787878787878736e-01,2.164484848484848456e+00,3.483045454545454334e+00,5.726787878787878983e-01
5.943611887223774343e-02,7.617572141884869363e-02,1.016837373737373706e+00,4.500099999999999767e+00,1.061313131313131458e-01,7.485050505050504233e-02,6.341146464646463755e+03,1.307888888888888914e+02,1.769894949494949543e+01,3.037446363636363458e+03,1.386673737373737447e+00,-9.151548484848484577e+02,-2.191543434343434456e+03,1.978659595959596018e+01,3.363488888888888972e+00,1.184900000000000064e+00,1.229822222222222081e+03,9.215382828282827621e-01,8.106482828282828734e+00,3.823797979797979862e-01,2.164480808080808227e+00,3.482990909090909248e+00,5.726797979797979554e-01
5.943611887223774343e-02,7.713997105706196789e-02,1.017050505050504983e+00,4.500099999999999767e+00,1.074747474747474868e-01,7.579797979797979479e-02,6.421414141414141341e+03,1.324444444444444571e+02,1.769520202020201793e+01,3.037394545454545550e+03,1.386405050505050474e+00,-9.152906060606060237e+02,-2.191656262626263015e+03,1.978661616161615910e+01,3.363444444444444681e+00,1.184900000000000064e+00,1.229811111111111131e+03,9.215268686868686165e-01,8.106268686868686402e+00,3.823808080808080989e-01,2.164476767676767555e+00,3.482936363636363719e+00,5.726808080808081236e-01
5.943611887223774343e-02,7.810422069527524214e-02,1.017263636363636259e+00,4.500099999999999767e+00,1.088181818181818278e-01,7.674545454545453338e-02,6.501681818181818016e+03,1.341000000000000227e+02,1.769145454545454399e+01,3.037342727272727188e+03,1.386136363636363500e+00,-9.154263636363635896e+02,-2.191769090909091119e+03,1.978663636363636158e+01,3.363399999999999945e+00,1.184900000000000064e+00,1.229799999999999955e+03,9.215154545454544710e-01,8.106054545454545845e+00,3.823818181818182116e-01,2.164472727272727326e+00,3.482881818181818190e+00,5.726818181818181808e-01
5.943611887223774343e-02,7.906847033348851639e-02,1.017476767676767535e+00,4.500099999999999767e+00,1.101616161616161688e-01,7.769292929292928584e-02,6.581949494949494692e+03,1.357555555555555600e+02,1.768770707070707005e+01,3.037290909090908826e+03,1.385867676767676748e+00,-9.155621212121211556e+02,-2.191881919191919224e+03,1.978665656565656406e+01,3.363355555555555654e+00,1.184900000000000064e+00,1.229788888888888778e+03,9.215040404040403255e-01,8.105840404040403513e+00,3.823828282828282688e-01,2.164468686868687097e+00,3.482827272727272661e+00,5.726828282828282379e-01
5.943611887223774343e-02,8.003271997170179064e-02,1.017689898989898811e+00,4.500099999999999767e+00,1.115050505050505236e-01,7.864040404040403831e-02,6.662217171717171368e+03,1.374111111111111256e+02,1.768395959595959610e+01,3.037239090909090919e+03,1.385598989898989775e+00,-9.156978787878788353e+02,-2.191994747474747783e+03,1.978667676767676653e+01,3.363311111111110918e+00,1.184900000000000064e+00,1.229777777777777601e+03,9.214926262626262909e-01,8.105626262626262957e+00,3.823838383838383814e-01,2.164464646464646425e+00,3.482772727272727131e+00,5.726838383838384061e-01
5.943611887223774343e-02,8.099696960991506489e-02,1.017903030303030310e+00,4.500099999999999767e+00,1.128484848484848646e-01,7.958787878787877690e-02,6.742484848484848044e+03,1.390666666666666629e+02,1.768021212121211860e+01,3.037187272727272557e+03,1.385330303030303023e+00,-9.158336363636364013e+02,-2.192107575757575887e+03,1.978669696969696901e+01,3.363266666666666627e+00,1.184900000000000064e+00,1.229766666666666652e+03,9.214812121212121454e-01,8.105412121212120624e+00,3.823848484848484941e-01,2.164460606060606196e+00,3.482718181818181602e+00,5.726848484848484633e-01
5.943611887223774343e-02,8.196121924812833914e-02,1.018116161616161586e+00,4.500099999999999767e+00,1.141919191919192056e-01,8.053535353535352936e-02,6.822752525252524720e+03,1.407222222222222285e+02,1.767646464646464466e+01,3.037135454545454195e+03,1.385061616161616049e+00,-9.159693939393939672e+02,-2.192220404040403992e+03,1.978671717171717148e+01,3.363222222222222335e+00,1.184900000000000064e+00,1.229755555555555475e+03,9.214697979797979999e-01,8.105197979797980068e+00,3.823858585858586068e-01,2.164456565656565967e+00,3.482663636363636517e+00,5.726858585858585204e-01
5.943611887223774343e-02,8.292546888634161339e-02,1.018329292929292862e+00,4.500099999999999767e+00,1.155353535353535466e-01,8.148282828282826795e-02,6.903020202020201395e+03,1.423777777777777942e+02,1.767271717171717071e+01,3.037083636363636288e+03,1.384792929292929298e+00,-9.161051515151515332e+02,-2.192333232323232551e+03,1.978673737373737396e+01,3.363177777777777600e+00,1.184900000000000064e+00,1.229744444444444298e+03,9.214583838383838543e-01,8.104983838383837735e+00,3.823868686868687194e-01,2.164452525252525295e+00,3.482609090909090988e+00,5.726868686868686886e-01
5.943611887223774343e-02,8.388971852455488765e-02,1.018542424242424138e+00,4.500099999999999767e+00,1.168787878787878876e-01,8.243030303030302042e-02,6.983287878787878071e+03,1.440333333333333314e+02,1.766896969696969677e+01,3.037031818181817926e+03,1.384524242424242324e+00,-9.162409090909090992e+02,-2.192446060606060655e+03,1.978675757575757643e+01,3.363133333333333308e+00,1.184900000000000064e+00,1.229733333333333348e+03,9.214469696969697088e-01,8.104769696969697179e+00,3.823878787878787766e-01,2.164448484848485066e+00,3.482554545454545458e+00,5.726878787878787458e-01
5.943611887223774343e-02,8.485396816276816190e-02,1.018755555555555414e+00,4.500099999999999767e+00,1.182222222222222285e-01,8.337777777777777288e-02,7.063555555555554747e+03,1.456888888888888971e+02,1.766522222222222283e+01,3.036980000000000018e+03,1.384255555555555572e+00,-9.163766666666666652e+02,-2.192558888888889214e+03,1.978677777777777536e+01,3.363088888888889016e+00,1.184900000000000064e+00,1.229722222222222172e+03,9.214355555555555632e-01,8.104555555555554847e+00,3.823888888888888893e-01,2.164444444444444393e+00,3.482499999999999929e+00,5.726888888888889140e-01
5.943611887223774343e-02,8.581821780098143615e-02,1.018968686868686691e+00,4.500099999999999767e+00,1.195656565656565834e-01,8.432525252525251147e-02,7.143823232323231423e+03,1.473444444444444628e+02,1.766147474747474533e+01,3.036928181818181656e+03,1.383986868686868599e+00,-9.165124242424242311e+02,-2.192671717171717319e+03,1.978679797979797783e+01,3.363044444444444281e+00,1.184900000000000064e+00,1.229711111111110995e+03,9.214241414141414177e-01,8.104341414141414290e+00,3.823898989898990020e-01,2.164440404040404164e+00,3.482445454545454400e+00,5.726898989898989711e-01
5.943611887223774343e-02,8.678246743919471040e-02,1.019181818181818189e+00,4.500099999999999767e+00,1.209090909090909244e-01,8.527272727272726394e-02,7.224090909090908099e+03,1.490000000000000000e+02,1.765772727272727138e+01,3.036876363636363294e+03,1.383718181818181847e+00,-9.166481818181817971e+02,-2.192784545454545423e+03,1.978681818181818031e+01,3.362999999999999989e+00,1.184900000000000064e+00,1.229699999999999818e+03,9.214127272727272722e-01,8.104127272727271958e+00,3.823909090909091146e-01,2.164436363636363936e+00,3.482390909090908870e+00,5.726909090909090283e-01
5.943611887223774343e-02,8.774671707740798465e-02,1.019394949494949465e+00,4.500099999999999767e+00,1.222525252525252654e-01,8.622020202020201640e-02,7.304358585858585684e+03,1.506555555555555657e+02,1.765397979797979744e+01,3.036824545454545387e+03,1.383449494949494873e+00,-9.167839393939393631e+02,-2.192897373737373982e+03,1.978683838383838278e+01,3.362955555555555698e+00,1.184900000000000064e+00,1.229688888888888869e+03,9.214013131313131266e-01,8.103913131313131402e+00,3.823919191919192273e-01,2.164432323232323263e+00,3.482336363636363785e+00,5.726919191919191965e-01
5.943611887223774343e-02,8.871096671562125890e-02,1.019608080808080741e+00,4.500099999999999767e+00,1.235959595959596063e-01,8.716767676767675499e-02,7.384626262626262360e+03,1.523111111111111313e+02,1.765023232323232349e+01,3.036772727272727025e+03,1.383180808080808122e+00,-9.169196969696969290e+02,-2.193010202020202087e+03,1.978685858585858526e+01,3.362911111111110962e+00,1.184900000000000064e+00,1.229677777777777692e+03,9.213898989898989811e-01,8.103698989898989069e+00,3.823929292929292845e-01,2.164428282828283034e+00,3.482281818181818256e+00,5.726929292929292536e-01
5.943611887223774343e-02,8.967521635383453316e-02,1.019821212121212017e+00,4.500099999999999767e+00,1.249393939393939473e-01,8.811515151515150746e-02,7.464893939393939036e+03,1.539666666666666686e+02,1.764648484848484600e+01,3.036720909090909117e+03,1.382912121212121148e+00,-9.170554545454544950e+02,-2.193123030303030646e+03,1.978687878787878773e+01,3.362866666666666671e+00,1.184900000000000064e+00,1.229666666666666515e+03,9.213784848484848355e-01,8.103484848484848513e+00,3.823939393939393971e-01,2.164424242424242362e+00,3.482227272727272727e+00,5.726939393939394218e-01
5.943611887223774343e-02,9.063946599204780741e-02,1.020034343434343294e+00,4.500099999999999767e+00,1.262828282828283022e-01,8.906262626262624604e-02,7.545161616161615711e+03,1.556222222222222342e+02,1.764273737373737205e+01,3.036669090909090755e+03,1.382643434343434397e+00,-9.171912121212121747e+02,-2.193235858585858750e+03,1.978689898989899021e+01,3.362822222222222379e+00,1.184900000000000064e+00,1.229655555555555566e+03,9.213670707070706900e-01,8.103270707070706180e+00,3.823949494949495098e-01,2.164420202020202133e+00,3.482172727272727197e+00,5.726949494949494790e-01
5.943611887223774343e-02,9.160371563026108166e-02,1.020247474747474570e+00,4.500099999999999767e+00,1.276262626262626432e-01,9.001010101010099851e-02,7.625429292929292387e+03,1.572777777777777999e+02,1.763898989898989811e+01,3.036617272727272393e+03,1.382374747474747423e+00,-9.173269696969697407e+02,-2.193348686868686855e+03,1.978691919191919268e+01,3.362777777777777644e+00,1.184900000000000064e+00,1.229644444444444389e+03,9.213556565656565445e-01,8.103056565656565624e+00,3.823959595959596225e-01,2.164416161616161904e+00,3.482118181818181668e+00,5.726959595959595362e-01
5.943611887223774343e-02,9.256796526847435591e-02,1.020460606060606068e+00,4.500099999999999767e+00,1.289696969696969842e-01,9.095757575757575097e-02,7.705696969696969063e+03,1.589333333333333371e+02,1.763524242424242416e+01,3.036565454545454486e+03,1.382106060606060671e+00,-9.174627272727273066e+02,-2.193461515151515414e+03,1.978693939393939161e+01,3.362733333333333352e+00,1.184900000000000064e+00,1.229633333333333212e+03,9.213442424242423989e-01,8.102842424242423292e+00,3.823969696969697352e-01,2.164412121212121232e+00,3.482063636363636139e+00,5.726969696969697043e-01
5.943611887223774343e-02,9.353221490668763016e-02,1.020673737373737344e+00,4.500099999999999767e+00,1.303131313131313251e-01,9.190505050505048956e-02,7.785964646464645739e+03,1.605888888888889028e+02,1.763149494949494667e+01,3.036513636363636124e+03,1.381837373737373698e+00,-9.175984848484848726e+02,-2.193574343434343518e+03,1.978695959595959408e+01,3.362688888888889061e+00,1.184900000000000064e+00,1.229622222222222035e+03,9.213328282828282534e-01,8.102628282828282735e+00,3.823979797979797923e-01,2.164408080808081003e+00,3.482009090909091054e+00,5.726979797979797615e-01
5.943611887223774343e-02,9.449646454490090441e-02,1.020886868686868620e+00,4.500099999999999767e+00,1.316565656565656661e-01,9.285252525252524203e-02,7.866232323232322415e+03,1.622444444444444684e+02,1.762774747474747272e+01,3.036461818181818217e+03,1.381568686868686946e+00,-9.177342424242424386e+02,-2.193687171717172077e+03,1.978697979797979656e+01,3.362644444444444325e+00,1.184900000000000064e+00,1.229611111111111086e+03,9.213214141414141078e-01,8.102414141414140403e+00,3.823989898989899050e-01,2.164404040404040330e+00,3.481954545454545524e+00,5.726989898989899297e-01
5.943611887223774343e-02,9.546071418311417867e-02,1.021099999999999897e+00,4.500099999999999767e+00,1.330000000000000071e-01,9.379999999999999449e-02,7.946500000000000000e+03,1.639000000000000057e+02,1.762399999999999878e+01,3.036409999999999854e+03,1.381299999999999972e+00,-9.178700000000000045e+02,-2.193800000000000182e+03,1.978699999999999903e+01,3.362600000000000033e+00,1.184900000000000064e+00,1.229599999999999909e+03,9.213099999999999623e-01,8.102199999999999847e+00,3.824000000000000177e-01,2.164400000000000102e+00,3.481899999999999995e+00,5.726999999999999869e-01
5.942669006873146226e-02,9.696185871068875584e-02,5.638799999999999955e+02,4.000000000000000000e+01,4.495000000000000107e+00,1.774699999999999944e+00,3.227000000000000000e+03,3.101699999999999818e+03,3.191000000000000086e-02,9.382400000000000091e+02,8.213500000000000315e-03,-5.714829999999999927e+03,-6.103380000000000109e+03,2.007700000000000173e+01,2.258599999999999941e+00,1.225500000000000034e+00,6.901000000000000227e+02,4.048900000000000277e-01,1.681799999999999962e+00,5.437999999999999501e-01,1.816500000000000004e+00,1.402900000000000036e+00,5.242999999999999883e-01
5.939839919316652200e-02,9.846300323826334688e-02,5.638799999999999955e+02,4.000000000000000000e+01,4.495000000000000107e+00,1.774699999999999944e+00,3.227000000000000000e+03,3.101699999999999818e+03,3.191000000000000086e-02,9.382400000000000091e+02,8.213500000000000315e-03,-5.714829999999999927e+03,-6.103380000000000109e+03,2.007700000000000173e+01,2.258599999999999941e+00,1.225500000000000034e+00,6.901000000000000227e+02,4.048900000000000277e-01,1.681799999999999962e+00,5.437999999999999501e-01,1.816500000000000004e+00,1.402900000000000036e+00,5.242999999999999883e-01
5.935123283982571968e-02,9.996414776583792405e-02,5.638799999999999955e+02,4.000000000000000000e+01,4.495000000000000107e+00,1.774699999999999944e+00,3.227000000000000000e+03,3.101699999999999818e+03,3.191000000000000086e-02,9.382400000000000091e+02,8.213500000000000315e-03,-5.714829999999999927e+03,-6.103380000000000109e+03,2.007700000000000173e+01,2.258599999999999941e+00,1.225500000000000034e+00,6.901000000000000227e+02,4.048900000000000277e-01,1.681799999999999962e+00,5.437999999999999501e-01,1.816500000000000004e+00,1.402900000000000036e+00,5.242999999999999883e-01
5.928516863052556846e-02,1.014652922934125151e-01,5.638799999999999955e+02,4.000000000000000000e+01,4.495000000000000107e+00,1.774699999999999944e+00,3.227000000000000000e+03,3.101699999999999818e+03,3.191000000000000086e-02,9.382400000000000091e+02,8.213500000000000315e-03,-5.714829999999999927e+03,-6.103380000000000109e+03,2.007700000000000173e+01,2.258599999999999941e+00,1.225500000000000034e+00,6.901000000000000227e+02,4.048900000000000277e-01,1.681799999999999962e+00,5.437999999999999501e-01,1.816500000000000004e+00,1.402900000000000036e+00,5.242999999999999883e-01
5.920017516142866282e-02,1.029664368209870923e-01,5.638799999999999955e+02,4.000000000000000000e+01,4.495000000000000107e+00,1.774699999999999944e+00,3.227000000000000000e+03,3.101699999999999818e+03,3.191000000000000086e-02,9.382400000000000091e+02,8.213500000000000315e-03,-5.714829999999999927e+03,-6.103380000000000109e+03,2.007700000000000173e+01,2.258599999999999941e+00,1.225500000000000034e+00,6.901000000000000227e+02,4.048900000000000277e-01,1.681799999999999962e+00,5.437999999999999501e-01,1.816500000000000004e+00,1.402900000000000036e+00,5.242999999999999883e-01
5.909621192816785079e-02,1.044675813485616694e-01,5.638799999999999955e+02,4.000000000000000000e+01,4.495000000000000107e+00,1.774699999999999944e+00,3.227000000000000000e+03,3.101699999999999818e+03,3.191000000000000086e-02,9.382400000000000091e+02,8.213500000000000315e-03,-5.714829999999999927e+03,-6.103380000000000109e+03,2.007700000000000173e+01,2.258599999999999941e+00,1.225500000000000034e+00,6.901000000000000227e+02,4.048900000000000277e-01,1.681799999999999962e+00,5.437999999999999501e-01,1.816500000000000004e+00,1.402900000000000036e+00,5.242999999999999883e-01
5.897322922886435309e-02,1.059687258761362605e-01,5.638799999999999955e+02,4.000000000000000000e+01,4.495000000000000107e+00,1.774699999999999944e+00,3.227000000000000000e+03,3.101699999999999818e+03,3.191000000000000086e-02,9.382400000000000091e+02,8.213500000000000315e-03,-5.714829999999999927e+03,-6.103380000000000109e+03,2.007700000000000173e+01,2.258599999999999941e+00,1.225500000000000034e+00,6.901000000000000227e+02,4.048900000000000277e-01,1.681799999999999962e+00,5.437999999999999501e-01,1.816500000000000004e+00,1.402900000000000036e+00,5.242999999999999883e-01
5.883116804449511211e-02,1.074698704037108377e-01,5.638799999999999955e+02,4.000000000000000000e+01,4.495000000000000107e+00,1.774699999999999944e+00,3.227000000000000000e+03,3.101699999999999818e+03,3.191000000000000086e-02,9.382400000000000091e+02,8.213500000000000315e-03,-5.714829999999999927e+03,-6.103380000000000109e+03,2.007700000000000173e+01,2.258599999999999941e+00,1.225500000000000034e+00,6.901000000000000227e+02,4.048900000000000277e-01,1.681799999999999962e+00,5.437999999999999501e-01,1.816500000000000004e+00,1.402900000000000036e+00,5.242999999999999883e-01
5.866995989593263433e-02,1.089710149312854148e-01,5.638799999999999955e+02,4.000000000000000000e+01,4.495000000000000107e+00,1.774699999999999944e+00,3.227000000000000000e+03,3.101699999999999818e+03,3.191000000000000086e-02,9.382400000000000091e+02,8.213500000000000315e-03,-5.714829999999999927e+03,-6.103380000000000109e+03,2.007700000000000173e+01,2.258599999999999941e+00,1.225500000000000034e+00,6.901000000000000227e+02,4.048900000000000277e-01,1.681799999999999962e+00,5.437999999999999501e-01,1.816500000000000004e+00,1.402900000000000036e+00,5.242999999999999883e-01
5.848952667684157586e-02,1.104721594588600059e-01,5.638799999999999955e+02,4.000000000000000000e+01,4.495000000000000107e+00,1.774699999999999944e+00,3.227000000000000000e+03,3.101699999999999818e+03,3.191000000000000086e-02,9.382400000000000091e+02,8.213500000000000315e-03,-5.714829999999999927e+03,-6.103380000000000109e+03,2.007700000000000173e+01,2.258599999999999941e+00,1.225500000000000034e+00,6.901000000000000227e+02,4.048900000000000277e-01,1.681799999999999962e+00,5.437999999999999501e-01,1.816500000000000004e+00,1.402900000000000036e+00,5.242999999999999883e-01
5.828978046146866127e-02,1.119733039864345830e-01,5.638799999999999955e+02,4.000000000000000000e+01,4.495000000000000107e+00,1.774699999999999944e+00,3.227000000000000000e+03,3.101699999999999818e+03,3.191000000000000086e-02,9.382400000000000091e+02,8.213500000000000315e-03,-5.714829999999999927e+03,-6.103380000000000109e+03,2.007700000000000173e+01,2.258599999999999941e+00,1.225500000000000034e+00,6.901000000000000227e+02,4.048900000000000277e-01,1.681799999999999962e+00,5.437999999999999501e-01,1.816500000000000004e+00,1.402900000000000036e+00,5.242999999999999883e-01
5.807062328620476305e-02,1.134744485140091741e-01,5.638799999999999955e+02,4.000000000000000000e+01,4.495000000000000107e+00,1.774699999999999944e+00,3.227000000000000000e+03,3.101699999999999818e+03,3.191000000000000086e-02,9.382400000000000091e+02,8.213500000000000315e-03,-5.714829999999999927e+03,-6.103380000000000109e+03,2.007700000000000173e+01,2.258599999999999941e+00,1.225500000000000034e+00,6.901000000000000227e+02,4.048900000000000277e-01,1.681799999999999962e+00,5.437999999999999501e-01,1.816500000000000004e+00,1.402900000000000036e+00,5.242999999999999883e-01
5.783194690362881279e-02,1.149755930415837513e-01,5.638799999999999955e+02,4.000000000000000000e+01,4.495000000000000107e+00,1.774699999999999944e+00,3.227000000000000000e+03,3.101699999999999818e+03,3.191000000000000086e-02,9.382400000000000091e+02,8.213500000000000315e-03,-5.714829999999999927e+03,-6.103380000000000109e+03,2.007700000000000173e+01,2.258599999999999941e+00,1.225500000000000034e+00,6.901000000000000227e+02,4.048900000000000277e-01,1.681799999999999962e+00,5.437999999999999501e-01,1.816500000000000004e+00,1.402900000000000036e+00,5.242999999999999883e-01
5.757363250755889034e-02,1.164767375691583284e-01,5.638799999999999955e+02,4.000000000000000000e+01,4.495000000000000107e+00,1.774699999999999944e+00,3.227000000000000000e+03,3.101699999999999818e+03,3.191000000000000086e-02,9.382400000000000091e+02,8.213500000000000315e-03,-5.714829999999999927e+03,-6.103380000000000109e+03,2.007700000000000173e+01,2.258599999999999941e+00,1.225500000000000034e+00,6.901000000000000227e+02,4.048900000000000277e-01,1.681799999999999962e+00,5.437999999999999501e-01,1.816500000000000004e+00,1.402900000000000036e+00,5.242999999999999883e-01
5.729555042743681575e-02,1.179778820967329195e-01,5.638799999999999955e+02,4.000000000000000000e+01,4.495000000000000107e+00,1.774699999999999944e+00,3.227000000000000000e+03,3.101699999999999818e+03,3.191000000000000086e-02,9.382400000000000091e+02,8.213500000000000315e-03,-5.714829999999999927e+03,-6.103380000000000109e+03,2.007700000000000173e+01,2.258599999999999941e+00,1.225500000000000034e+00,6.901000000000000227e+02,4.048900000000000277e-01,1.681799999999999962e+00,5.437999999999999501e-01,1.816500000000000004e+00,1.402900000000000036e+00,5.242999999999999883e-01
5.699755979015313362e-02,1.194790266243074967e-01,5.638799999999999955e+02,4.000000000000000000e+01,4.495000000000000107e+00,1.774699999999999944e+00,3.227000000000000000e+03,3.101699999999999818e+03,3.191000000000000086e-02,9.382400000000000091e+02,8.213500000000000315e-03,-5.714829999999999927e+03,-6.103380000000000109e+03,2.007700000000000173e+01,2.258599999999999941e+00,1.225500000000000034e+00,6.901000000000000227e+02,4.048900000000000277e-01,1.681799999999999962e+00,5.437999999999999501e-01,1.816500000000000004e+00,1.402900000000000036e+00,5.242999999999999883e-01
5.667950814717952895e-02,1.209801711518820877e-01,5.638799999999999955e+02,4.000000000000000000e+01,4.495000000000000107e+00,1.774699999999999944e+00,3.227000000000000000e+03,3.101699999999999818e+03,3.191000000000000086e-02,9.382400000000000091e+02,8.213500000000000315e-03,-5.714829999999999927e+03,-6.103380000000000109e+03,2.007700000000000173e+01,2.258599999999999941e+00,1.225500000000000034e+00,6.901000000000000227e+02,4.048900000000000277e-01,1.681799999999999962e+00,5.437999999999999501e-01,1.816500000000000004e+00,1.402900000000000036e+00,5.242999999999999883e-01
5.634123106461009362e-02,1.224813156794566649e-01,5.638799999999999955e+02,4.000000000000000000e+01,4.495000000000000107e+00,1.774699999999999944e+00,3.227000000000000000e+03,3.101699999999999818e+03,3.191000000000000086e-02,9.382400000000000091e+02,8.213500000000000315e-03,-5.714829999999999927e+03,-6.103380000000000109e+03,2.007700000000000173e+01,2.258599999999999941e+00,1.225500000000000034e+00,6.901000000000000227e+02,4.048900000000000277e-01,1.681799999999999962e+00,5.437999999999999501e-01,1.816500000000000004e+00,1.402900000000000036e+00,5.242999999999999883e-01
5.598255167341855548e-02,1.239824602070312420e-01,5.638799999999999955e+02,4.000000000000000000e+01,4.495000000000000107e+00,1.774699999999999944e+00,3.227000000000000000e+03,3.101699999999999818e+03,3.191000000000000086e-02,9.382400000000000091e+02,8.213500000000000315e-03,-5.714829999999999927e+03,-6.103380000000000109e+03,2.007700000000000173e+01,2.258599999999999941e+00,1.225500000000000034e+00,6.901000000000000227e+02,4.048900000000000277e-01,1.681799999999999962e+00,5.437999999999999501e-01,1.816500000000000004e+00,1.402900000000000036e+00,5.242999999999999883e-01
5.560328017691151120e-02,1.254836047346058192e-01,5.638799999999999955e+02,4.000000000000000000e+01,4.495000000000000107e+00,1.774699999999999944e+00,3.227000000000000000e+03,3.101699999999999818e+03,3.191000000000000086e-02,9.382400000000000091e+02,8.213500000000000315e-03,-5.714829999999999927e+03,-6.103380000000000109e+03,2.007700000000000173e+01,2.258599999999999941e+00,1.225500000000000034e+00,6.901000000000000227e+02,4.048900000000000277e-01,1.681799999999999962e+00,5.437999999999999501e-01,1.816500000000000004e+00,1.402900000000000036e+00,5.242999999999999883e-01
5.520321331199188469e-02,1.269847492621803964e-01,5.638799999999999955e+02,4.000000000000000000e+01,4.495000000000000107e+00,1.774699999999999944e+00,3.227000000000000000e+03,3.101699999999999818e+03,3.191000000000000086e-02,9.382400000000000091e+02,8.213500000000000315e-03,-5.714829999999999927e+03,-6.103380000000000109e+03,2.007700000000000173e+01,2.258599999999999941e+00,1.225500000000000034e+00,6.901000000000000227e+02,4.048900000000000277e-01,1.681799999999999962e+00,5.437999999999999501e-01,1.816500000000000004e+00,1.402900000000000036e+00,5.242999999999999883e-01
5.478213376043770261e-02,1.284858937897550013e-01,5.638799999999999955e+02,4.000000000000000000e+01,4.495000000000000107e+00,1.774699999999999944e+00,3.227000000000000000e+03,3.101699999999999818e+03,3.191000000000000086e-02,9.382400000000000091e+02,8.213500000000000315e-03,-5.714829999999999927e+03,-6.103380000000000109e+03,2.007700000000000173e+01,2.258599999999999941e+00,1.225500000000000034e+00,6.901000000000000227e+02,4.048900000000000277e-01,1.681799999999999962e+00,5.437999999999999501e-01,1.816500000000000004e+00,1.402900000000000036e+00,5.242999999999999883e-01
5.433980950594093778e-02,1.299870383173295785e-01,5.638799999999999955e+02,4.000000000000000000e+01,4.495000000000000107e+00,1.774699999999999944e+00,3.227000000000000000e+03,3.101699999999999818e+03,3.191000000000000086e-02,9.382400000000000091e+02,8.213500000000000315e-03,-5.714829999999999927e+03,-6.103380000000000109e+03,2.007700000000000173e+01,2.258599999999999941e+00,1.225500000000000034e+00,6.901000000000000227e+02,4.048900000000000277e-01,1.681799999999999962e+00,5.437999999999999501e-01,1.816500000000000004e+00,1.402900000000000036e+00,5.242999999999999883e-01
5.387599313213286417e-02,1.314881828449041556e-01,5.638799999999999955e+02,4.000000000000000000e+01,4.495000000000000107e+00,1.774699999999999944e+00,3.227000000000000000e+03,3.101699999999999818e+03,3.191000000000000086e-02,9.382400000000000091e+02,8.213500000000000315e-03,-5.714829999999999927e+03,-6.103380000000000109e+03,2.007700000000000173e+01,2.258599999999999941e+00,1.225500000000000034e+00,6.901000000000000227e+02,4.048900000000000277e-01,1.681799999999999962e+00,5.437999999999999501e-01,1.816500000000000004e+00,1.402900000000000036e+00,5.242999999999999883e-01
5.339042105623594686e-02,1.329893273724787606e-01,5.638799999999999955e+02,4.000000000000000000e+01,4.495000000000000107e+00,1.774699999999999944e+00,3.227000000000000000e+03,3.101699999999999818e+03,3.191000000000000086e-02,9.382400000000000091e+02,8.213500000000000315e-03,-5.714829999999999927e+03,-6.103380000000000109e+03,2.007700000000000173e+01,2.258599999999999941e+00,1.225500000000000034e+00,6.901000000000000227e+02,4.048900000000000277e-01,1.681799999999999962e+00,5.437999999999999501e-01,1.816500000000000004e+00,1.402900000000000036e+00,5.242999999999999883e-01
5.288281269231809995e-02,1.344904719000533100e-01,5.638799999999999955e+02,4.000000000000000000e+01,4.495000000000000107e+00,1.774699999999999944e+00,3.227000000000000000e+03,3.101699999999999818e+03,3.191000000000000086e-02,9.382400000000000091e+02,8.213500000000000315e-03,-5.714829999999999927e+03,-6.103380000000000109e+03,2.007700000000000173e+01,2.258599999999999941e+00,1.225500000000000034e+00,6.901000000000000227e+02,4.048900000000000277e-01,1.681799999999999962e+00,5.437999999999999501e-01,1.816500000000000004e+00,1.402900000000000036e+00,5.242999999999999883e-01
5.235286953736931898e-02,1.359916164276279149e-01,5.638799999999999955e+02,4.000000000000000000e+01,4.495000000000000107e+00,1.774699999999999944e+00,3.227000000000000000e+03,3.101699999999999818e+03,3.191000000000000086e-02,9.382400000000000091e+02,8.213500000000000315e-03,-5.714829999999999927e+03,-6.103380000000000109e+03,2.007700000000000173e+01,2.258599999999999941e+00,1.225500000000000034e+00,6.901000000000000227e+02,4.048900000000000277e-01,1.681799999999999962e+00,5.437999999999999501e-01,1.816500000000000004e+00,1.402900000000000036e+00,5.242999999999999883e-01
5.180027417255966132e-02,1.374927609552024921e-01,5.638799999999999955e+02,4.000000000000000000e+01,4.495000000000000107e+00,1.774699999999999944e+00,3.227000000000000000e+03,3.101699999999999818e+03,3.191000000000000086e-02,9.382400000000000091e+02,8.213500000000000315e-03,-5.714829999999999927e+03,-6.103380000000000109e+03,2.007700000000000173e+01,2.258599999999999941e+00,1.225500000000000034e+00,6.901000000000000227e+02,4.048900000000000277e-01,1.681799999999999962e+00,5.437999999999999501e-01,1.816500000000000004e+00,1.402900000000000036e+00,5.242999999999999883e-01
5.122468917105275216e-02,1.389939054827770692e-01,5.638799999999999955e+02,4.000000000000000000e+01,4.495000000000000107e+00,1.774699999999999944e+00,3.227000000000000000e+03,3.101699999999999818e+03,3.191000000000000086e-02,9.382400000000000091e+02,8.213500000000000315e-03,-5.714829999999999927e+03,-6.103380000000000109e+03,2.007700000000000173e+01,2.258599999999999941e+00,1.225500000000000034e+00,6.901000000000000227e+02,4.048900000000000277e-01,1.681799999999999962e+00,5.437999999999999501e-01,1.816500000000000004e+00,1.402900000000000036e+00,5.242999999999999883e-01
5.062575590262011899e-02,1.404950500103516464e-01,5.638799999999999955e+02,4.000000000000000000e+01,4.495000000000000107e+00,1.774699999999999944e+00,3.227000000000000000e+03,3.101699999999999818e+03,3.191000000000000086e-02,9.382400000000000091e+02,8.213500000000000315e-03,-5.714829999999999927e+03,-6.103380000000000109e+03,2.007700000000000173e+01,2.258599999999999941e+00,1.225500000000000034e+00,6.901000000000000227e+02,4.048900000000000277e-01,1.681799999999999962e+00,5.437999999999999501e-01,1.816500000000000004e+00,1.402900000000000036e+00,5.242999999999999883e-01
5.000309322400305762e-02,1.419961945379262236e-01,5.638799999999999955e+02,4.000000000000000000e+01,4.495000000000000107e+00,1.774699999999999944e+00,3.227000000000000000e+03,3.101699999999999818e+03,3.191000000000000086e-02,9.382400000000000091e+02,8.213500000000000315e-03,-5.714829999999999927e+03,-6.103380000000000109e+03,2.007700000000000173e+01,2.258599999999999941e+00,1.225500000000000034e+00,6.901000000000000227e+02,4.048900000000000277e-01,1.681799999999999962e+00,5.437999999999999501e-01,1.816500000000000004e+00,1.402900000000000036e+00,5.242999999999999883e-01
4.935629604247213781e-02,1.434973390655008285e-01,5.638799999999999955e+02,4.000000000000000000e+01,4.495000000000000107e+00,1.774699999999999944e+00,3.227000000000000000e+03,3.101699999999999818e+03,3.191000000000000086e-02,9.382400000000000091e+02,8.213500000000000315e-03,-5.714829999999999927e+03,-6.103380000000000109e+03,2.007700000000000173e+01,2.258599999999999941e+00,1.225500000000000034e+00,6.901000000000000227e+02,4.048900000000000277e-01,1.681799999999999962e+00,5.437999999999999501e-01,1.816500000000000004e+00,1.402900000000000036e+00,5.242999999999999883e-01
4.868493373830187071e-02,1.449984835930754057e-01,5.638799999999999955e+02,4.000000000000000000e+01,4.495000000000000107e+00,1.774699999999999944e+00,3.227000000000000000e+03,3.101699999999999818e+03,3.191000000000000086e-02,9.382400000000000091e+02,8.213500000000000315e-03,-5.714829999999999927e+03,-6.103380000000000109e+03,2.007700000000000173e+01,2.258599999999999941e+00,1.225500000000000034e+00,6.901000000000000227e+02,4.048900000000000277e-01,1.681799999999999962e+00,5.437999999999999501e-01,1.816500000000000004e+00,1.402900000000000036e+00,5.242999999999999883e-01
4.798854842986898656e-02,1.464996281206499829e-01,5.638799999999999955e+02,4.000000000000000000e+01,4.495000000000000107e+00,1.774699999999999944e+00,3.227000000000000000e+03,3.101699999999999818e+03,3.191000000000000086e-02,9.382400000000000091e+02,8.213500000000000315e-03,-5.714829999999999927e+03,-6.103380000000000109e+03,2.007700000000000173e+01,2.258599999999999941e+00,1.225500000000000034e+00,6.901000000000000227e+02,4.048900000000000277e-01,1.681799999999999962e+00,5.437999999999999501e-01,1.816500000000000004e+00,1.402900000000000036e+00,5.242999999999999883e-01
4.726665306274330930e-02,1.480007726482245600e-01,1.021400000000000086e+00,4.425900000000000389e+00,1.360000000000000098e-01,9.539999999999999869e-02,7.818300000000000182e+03,1.666999999999999886e+02,1.761799999999999855e+01,3.036250000000000000e+03,1.380900000000000016e+00,-9.183300000000000409e+02,-2.194190000000000055e+03,1.978699999999999903e+01,3.362299999999999844e+00,1.185000000000000053e+00,1.229599999999999909e+03,9.212799999999999878e-01,8.100899999999999324e+00,3.824000000000000177e-01,2.164400000000000102e+00,3.481700000000000017e+00,5.726999999999999869e-01
4.651872930140833057e-02,1.495019171757991372e-01,1.022199999999999998e+00,4.286900000000000155e+00,1.400000000000000133e-01,9.859999999999999321e-02,7.578100000000000364e+03,1.723000000000000114e+02,1.760500000000000043e+01,3.035929999999999836e+03,1.379999999999999893e+00,-9.192699999999999818e+02,-2.194969999999999800e+03,1.978699999999999903e+01,3.361699999999999910e+00,1.185000000000000053e+00,1.229500000000000000e+03,9.212099999999999733e-01,8.098300000000000054e+00,3.824000000000000177e-01,2.164400000000000102e+00,3.481399999999999828e+00,5.726999999999999869e-01
4.574422519904691037e-02,1.510030617033737421e-01,1.022999999999999909e+00,4.145400000000000418e+00,1.449999999999999900e-01,1.019999999999999934e-01,7.333699999999999818e+03,1.783000000000000114e+02,1.758999999999999986e+01,3.035579999999999927e+03,1.379000000000000004e+00,-9.203200000000000500e+02,-2.195860000000000127e+03,1.978699999999999903e+01,3.361000000000000210e+00,1.185000000000000053e+00,1.229400000000000091e+03,9.211300000000000043e-01,8.095299999999999940e+00,3.824000000000000177e-01,2.164299999999999891e+00,3.480999999999999872e+00,5.726999999999999869e-01
4.494255261706229382e-02,1.525042062309483193e-01,1.024000000000000021e+00,4.001400000000000290e+00,1.499999999999999944e-01,1.058000000000000052e-01,7.085199999999999818e+03,1.848000000000000114e+02,1.757400000000000162e+01,3.035170000000000073e+03,1.377999999999999892e+00,-9.215099999999999909e+02,-2.196869999999999891e+03,1.978699999999999903e+01,3.360199999999999854e+00,1.185000000000000053e+00,1.229299999999999955e+03,9.210399999999999698e-01,8.092000000000000526e+00,3.825000000000000067e-01,2.164299999999999891e+00,3.480599999999999916e+00,5.726999999999999869e-01
4.411308436156056306e-02,1.540053507585228965e-01,1.025099999999999900e+00,3.854999999999999982e+00,1.559999999999999998e-01,1.098999999999999977e-01,6.833000000000000000e+03,1.920000000000000000e+02,1.755499999999999972e+01,3.034710000000000036e+03,1.376700000000000035e+00,-9.228600000000000136e+02,-2.198010000000000218e+03,1.978800000000000026e+01,3.359300000000000175e+00,1.185000000000000053e+00,1.229299999999999955e+03,9.209399999999999809e-01,8.088200000000000500e+00,3.825000000000000067e-01,2.164299999999999891e+00,3.480100000000000193e+00,5.726999999999999869e-01
4.325515099875374553e-02,1.555064952860974736e-01,1.026299999999999990e+00,3.706500000000000128e+00,1.630000000000000060e-01,1.144000000000000017e-01,6.577300000000000182e+03,1.999000000000000057e+02,1.753399999999999892e+01,3.034179999999999836e+03,1.375299999999999967e+00,-9.244099999999999682e+02,-2.199320000000000164e+03,1.978800000000000026e+01,3.358299999999999841e+00,1.185000000000000053e+00,1.229200000000000045e+03,9.208199999999999719e-01,8.083899999999999864e+00,3.825000000000000067e-01,2.164200000000000124e+00,3.479499999999999815e+00,5.726999999999999869e-01
4.236803730497757520e-02,1.570076398136720508e-01,1.027700000000000058e+00,3.556099999999999817e+00,1.700000000000000122e-01,1.194000000000000061e-01,6.318600000000000364e+03,2.085999999999999943e+02,1.750900000000000034e+01,3.033579999999999927e+03,1.373699999999999921e+00,-9.261900000000000546e+02,-2.200820000000000164e+03,1.978800000000000026e+01,3.357099999999999973e+00,1.185100000000000042e+00,1.229000000000000000e+03,9.206900000000000084e-01,8.078900000000000858e+00,3.825999999999999956e-01,2.164200000000000124e+00,3.478800000000000114e+00,5.727999999999999758e-01
4.145097829953239138e-02,1.585087843412466557e-01,1.029400000000000093e+00,3.403799999999999937e+00,1.779999999999999916e-01,1.248999999999999971e-01,6.057199999999999818e+03,2.181999999999999886e+02,1.748100000000000165e+01,3.032880000000000109e+03,1.371799999999999908e+00,-9.282400000000000091e+02,-2.202550000000000182e+03,1.978900000000000148e+01,3.355700000000000127e+00,1.185100000000000042e+00,1.228900000000000091e+03,9.205400000000000249e-01,8.073199999999999932e+00,3.825999999999999956e-01,2.164099999999999913e+00,3.478099999999999969e+00,5.727999999999999758e-01
4.050315479957306702e-02,1.600099288688212329e-01,1.031300000000000106e+00,3.249899999999999789e+00,1.859999999999999987e-01,1.310000000000000053e-01,5.793500000000000000e+03,2.289000000000000057e+02,1.744800000000000040e+01,3.032059999999999945e+03,1.369699999999999918e+00,-9.306299999999999955e+02,-2.204570000000000164e+03,1.978900000000000148e+01,3.354099999999999859e+00,1.185100000000000042e+00,1.228700000000000045e+03,9.203599999999999559e-01,8.066499999999999559e+00,3.826999999999999846e-01,2.164000000000000146e+00,3.477199999999999847e+00,5.727999999999999758e-01
3.952368842544492361e-02,1.615110733963958101e-01,1.033600000000000074e+00,3.094599999999999795e+00,1.960000000000000075e-01,1.378000000000000058e-01,5.528000000000000000e+03,2.409000000000000057e+02,1.741000000000000014e+01,3.031110000000000127e+03,1.367099999999999982e+00,-9.334400000000000546e+02,-2.206929999999999836e+03,1.978999999999999915e+01,3.352300000000000058e+00,1.185200000000000031e+00,1.228500000000000000e+03,9.201500000000000234e-01,8.058699999999999974e+00,3.827999999999999736e-01,2.164000000000000146e+00,3.476199999999999957e+00,5.727999999999999758e-01
3.851163597174494385e-02,1.630122179239704150e-01,1.036299999999999999e+00,2.938200000000000145e+00,2.069999999999999896e-01,1.454999999999999905e-01,5.261100000000000364e+03,2.541999999999999886e+02,1.736499999999999844e+01,3.029980000000000018e+03,1.364100000000000090e+00,-9.367500000000000000e+02,-2.209730000000000018e+03,1.978999999999999915e+01,3.350099999999999856e+00,1.185200000000000031e+00,1.228299999999999955e+03,9.199000000000000510e-01,8.049400000000000333e+00,3.829000000000000181e-01,2.163899999999999935e+00,3.474899999999999878e+00,5.727999999999999758e-01
3.746796283165618885e-02,1.645133624515449644e-01,1.039500000000000091e+00,2.781099999999999905e+00,2.190000000000000002e-01,1.540999999999999870e-01,4.993600000000000364e+03,2.693000000000000114e+02,1.731099999999999994e+01,3.028630000000000109e+03,1.360500000000000043e+00,-9.407000000000000455e+02,-2.213059999999999945e+03,1.979100000000000037e+01,3.347399999999999931e+00,1.185300000000000020e+00,1.228000000000000000e+03,9.195999999999999730e-01,8.038399999999999324e+00,3.830000000000000071e-01,2.163800000000000168e+00,3.473500000000000032e+00,5.728999999999999648e-01
3.641685011750622064e-02,1.660145069791195693e-01,1.043299999999999894e+00,2.627200000000000202e+00,2.330000000000000127e-01,1.635999999999999954e-01,4.732699999999999818e+03,2.860000000000000000e+02,1.724800000000000111e+01,3.027059999999999945e+03,1.356400000000000050e+00,-9.453200000000000500e+02,-2.216960000000000036e+03,1.979200000000000159e+01,3.344399999999999817e+00,1.185300000000000020e+00,1.227700000000000045e+03,9.192599999999999660e-01,8.025499999999999190e+00,3.830999999999999961e-01,2.163600000000000190e+00,3.471799999999999997e+00,5.728999999999999648e-01
3.536573740335623162e-02,1.675156515066941465e-01,1.047800000000000065e+00,2.477799999999999780e+00,2.479999999999999982e-01,1.741000000000000048e-01,4.480199999999999818e+03,3.043000000000000114e+02,1.717500000000000071e+01,3.025210000000000036e+03,1.351499999999999924e+00,-9.507300000000000182e+02,-2.221519999999999982e+03,1.979299999999999926e+01,3.340800000000000214e+00,1.185400000000000009e+00,1.227400000000000091e+03,9.188499999999999446e-01,8.010300000000000864e+00,3.831999999999999851e-01,2.163499999999999979e+00,3.469800000000000217e+00,5.728999999999999648e-01
3.431462468920626341e-02,1.690167960342687237e-01,1.052999999999999936e+00,2.332699999999999996e+00,2.650000000000000133e-01,1.857000000000000040e-01,4.236300000000000182e+03,3.246000000000000227e+02,1.708899999999999864e+01,3.023030000000000200e+03,1.345800000000000107e+00,-9.571200000000000045e+02,-2.226909999999999854e+03,1.979500000000000171e+01,3.336500000000000021e+00,1.185499999999999998e+00,1.226900000000000091e+03,9.183700000000000196e-01,7.992499999999999716e+00,3.834000000000000186e-01,2.163300000000000001e+00,3.467400000000000038e+00,5.729999999999999538e-01
3.326351197505628132e-02,1.705179405618433286e-01,1.059399999999999897e+00,2.191899999999999959e+00,2.829999999999999738e-01,1.986999999999999877e-01,4.001000000000000000e+03,3.471999999999999886e+02,1.698699999999999832e+01,3.020429999999999836e+03,1.338999999999999968e+00,-9.647000000000000455e+02,-2.233309999999999945e+03,1.979599999999999937e+01,3.331500000000000128e+00,1.185599999999999987e+00,1.226400000000000091e+03,9.177999999999999492e-01,7.971300000000000274e+00,3.835999999999999965e-01,2.163100000000000023e+00,3.464599999999999902e+00,5.729999999999999538e-01
3.221239926090630618e-02,1.720190850894178780e-01,1.066999999999999948e+00,2.055600000000000094e+00,3.039999999999999925e-01,2.131000000000000116e-01,3.774500000000000000e+03,3.725000000000000000e+02,1.686599999999999966e+01,3.017320000000000164e+03,1.330999999999999961e+00,-9.737999999999999545e+02,-2.240980000000000018e+03,1.979799999999999827e+01,3.325400000000000134e+00,1.185799999999999965e+00,1.225799999999999955e+03,9.171200000000000463e-01,7.945899999999999963e+00,3.837999999999999745e-01,2.162799999999999834e+00,3.461199999999999832e+00,5.731000000000000538e-01
3.116128654675633797e-02,1.735202296169924829e-01,1.076300000000000034e+00,1.923599999999999977e+00,3.270000000000000129e-01,2.293999999999999928e-01,3.557000000000000000e+03,4.010000000000000000e+02,1.671999999999999886e+01,3.013550000000000182e+03,1.321199999999999930e+00,-9.848099999999999454e+02,-2.250269999999999982e+03,1.980000000000000071e+01,3.318099999999999827e+00,1.185899999999999954e+00,1.225000000000000000e+03,9.162900000000000489e-01,7.915199999999999569e+00,3.840999999999999970e-01,2.162500000000000089e+00,3.457100000000000062e+00,5.732000000000000428e-01
3.011017383260635588e-02,1.750213741445670601e-01,1.087900000000000089e+00,1.796100000000000030e+00,3.539999999999999813e-01,2.479000000000000092e-01,3.348800000000000182e+03,4.333000000000000114e+02,1.654200000000000159e+01,3.008909999999999854e+03,1.309399999999999897e+00,-9.983099999999999454e+02,-2.261650000000000091e+03,1.980300000000000082e+01,3.309099999999999930e+00,1.186099999999999932e+00,1.224099999999999909e+03,9.152700000000000280e-01,7.877500000000000391e+00,3.845000000000000084e-01,2.162100000000000133e+00,3.452100000000000168e+00,5.732000000000000428e-01
2.905906111845638073e-02,1.765225186721416373e-01,1.102400000000000047e+00,1.672800000000000065e+00,3.850000000000000089e-01,2.691999999999999948e-01,3.150000000000000000e+03,4.705000000000000000e+02,1.632300000000000040e+01,3.003139999999999873e+03,1.294799999999999951e+00,-1.015110000000000014e+03,-2.275809999999999945e+03,1.980600000000000094e+01,3.298000000000000043e+00,1.186399999999999899e+00,1.223000000000000000e+03,9.140000000000000346e-01,7.830599999999999561e+00,3.849000000000000199e-01,2.161599999999999966e+00,3.445800000000000196e+00,5.734000000000000208e-01
2.802453494664356934e-02,1.780236631997162144e-01,1.120900000000000007e+00,1.555900000000000061e+00,4.199999999999999845e-01,2.934999999999999831e-01,2.964099999999999909e+03,5.130000000000000000e+02,1.605499999999999972e+01,2.995940000000000055e+03,1.276799999999999935e+00,-1.036009999999999991e+03,-2.293420000000000073e+03,1.980999999999999872e+01,3.284100000000000019e+00,1.186700000000000088e+00,1.221599999999999909e+03,9.124100000000000543e-01,7.772300000000000431e+00,3.855000000000000093e-01,2.161000000000000032e+00,3.438099999999999934e+00,5.735000000000000098e-01
2.709123611189549752e-02,1.795248077272907916e-01,1.142500000000000071e+00,1.453999999999999959e+00,4.570000000000000173e-01,3.191999999999999837e-01,2.805000000000000000e+03,5.578999999999999773e+02,1.575000000000000000e+01,2.987630000000000109e+03,1.256399999999999961e+00,-1.060039999999999964e+03,-2.313670000000000073e+03,1.981500000000000128e+01,3.268200000000000216e+00,1.187100000000000044e+00,1.219900000000000091e+03,9.105799999999999450e-01,7.705300000000000260e+00,3.861999999999999877e-01,2.160299999999999887e+00,3.429100000000000037e+00,5.736999999999999877e-01
2.626223075317539110e-02,1.810259522548653965e-01,1.167599999999999971e+00,1.366300000000000070e+00,4.959999999999999964e-01,3.458999999999999853e-01,2.671000000000000000e+03,6.046000000000000227e+02,1.541200000000000081e+01,2.978219999999999800e+03,1.233600000000000030e+00,-1.087200000000000045e+03,-2.336539999999999964e+03,1.982000000000000028e+01,3.250300000000000189e+00,1.187500000000000000e+00,1.218000000000000000e+03,9.085100000000000398e-01,7.629599999999999937e+00,3.870000000000000107e-01,2.159499999999999975e+00,3.418899999999999828e+00,5.737999999999999767e-01
2.552905219585015553e-02,1.825270967824399737e-01,1.196499999999999897e+00,1.291099999999999914e+00,5.370000000000000329e-01,3.736999999999999766e-01,2.558599999999999909e+03,6.531000000000000227e+02,1.503999999999999915e+01,2.967599999999999909e+03,1.208499999999999908e+00,-1.117710000000000036e+03,-2.362230000000000018e+03,1.982600000000000051e+01,3.230199999999999960e+00,1.187999999999999945e+00,1.215900000000000091e+03,9.061599999999999655e-01,7.544599999999999973e+00,3.880000000000000115e-01,2.158599999999999852e+00,3.407399999999999984e+00,5.739999999999999547e-01
2.488496219153388950e-02,1.840282413100145509e-01,1.229899999999999993e+00,1.226799999999999891e+00,5.799999999999999600e-01,4.025000000000000244e-01,2.464900000000000091e+03,7.035000000000000000e+02,1.463199999999999967e+01,2.955670000000000073e+03,1.180800000000000072e+00,-1.151869999999999891e+03,-2.390969999999999800e+03,1.983299999999999841e+01,3.207699999999999996e+00,1.188600000000000101e+00,1.213599999999999909e+03,9.035300000000000553e-01,7.449699999999999989e+00,3.890000000000000124e-01,2.157500000000000195e+00,3.394499999999999851e+00,5.743000000000000327e-01
2.432455446877168637e-02,1.855293858375891280e-01,1.268299999999999983e+00,1.172099999999999920e+00,6.239999999999999991e-01,4.323000000000000176e-01,2.387599999999999909e+03,7.556000000000000227e+02,1.418900000000000006e+01,2.942329999999999927e+03,1.150700000000000056e+00,-1.189859999999999900e+03,-2.422929999999999836e+03,1.983999999999999986e+01,3.182799999999999851e+00,1.189200000000000035e+00,1.211000000000000000e+03,9.005900000000000016e-01,7.344199999999999839e+00,3.902999999999999803e-01,2.156400000000000095e+00,3.380199999999999871e+00,5.745000000000000107e-01
2.384347644086551310e-02,1.870305303651637052e-01,1.312400000000000011e+00,1.126200000000000090e+00,6.700000000000000400e-01,4.630000000000000226e-01,2.324699999999999818e+03,8.092999999999999545e+02,1.371199999999999974e+01,2.927500000000000000e+03,1.118100000000000094e+00,-1.231890000000000100e+03,-2.458260000000000218e+03,1.984799999999999898e+01,3.155400000000000205e+00,1.189999999999999947e+00,1.208000000000000000e+03,8.973100000000000520e-01,7.227800000000000225e+00,3.916999999999999926e-01,2.155100000000000016e+00,3.364199999999999857e+00,5.747999999999999776e-01
2.343822990999230860e-02,1.885316748927383101e-01,1.362999999999999989e+00,1.088300000000000045e+00,7.179999999999999716e-01,4.945999999999999841e-01,2.274500000000000000e+03,8.645000000000000000e+02,1.320299999999999940e+01,2.911099999999999909e+03,1.083099999999999952e+00,-1.278119999999999891e+03,-2.497099999999999909e+03,1.985600000000000165e+01,3.125399999999999956e+00,1.190800000000000081e+00,1.204799999999999955e+03,8.936800000000000299e-01,7.100200000000000067e+00,3.934000000000000274e-01,2.153599999999999959e+00,3.346499999999999808e+00,5.750999999999999446e-01
2.310602637155517031e-02,1.900328194203128873e-01,1.421000000000000041e+00,1.057700000000000085e+00,7.670000000000000151e-01,5.271000000000000130e-01,2.235599999999999909e+03,9.212999999999999545e+02,1.266399999999999970e+01,2.893000000000000000e+03,1.045900000000000052e+00,-1.328789999999999964e+03,-2.539630000000000109e+03,1.986499999999999844e+01,3.092699999999999783e+00,1.191699999999999982e+00,1.201200000000000045e+03,8.896699999999999608e-01,6.960700000000000109e+00,3.952999999999999847e-01,2.152000000000000135e+00,3.327100000000000168e+00,5.754000000000000226e-01
2.284468127673327381e-02,1.915339639478874645e-01,1.487500000000000044e+00,1.033900000000000041e+00,8.179999999999999494e-01,5.603000000000000203e-01,2.206699999999999818e+03,9.792999999999999545e+02,1.209800000000000075e+01,2.873159999999999854e+03,1.006499999999999950e+00,-1.383950000000000045e+03,-2.585909999999999854e+03,1.987500000000000000e+01,3.057300000000000129e+00,1.192700000000000093e+00,1.197299999999999955e+03,8.852700000000000014e-01,6.809599999999999653e+00,3.975000000000000200e-01,2.150199999999999889e+00,3.305800000000000072e+00,5.757999999999999785e-01
2.265253700742144577e-02,1.930351084754620417e-01,1.563600000000000101e+00,1.016499999999999959e+00,8.699999999999999956e-01,5.941999999999999504e-01,2.186599999999999909e+03,1.038500000000000000e+03,1.150900000000000034e+01,2.851500000000000000e+03,9.652799999999999159e-01,-1.443700000000000045e+03,-2.635969999999999800e+03,1.988500000000000156e+01,3.019299999999999873e+00,1.193899999999999961e+00,1.193099999999999909e+03,8.804499999999999549e-01,6.646899999999999586e+00,3.998999999999999777e-01,2.148200000000000109e+00,3.282599999999999962e+00,5.762000000000000455e-01
2.252840777118148008e-02,1.945362530030366188e-01,1.650700000000000056e+00,1.005400000000000071e+00,9.240000000000000435e-01,6.286000000000000476e-01,2.174300000000000182e+03,1.098700000000000045e+03,1.090199999999999925e+01,2.827989999999999782e+03,9.224800000000000777e-01,-1.508009999999999991e+03,-2.689809999999999945e+03,1.989600000000000080e+01,2.978899999999999881e+00,1.195200000000000040e+00,1.188500000000000000e+03,8.752199999999999980e-01,6.472900000000000098e+00,4.027999999999999914e-01,2.145999999999999908e+00,3.257499999999999840e+00,5.766000000000000014e-01
2.247154192325304112e-02,1.960373975306112238e-01,1.750599999999999934e+00,1.000399999999999956e+00,9.799999999999999822e-01,6.636999999999999567e-01,2.169000000000000000e+03,1.159900000000000091e+03,1.027999999999999936e+01,2.802489999999999782e+03,8.782500000000000862e-01,-1.577119999999999891e+03,-2.747599999999999909e+03,1.990800000000000125e+01,2.935900000000000176e+00,1.196600000000000108e+00,1.183500000000000000e+03,8.695399999999999796e-01,6.287600000000000300e+00,4.060000000000000275e-01,2.143600000000000172e+00,3.230199999999999960e+00,5.769999999999999574e-01
2.246745472349578887e-02,1.965622501016006107e-01,1.789099999999999913e+00,1.000000000000000000e+00,1.000000000000000000e+00,6.761000000000000343e-01,2.168699999999999818e+03,1.181599999999999909e+03,1.005799999999999983e+01,2.793050000000000182e+03,8.624300000000000299e-01,-1.602539999999999964e+03,-2.768840000000000146e+03,1.991199999999999903e+01,2.920300000000000118e+00,1.197100000000000053e+00,1.181599999999999909e+03,8.674300000000000344e-01,6.219899999999999984e+00,4.072999999999999954e-01,2.142599999999999838e+00,3.220200000000000173e+00,5.772000000000000464e-01
2.249778640634290949e-02,1.975385420581858009e-01,1.903200000000000003e+00,1.002699999999999925e+00,1.054999999999999938e+00,7.099999999999999645e-01,2.171199999999999818e+03,1.240900000000000091e+03,9.455299999999999372e+00,2.766210000000000036e+03,8.190400000000001013e-01,-1.674299999999999955e+03,-2.828739999999999782e+03,1.992299999999999827e+01,2.876599999999999824e+00,1.198700000000000099e+00,1.176400000000000091e+03,8.614399999999999835e-01,6.030300000000000438e+00,4.108999999999999875e-01,2.140000000000000124e+00,3.191600000000000215e+00,5.776000000000000023e-01
2.266381007498771347e-02,1.990396865857603781e-01,2.110899999999999999e+00,1.017600000000000060e+00,1.141999999999999904e+00,7.627000000000000446e-01,2.184199999999999818e+03,1.333000000000000000e+03,8.525000000000000355e+00,2.721280000000000200e+03,7.513100000000000334e-01,-1.792839999999999918e+03,-2.927519999999999982e+03,1.994000000000000128e+01,2.806000000000000050e+00,1.201400000000000023e+00,1.167500000000000000e+03,8.513800000000000257e-01,5.722500000000000142e+00,4.174999999999999822e-01,2.135600000000000165e+00,3.143899999999999917e+00,5.783000000000000362e-01
2.297901370174709051e-02,2.005408311133349553e-01,2.367599999999999927e+00,1.046100000000000030e+00,1.231999999999999984e+00,8.162000000000000366e-01,2.206699999999999818e+03,1.426500000000000000e+03,7.600699999999999790e+00,2.671510000000000218e+03,6.829500000000000570e-01,-1.921809999999999945e+03,-3.034739999999999782e+03,1.995799999999999841e+01,2.731899999999999995e+00,1.204399999999999915e+00,1.157799999999999955e+03,8.401899999999999924e-01,5.396499999999999631e+00,4.253000000000000114e-01,2.130500000000000060e+00,3.091200000000000170e+00,5.790999999999999481e-01
2.345296337086703875e-02,2.020419756409095324e-01,2.687800000000000189e+00,1.089699999999999891e+00,1.326000000000000068e+00,8.703999999999999515e-01,2.237099999999999909e+03,1.521200000000000045e+03,6.695199999999999818e+00,2.616550000000000182e+03,6.147599999999999731e-01,-2.061480000000000018e+03,-3.150550000000000182e+03,1.997599999999999909e+01,2.654999999999999805e+00,1.207799999999999985e+00,1.146900000000000091e+03,8.277999999999999803e-01,5.055799999999999628e+00,4.346999999999999753e-01,2.124699999999999811e+00,3.033199999999999896e+00,5.798999999999999710e-01
2.410166594245675281e-02,2.035431201684841374e-01,3.091699999999999893e+00,1.150800000000000045e+00,1.425000000000000044e+00,9.253000000000000114e-01,2.274500000000000000e+03,1.617200000000000045e+03,5.820599999999999774e+00,2.556030000000000200e+03,5.475799999999999557e-01,-2.212110000000000127e+03,-3.275059999999999945e+03,1.999299999999999855e+01,2.576600000000000001e+00,1.211600000000000010e+00,1.134900000000000091e+03,8.140899999999999803e-01,4.704900000000000304e+00,4.457999999999999741e-01,2.118100000000000094e+00,2.969599999999999795e+00,5.806999999999999940e-01
2.495077541337833299e-02,2.050442646960587145e-01,3.611000000000000210e+00,1.233300000000000063e+00,1.528999999999999915e+00,9.811999999999999611e-01,2.318000000000000000e+03,1.714900000000000091e+03,4.983500000000000263e+00,2.489150000000000091e+03,4.818299999999999805e-01,-2.374909999999999854e+03,-3.409199999999999818e+03,2.001000000000000156e+01,2.497799999999999798e+00,1.215899999999999981e+00,1.121400000000000091e+03,7.988600000000000145e-01,4.347699999999999676e+00,4.588999999999999746e-01,2.110500000000000043e+00,2.899599999999999955e+00,5.815000000000000169e-01
2.594606576296400874e-02,2.065454092236332917e-01,4.233399999999999608e+00,1.333599999999999897e+00,1.631999999999999895e+00,1.033900000000000041e+00,2.363300000000000182e+03,1.807000000000000000e+03,4.250700000000000145e+00,2.421000000000000000e+03,4.228500000000000592e-01,-2.537090000000000146e+03,-3.542340000000000146e+03,2.002400000000000091e+01,2.425699999999999967e+00,1.220199999999999951e+00,1.107500000000000000e+03,7.832599999999999563e-01,4.017199999999999882e+00,4.729999999999999760e-01,2.102399999999999824e+00,2.828599999999999781e+00,5.822000000000000508e-01
2.681488318754756198e-02,2.080465537512078689e-01,4.799100000000000144e+00,1.424400000000000110e+00,1.709999999999999964e+00,1.072699999999999987e+00,2.398900000000000091e+03,1.874700000000000045e+03,3.749800000000000022e+00,2.367630000000000109e+03,3.816100000000000048e-01,-2.661730000000000018e+03,-3.644360000000000127e+03,2.003399999999999892e+01,2.375100000000000211e+00,1.223400000000000043e+00,1.096400000000000091e+03,7.709700000000000442e-01,3.781800000000000050e+00,4.842000000000000193e-01,2.095800000000000107e+00,2.773200000000000109e+00,5.826999999999999957e-01
2.758190003650798708e-02,2.095476982787824460e-01,5.320100000000000051e+00,1.507100000000000106e+00,1.772999999999999909e+00,1.102899999999999991e+00,2.427699999999999818e+03,1.927500000000000000e+03,3.382499999999999840e+00,2.324039999999999964e+03,3.508000000000000007e-01,-2.762059999999999945e+03,-3.726280000000000200e+03,2.003999999999999915e+01,2.337400000000000144e+00,1.225999999999999979e+00,1.087299999999999955e+03,7.609000000000000208e-01,3.604499999999999815e+00,4.934000000000000052e-01,2.090300000000000047e+00,2.728000000000000203e+00,5.829999999999999627e-01
2.827623789347558092e-02,2.110488428063570510e-01,5.811200000000000365e+00,1.583900000000000086e+00,1.826000000000000068e+00,1.127599999999999936e+00,2.452099999999999909e+03,1.970799999999999955e+03,3.096699999999999786e+00,2.286949999999999818e+03,3.264500000000000179e-01,-2.846510000000000218e+03,-3.795099999999999909e+03,2.004500000000000171e+01,2.307900000000000063e+00,1.228199999999999958e+00,1.079400000000000091e+03,7.522999999999999687e-01,3.463900000000000201e+00,5.011999999999999789e-01,2.085399999999999920e+00,2.689700000000000202e+00,5.833000000000000407e-01
2.891532062288151156e-02,2.125499873339316004e-01,6.280599999999999739e+00,1.656300000000000106e+00,1.872000000000000108e+00,1.148700000000000054e+00,2.473300000000000182e+03,2.007599999999999909e+03,2.865200000000000191e+00,2.254530000000000200e+03,3.064600000000000102e-01,-2.919659999999999854e+03,-3.854610000000000127e+03,2.004899999999999949e+01,2.283900000000000041e+00,1.229999999999999982e+00,1.072400000000000091e+03,7.447500000000000231e-01,3.348599999999999799e+00,5.079000000000000181e-01,2.081100000000000172e+00,2.656200000000000117e+00,5.835000000000000187e-01
2.951055535859336068e-02,2.140511318615062053e-01,6.733399999999999608e+00,1.725200000000000067e+00,1.913000000000000034e+00,1.167000000000000037e+00,2.492000000000000000e+03,2.039599999999999909e+03,2.672600000000000087e+00,2.225639999999999873e+03,2.896000000000000241e-01,-2.984320000000000164e+03,-3.907150000000000091e+03,2.005300000000000082e+01,2.263900000000000023e+00,1.231500000000000039e+00,1.066099999999999909e+03,7.380100000000000549e-01,3.251700000000000035e+00,5.138000000000000345e-01,2.077100000000000168e+00,2.626500000000000057e+00,5.836999999999999966e-01
3.006989287285172924e-02,2.155522763890807825e-01,7.172399999999999665e+00,1.791199999999999903e+00,1.949999999999999956e+00,1.183100000000000041e+00,2.508800000000000182e+03,2.067800000000000182e+03,2.508999999999999897e+00,2.199599999999999909e+03,2.751300000000000412e-01,-3.042260000000000218e+03,-3.954179999999999836e+03,2.005499999999999972e+01,2.246999999999999886e+00,1.232900000000000107e+00,1.060299999999999955e+03,7.319200000000000150e-01,3.168699999999999850e+00,5.190000000000000169e-01,2.073500000000000121e+00,2.599699999999999900e+00,5.837999999999999856e-01
3.059913716397456851e-02,2.170534209166553596e-01,7.600999999999999979e+00,1.854899999999999993e+00,1.983999999999999986e+00,1.197599999999999998e+00,2.524000000000000000e+03,2.093099999999999909e+03,2.367500000000000160e+00,2.175800000000000182e+03,2.624900000000000011e-01,-3.094909999999999854e+03,-3.996849999999999909e+03,2.005699999999999861e+01,2.232499999999999929e+00,1.234099999999999975e+00,1.055000000000000000e+03,7.263300000000000312e-01,3.096600000000000019e+00,5.235999999999999543e-01,2.070199999999999818e+00,2.575200000000000156e+00,5.838999999999999746e-01
3.110267872322459992e-02,2.185545654442299646e-01,8.020699999999999719e+00,1.916400000000000103e+00,2.015000000000000124e+00,1.210700000000000109e+00,2.537900000000000091e+03,2.116000000000000000e+03,2.243599999999999817e+00,2.153880000000000109e+03,2.513000000000000234e-01,-3.143139999999999873e+03,-4.035920000000000073e+03,2.005900000000000105e+01,2.219800000000000217e+00,1.235100000000000087e+00,1.050099999999999909e+03,7.211800000000000432e-01,3.033100000000000129e+00,5.278000000000000469e-01,2.067000000000000171e+00,2.552700000000000191e+00,5.839999999999999636e-01
3.158393412757039276e-02,2.200557099718045140e-01,8.432900000000000063e+00,1.976199999999999957e+00,2.044000000000000039e+00,1.222699999999999898e+00,2.550699999999999818e+03,2.136900000000000091e+03,2.133900000000000130e+00,2.133559999999999945e+03,2.413199999999999790e-01,-3.187670000000000073e+03,-4.071960000000000036e+03,2.006099999999999994e+01,2.208600000000000119e+00,1.236099999999999977e+00,1.045500000000000000e+03,7.163899999999999713e-01,2.976700000000000124e+00,5.314999999999999725e-01,2.064099999999999824e+00,2.531899999999999817e+00,5.839999999999999636e-01
3.204562407196412388e-02,2.215568544993791189e-01,8.839000000000000412e+00,2.034400000000000208e+00,2.071000000000000174e+00,1.233700000000000019e+00,2.562699999999999818e+03,2.156199999999999818e+03,2.035899999999999821e+00,2.114599999999999909e+03,2.323100000000000165e-01,-3.229070000000000164e+03,-4.105439999999999600e+03,2.006200000000000117e+01,2.198700000000000099e+00,1.237000000000000099e+00,1.041200000000000045e+03,7.119199999999999973e-01,2.926200000000000134e+00,5.349000000000000421e-01,2.061300000000000132e+00,2.512399999999999967e+00,5.840999999999999526e-01
3.248995698084887473e-02,2.230579990269537238e-01,9.239000000000000767e+00,2.091200000000000170e+00,2.096000000000000085e+00,1.243900000000000006e+00,2.573800000000000182e+03,2.174099999999999909e+03,1.947799999999999976e+00,2.096840000000000146e+03,2.241499999999999881e-01,-3.267690000000000055e+03,-4.136649999999999636e+03,2.006299999999999883e+01,2.189900000000000180e+00,1.237800000000000011e+00,1.037099999999999909e+03,7.077200000000000157e-01,2.880599999999999827e+00,5.380000000000000338e-01,2.058600000000000207e+00,2.494299999999999962e+00,5.840999999999999526e-01
3.291875466227463243e-02,2.245591435545282732e-01,9.634199999999999875e+00,2.146700000000000053e+00,2.120000000000000107e+00,1.253400000000000070e+00,2.584099999999999909e+03,2.190699999999999818e+03,1.867899999999999894e+00,2.080130000000000109e+03,2.166900000000000215e-01,-3.303940000000000055e+03,-4.165930000000000291e+03,2.006400000000000006e+01,2.181999999999999940e+00,1.238499999999999934e+00,1.033200000000000045e+03,7.037600000000000522e-01,2.839199999999999946e+00,5.407999999999999474e-01,2.056099999999999817e+00,2.477199999999999847e+00,5.840999999999999526e-01
3.333354090991631075e-02,2.260602880821028782e-01,1.002500000000000036e+01,2.201200000000000045e+00,2.142999999999999794e+00,1.262299999999999978e+00,2.593900000000000091e+03,2.206199999999999818e+03,1.794999999999999929e+00,2.064329999999999927e+03,2.098500000000000087e-01,-3.338090000000000146e+03,-4.193500000000000000e+03,2.006500000000000128e+01,2.174799999999999844e+00,1.239200000000000079e+00,1.029599999999999909e+03,7.000100000000000211e-01,2.801400000000000112e+00,5.433999999999999941e-01,2.053700000000000081e+00,2.460999999999999854e+00,5.840999999999999526e-01
3.373560559127350422e-02,2.275614326096774276e-01,1.041200000000000081e+01,2.254599999999999937e+00,2.164000000000000146e+00,1.270699999999999941e+00,2.603199999999999818e+03,2.220800000000000182e+03,1.728299999999999947e+00,2.049360000000000127e+03,2.035299999999999887e-01,-3.370380000000000109e+03,-4.219550000000000182e+03,2.006599999999999895e+01,2.168299999999999894e+00,1.239800000000000013e+00,1.026000000000000000e+03,6.964399999999999480e-01,2.766700000000000159e+00,5.457999999999999519e-01,2.051400000000000112e+00,2.445699999999999985e+00,5.842000000000000526e-01
3.412605203466612114e-02,2.290625771372520325e-01,1.079599999999999937e+01,2.307100000000000151e+00,2.185000000000000053e+00,1.278499999999999970e+00,2.611900000000000091e+03,2.234500000000000000e+03,1.666900000000000048e+00,2.035119999999999891e+03,1.976700000000000124e-01,-3.401010000000000218e+03,-4.244250000000000000e+03,2.006700000000000017e+01,2.162300000000000111e+00,1.240299999999999958e+00,1.022700000000000045e+03,6.930500000000000549e-01,2.734700000000000131e+00,5.480000000000000426e-01,2.049199999999999910e+00,2.431200000000000028e+00,5.842000000000000526e-01
3.450583274516683119e-02,2.305637216648266374e-01,1.117699999999999960e+01,2.358699999999999797e+00,2.205000000000000071e+00,1.286000000000000032e+00,2.620199999999999818e+03,2.247500000000000000e+03,1.610100000000000087e+00,2.021559999999999945e+03,1.922300000000000120e-01,-3.430139999999999873e+03,-4.267720000000000255e+03,2.006700000000000017e+01,2.156899999999999817e+00,1.240899999999999892e+00,1.019500000000000000e+03,6.898199999999999887e-01,2.705099999999999838e+00,5.500000000000000444e-01,2.047000000000000153e+00,2.417300000000000004e+00,5.840999999999999526e-01
3.487577678155098782e-02,2.320648661924011869e-01,1.155499999999999972e+01,2.409600000000000186e+00,2.222999999999999865e+00,1.292999999999999927e+00,2.628099999999999909e+03,2.259900000000000091e+03,1.557399999999999896e+00,2.008599999999999909e+03,1.871500000000000108e-01,-3.457900000000000091e+03,-4.290100000000000364e+03,2.006800000000000139e+01,2.151899999999999924e+00,1.241400000000000059e+00,1.016399999999999977e+03,6.867199999999999971e-01,2.677599999999999980e+00,5.518999999999999462e-01,2.044999999999999929e+00,2.404100000000000126e+00,5.840999999999999526e-01
3.523661105722709908e-02,2.335660107199757918e-01,1.192999999999999972e+01,2.459700000000000220e+00,2.241000000000000103e+00,1.299700000000000077e+00,2.635599999999999909e+03,2.271599999999999909e+03,1.508399999999999963e+00,1.996190000000000055e+03,1.823900000000000243e-01,-3.484429999999999836e+03,-4.311460000000000036e+03,2.006899999999999906e+01,2.147299999999999986e+00,1.241800000000000015e+00,1.013399999999999977e+03,6.837499999999999689e-01,2.651899999999999924e+00,5.535999999999999810e-01,2.043000000000000149e+00,2.391500000000000181e+00,5.840999999999999526e-01
3.558897713628818293e-02,2.350671552475503412e-01,1.230300000000000082e+01,2.509100000000000108e+00,2.258999999999999897e+00,1.306100000000000039e+00,2.642900000000000091e+03,2.282699999999999818e+03,1.462599999999999900e+00,1.984289999999999964e+03,1.779199999999999948e-01,-3.509829999999999927e+03,-4.331909999999999854e+03,2.006899999999999906e+01,2.142999999999999794e+00,1.242199999999999971e+00,1.010600000000000023e+03,6.808999999999999497e-01,2.628000000000000114e+00,5.552000000000000268e-01,2.041100000000000136e+00,2.379399999999999959e+00,5.840999999999999526e-01
3.593344463713607495e-02,2.365682997751249461e-01,1.267399999999999949e+01,2.557900000000000063e+00,2.275999999999999801e+00,1.312200000000000033e+00,2.649800000000000182e+03,2.293400000000000091e+03,1.419799999999999951e+00,1.972859999999999900e+03,1.737100000000000311e-01,-3.534199999999999818e+03,-4.351520000000000437e+03,2.006899999999999906e+01,2.138999999999999790e+00,1.242599999999999927e+00,1.007799999999999955e+03,6.781599999999999850e-01,2.605500000000000149e+00,5.567999999999999616e-01,2.039200000000000124e+00,2.367799999999999905e+00,5.840999999999999526e-01
3.627052204534907121e-02,2.380694443026995510e-01,1.304400000000000048e+01,2.606199999999999850e+00,2.291999999999999815e+00,1.318000000000000060e+00,2.656400000000000091e+03,2.303599999999999909e+03,1.379599999999999937e+00,1.961859999999999900e+03,1.697500000000000120e-01,-3.557599999999999909e+03,-4.370359999999999673e+03,2.007000000000000028e+01,2.135400000000000187e+00,1.243000000000000105e+00,1.005100000000000023e+03,6.755200000000000093e-01,2.584400000000000031e+00,5.582000000000000295e-01,2.037399999999999878e+00,2.356599999999999806e+00,5.839999999999999636e-01
3.660066552275247076e-02,2.395705888302741005e-01,1.341099999999999959e+01,2.653799999999999937e+00,2.306999999999999940e+00,1.323600000000000110e+00,2.662699999999999818e+03,2.313300000000000182e+03,1.341800000000000104e+00,1.951259999999999991e+03,1.659899999999999987e-01,-3.580130000000000109e+03,-4.388470000000000255e+03,2.007000000000000028e+01,2.131899999999999906e+00,1.243400000000000061e+00,1.002500000000000000e+03,6.729699999999999571e-01,2.564499999999999780e+00,5.594999999999999973e-01,2.035699999999999843e+00,2.345800000000000107e+00,5.839999999999999636e-01
3.692428614868070724e-02,2.410717333578487054e-01,1.377699999999999925e+01,2.701000000000000068e+00,2.322999999999999954e+00,1.328999999999999959e+00,2.668900000000000091e+03,2.322699999999999818e+03,1.306200000000000028e+00,1.941029999999999973e+03,1.624400000000000288e-01,-3.601829999999999927e+03,-4.405930000000000291e+03,2.007100000000000151e+01,2.128699999999999815e+00,1.243700000000000028e+00,1.000000000000000000e+03,6.704999999999999849e-01,2.545700000000000074e+00,5.606999999999999762e-01,2.033999999999999808e+00,2.335399999999999920e+00,5.839999999999999636e-01
3.724175592155563180e-02,2.425728778854232548e-01,1.414199999999999946e+01,2.747599999999999820e+00,2.337000000000000188e+00,1.334100000000000064e+00,2.674800000000000182e+03,2.331699999999999818e+03,1.272499999999999964e+00,1.931150000000000091e+03,1.590600000000000069e-01,-3.622769999999999982e+03,-4.422760000000000218e+03,2.007100000000000151e+01,2.125700000000000145e+00,1.243999999999999995e+00,9.976000000000000227e+02,6.681200000000000472e-01,2.527899999999999814e+00,5.617999999999999661e-01,2.032300000000000217e+00,2.325400000000000134e+00,5.838999999999999746e-01
3.755341277070898404e-02,2.440740224129978597e-01,1.450500000000000078e+01,2.793800000000000061e+00,2.351999999999999869e+00,1.339099999999999957e+00,2.680500000000000000e+03,2.340300000000000182e+03,1.240599999999999925e+00,1.921589999999999918e+03,1.558599999999999985e-01,-3.643000000000000000e+03,-4.439029999999999745e+03,2.007100000000000151e+01,2.122900000000000009e+00,1.244299999999999962e+00,9.952000000000000455e+02,6.658199999999999674e-01,2.511099999999999888e+00,5.628999999999999559e-01,2.030699999999999950e+00,2.315700000000000092e+00,5.838999999999999746e-01
